SLF4J: Class path contains multiple SLF4J bindings.
SLF4J: Found binding in [jar:file:/Users/camillamariasantoro/apache-hive-2.3.9-bin/lib/log4j-slf4j-impl-2.6.2.jar!/org/slf4j/impl/StaticLoggerBinder.class]
SLF4J: Found binding in [jar:file:/Users/camillamariasantoro/hadoop-3.4.1/share/hadoop/common/lib/slf4j-reload4j-1.7.36.jar!/org/slf4j/impl/StaticLoggerBinder.class]
SLF4J: See http://www.slf4j.org/codes.html#multiple_bindings for an explanation.
SLF4J: Actual binding is of type [org.apache.logging.slf4j.Log4jLoggerFactory]
WARNING: An illegal reflective access operation has occurred
WARNING: Illegal reflective access by org.apache.hadoop.hive.common.StringInternUtils (file:/Users/camillamariasantoro/apache-hive-2.3.9-bin/lib/hive-common-2.3.9.jar) to field java.net.URI.string
WARNING: Please consider reporting this to the maintainers of org.apache.hadoop.hive.common.StringInternUtils
WARNING: Use --illegal-access=warn to enable warnings of further illegal reflective access operations
WARNING: All illegal access operations will be denied in a future release
Setting default log level to "WARN".
To adjust logging level use sc.setLogLevel(newLevel). For SparkR, use setLogLevel(newLevel).
26/05/12 10:59:49 WARN NativeCodeLoader: Unable to load native-hadoop library for your platform... using builtin-java classes where applicable
26/05/12 10:59:49 WARN HiveConf: HiveConf of name hive.stats.jdbc.timeout does not exist
26/05/12 10:59:49 WARN HiveConf: HiveConf of name hive.stats.retries.wait does not exist
26/05/12 10:59:50 WARN ObjectStore: Failed to get database global_temp, returning NoSuchObjectException
26/05/12 10:59:51 WARN SessionState: METASTORE_FILTER_HOOK will be ignored, since hive.security.authorization.manager is set to instance of HiveAuthorizerFactory.
SLF4J: Class path contains multiple SLF4J bindings.
SLF4J: Found binding in [jar:file:/Users/camillamariasantoro/apache-hive-2.3.9-bin/lib/log4j-slf4j-impl-2.6.2.jar!/org/slf4j/impl/StaticLoggerBinder.class]
SLF4J: Found binding in [jar:file:/Users/camillamariasantoro/hadoop-3.4.1/share/hadoop/common/lib/slf4j-reload4j-1.7.36.jar!/org/slf4j/impl/StaticLoggerBinder.class]
SLF4J: See http://www.slf4j.org/codes.html#multiple_bindings for an explanation.
SLF4J: Actual binding is of type [org.apache.logging.slf4j.Log4jLoggerFactory]
WARNING: An illegal reflective access operation has occurred
WARNING: Illegal reflective access by org.apache.hadoop.hive.common.StringInternUtils (file:/Users/camillamariasantoro/apache-hive-2.3.9-bin/lib/hive-common-2.3.9.jar) to field java.net.URI.string
WARNING: Please consider reporting this to the maintainers of org.apache.hadoop.hive.common.StringInternUtils
WARNING: Use --illegal-access=warn to enable warnings of further illegal reflective access operations
WARNING: All illegal access operations will be denied in a future release
SLF4J: Class path contains multiple SLF4J bindings.
SLF4J: Found binding in [jar:file:/Users/camillamariasantoro/apache-hive-2.3.9-bin/lib/log4j-slf4j-impl-2.6.2.jar!/org/slf4j/impl/StaticLoggerBinder.class]
SLF4J: Found binding in [jar:file:/Users/camillamariasantoro/hadoop-3.4.1/share/hadoop/common/lib/slf4j-reload4j-1.7.36.jar!/org/slf4j/impl/StaticLoggerBinder.class]
SLF4J: See http://www.slf4j.org/codes.html#multiple_bindings for an explanation.
SLF4J: Actual binding is of type [org.apache.logging.slf4j.Log4jLoggerFactory]
WARNING: An illegal reflective access operation has occurred
WARNING: Illegal reflective access by org.apache.hadoop.hive.ql.exec.SerializationUtilities$ArraysAsListSerializer (file:/Users/camillamariasantoro/apache-hive-2.3.9-bin/lib/hive-exec-2.3.9.jar) to field java.util.Arrays$ArrayList.a
WARNING: Please consider reporting this to the maintainers of org.apache.hadoop.hive.ql.exec.SerializationUtilities$ArraysAsListSerializer
WARNING: Use --illegal-access=warn to enable warnings of further illegal reflective access operations
WARNING: All illegal access operations will be denied in a future release
Setting default log level to "WARN".
To adjust logging level use sc.setLogLevel(newLevel). For SparkR, use setLogLevel(newLevel).
26/05/12 11:00:47 WARN NativeCodeLoader: Unable to load native-hadoop library for your platform... using builtin-java classes where applicable
26/05/12 11:00:48 WARN HiveConf: HiveConf of name hive.stats.jdbc.timeout does not exist
26/05/12 11:00:48 WARN HiveConf: HiveConf of name hive.stats.retries.wait does not exist
26/05/12 11:00:49 WARN ObjectStore: Failed to get database global_temp, returning NoSuchObjectException
26/05/12 11:00:50 WARN SessionState: METASTORE_FILTER_HOOK will be ignored, since hive.security.authorization.manager is set to instance of HiveAuthorizerFactory.
26/05/12 11:01:17 INFO SparkContext: Running Spark version 3.5.8
26/05/12 11:01:17 INFO SparkContext: OS info Mac OS X, 26.4.1, aarch64
26/05/12 11:01:17 INFO SparkContext: Java version 11.0.31
26/05/12 11:01:17 WARN NativeCodeLoader: Unable to load native-hadoop library for your platform... using builtin-java classes where applicable
26/05/12 11:01:17 INFO ResourceUtils: ==============================================================
26/05/12 11:01:17 INFO ResourceUtils: No custom resources configured for spark.driver.
26/05/12 11:01:17 INFO ResourceUtils: ==============================================================
26/05/12 11:01:17 INFO SparkContext: Submitted application: Analysis 3.3 - Spark Core
26/05/12 11:01:17 INFO ResourceProfile: Default ResourceProfile created, executor resources: Map(cores -> name: cores, amount: 1, script: , vendor: , memory -> name: memory, amount: 1024, script: , vendor: , offHeap -> name: offHeap, amount: 0, script: , vendor: ), task resources: Map(cpus -> name: cpus, amount: 1.0)
26/05/12 11:01:17 INFO ResourceProfile: Limiting resource is cpu
26/05/12 11:01:17 INFO ResourceProfileManager: Added ResourceProfile id: 0
26/05/12 11:01:17 INFO SecurityManager: Changing view acls to: camillamariasantoro
26/05/12 11:01:17 INFO SecurityManager: Changing modify acls to: camillamariasantoro
26/05/12 11:01:17 INFO SecurityManager: Changing view acls groups to: 
26/05/12 11:01:17 INFO SecurityManager: Changing modify acls groups to: 
26/05/12 11:01:17 INFO SecurityManager: SecurityManager: authentication disabled; ui acls disabled; users with view permissions: camillamariasantoro; groups with view permissions: EMPTY; users with modify permissions: camillamariasantoro; groups with modify permissions: EMPTY
26/05/12 11:01:17 INFO Utils: Successfully started service 'sparkDriver' on port 49970.
26/05/12 11:01:17 INFO SparkEnv: Registering MapOutputTracker
26/05/12 11:01:17 INFO SparkEnv: Registering BlockManagerMaster
26/05/12 11:01:17 INFO BlockManagerMasterEndpoint: Using org.apache.spark.storage.DefaultTopologyMapper for getting topology information
26/05/12 11:01:17 INFO BlockManagerMasterEndpoint: BlockManagerMasterEndpoint up
26/05/12 11:01:17 INFO SparkEnv: Registering BlockManagerMasterHeartbeat
26/05/12 11:01:17 INFO DiskBlockManager: Created local directory at /private/var/folders/0p/sx2q3w3d0n12d_0t4x5g96m80000gn/T/blockmgr-ef8dd0d5-3ec5-4585-8a29-b81f5d1ff325
26/05/12 11:01:17 INFO MemoryStore: MemoryStore started with capacity 434.4 MiB
26/05/12 11:01:17 INFO SparkEnv: Registering OutputCommitCoordinator
26/05/12 11:01:18 INFO JettyUtils: Start Jetty 127.0.0.1:4040 for SparkUI
26/05/12 11:01:18 INFO Utils: Successfully started service 'SparkUI' on port 4040.
26/05/12 11:01:18 INFO Executor: Starting executor ID driver on host localhost
26/05/12 11:01:18 INFO Executor: OS info Mac OS X, 26.4.1, aarch64
26/05/12 11:01:18 INFO Executor: Java version 11.0.31
26/05/12 11:01:18 INFO Executor: Starting executor with user classpath (userClassPathFirst = false): ''
26/05/12 11:01:18 INFO Executor: Created or updated repl class loader org.apache.spark.util.MutableURLClassLoader@31a5c89a for default.
26/05/12 11:01:18 INFO Utils: Successfully started service 'org.apache.spark.network.netty.NettyBlockTransferService' on port 49971.
26/05/12 11:01:18 INFO NettyBlockTransferService: Server created on localhost:49971
26/05/12 11:01:18 INFO BlockManager: Using org.apache.spark.storage.RandomBlockReplicationPolicy for block replication policy
26/05/12 11:01:18 INFO BlockManagerMaster: Registering BlockManager BlockManagerId(driver, localhost, 49971, None)
26/05/12 11:01:18 INFO BlockManagerMasterEndpoint: Registering block manager localhost:49971 with 434.4 MiB RAM, BlockManagerId(driver, localhost, 49971, None)
26/05/12 11:01:18 INFO BlockManagerMaster: Registered BlockManager BlockManagerId(driver, localhost, 49971, None)
26/05/12 11:01:18 INFO BlockManager: Initialized BlockManager: BlockManagerId(driver, localhost, 49971, None)
26/05/12 11:01:18 INFO MemoryStore: Block broadcast_0 stored as values in memory (estimated size 221.5 KiB, free 434.2 MiB)
26/05/12 11:01:18 INFO MemoryStore: Block broadcast_0_piece0 stored as bytes in memory (estimated size 32.9 KiB, free 434.2 MiB)
26/05/12 11:01:18 INFO BlockManagerInfo: Added broadcast_0_piece0 in memory on localhost:49971 (size: 32.9 KiB, free: 434.4 MiB)
26/05/12 11:01:18 INFO SparkContext: Created broadcast 0 from textFile at NativeMethodAccessorImpl.java:0
26/05/12 11:01:18 INFO FileInputFormat: Total input files to process : 1
26/05/12 11:01:18 INFO SparkContext: Starting job: sortBy at /Users/camillamariasantoro/flight-delay-bigdata1/analysis_33/spark_core/spark_core_3_3_.py:81
26/05/12 11:01:18 INFO DAGScheduler: Registering RDD 7 (reduceByKey at /Users/camillamariasantoro/flight-delay-bigdata1/analysis_33/spark_core/spark_core_3_3_.py:50) as input to shuffle 3
26/05/12 11:01:18 INFO DAGScheduler: Registering RDD 3 (reduceByKey at /Users/camillamariasantoro/flight-delay-bigdata1/analysis_33/spark_core/spark_core_3_3_.py:37) as input to shuffle 2
26/05/12 11:01:18 INFO DAGScheduler: Registering RDD 14 (join at /Users/camillamariasantoro/flight-delay-bigdata1/analysis_33/spark_core/spark_core_3_3_.py:58) as input to shuffle 1
26/05/12 11:01:18 INFO DAGScheduler: Registering RDD 18 (groupByKey at /Users/camillamariasantoro/flight-delay-bigdata1/analysis_33/spark_core/spark_core_3_3_.py:78) as input to shuffle 0
26/05/12 11:01:18 INFO DAGScheduler: Got job 0 (sortBy at /Users/camillamariasantoro/flight-delay-bigdata1/analysis_33/spark_core/spark_core_3_3_.py:81) with 24 output partitions
26/05/12 11:01:18 INFO DAGScheduler: Final stage: ResultStage 4 (sortBy at /Users/camillamariasantoro/flight-delay-bigdata1/analysis_33/spark_core/spark_core_3_3_.py:81)
26/05/12 11:01:18 INFO DAGScheduler: Parents of final stage: List(ShuffleMapStage 3)
26/05/12 11:01:18 INFO DAGScheduler: Missing parents: List(ShuffleMapStage 3)
26/05/12 11:01:18 INFO DAGScheduler: Submitting ShuffleMapStage 0 (PairwiseRDD[7] at reduceByKey at /Users/camillamariasantoro/flight-delay-bigdata1/analysis_33/spark_core/spark_core_3_3_.py:50), which has no missing parents
26/05/12 11:01:18 INFO MemoryStore: Block broadcast_1 stored as values in memory (estimated size 16.2 KiB, free 434.1 MiB)
26/05/12 11:01:18 INFO MemoryStore: Block broadcast_1_piece0 stored as bytes in memory (estimated size 9.6 KiB, free 434.1 MiB)
26/05/12 11:01:18 INFO BlockManagerInfo: Added broadcast_1_piece0 in memory on localhost:49971 (size: 9.6 KiB, free: 434.4 MiB)
26/05/12 11:01:18 INFO SparkContext: Created broadcast 1 from broadcast at DAGScheduler.scala:1611
26/05/12 11:01:18 INFO DAGScheduler: Submitting 12 missing tasks from ShuffleMapStage 0 (PairwiseRDD[7] at reduceByKey at /Users/camillamariasantoro/flight-delay-bigdata1/analysis_33/spark_core/spark_core_3_3_.py:50) (first 15 tasks are for partitions Vector(0, 1, 2, 3, 4, 5, 6, 7, 8, 9, 10, 11))
26/05/12 11:01:18 INFO TaskSchedulerImpl: Adding task set 0.0 with 12 tasks resource profile 0
26/05/12 11:01:18 INFO DAGScheduler: Submitting ShuffleMapStage 1 (PairwiseRDD[3] at reduceByKey at /Users/camillamariasantoro/flight-delay-bigdata1/analysis_33/spark_core/spark_core_3_3_.py:37), which has no missing parents
26/05/12 11:01:18 INFO MemoryStore: Block broadcast_2 stored as values in memory (estimated size 16.2 KiB, free 434.1 MiB)
26/05/12 11:01:18 INFO MemoryStore: Block broadcast_2_piece0 stored as bytes in memory (estimated size 9.4 KiB, free 434.1 MiB)
26/05/12 11:01:18 INFO BlockManagerInfo: Added broadcast_2_piece0 in memory on localhost:49971 (size: 9.4 KiB, free: 434.3 MiB)
26/05/12 11:01:18 INFO SparkContext: Created broadcast 2 from broadcast at DAGScheduler.scala:1611
26/05/12 11:01:18 INFO DAGScheduler: Submitting 12 missing tasks from ShuffleMapStage 1 (PairwiseRDD[3] at reduceByKey at /Users/camillamariasantoro/flight-delay-bigdata1/analysis_33/spark_core/spark_core_3_3_.py:37) (first 15 tasks are for partitions Vector(0, 1, 2, 3, 4, 5, 6, 7, 8, 9, 10, 11))
26/05/12 11:01:18 INFO TaskSchedulerImpl: Adding task set 1.0 with 12 tasks resource profile 0
26/05/12 11:01:18 INFO TaskSetManager: Starting task 0.0 in stage 0.0 (TID 0) (localhost, executor driver, partition 0, PROCESS_LOCAL, 9086 bytes) 
26/05/12 11:01:18 INFO TaskSetManager: Starting task 1.0 in stage 0.0 (TID 1) (localhost, executor driver, partition 1, PROCESS_LOCAL, 9086 bytes) 
26/05/12 11:01:18 INFO TaskSetManager: Starting task 2.0 in stage 0.0 (TID 2) (localhost, executor driver, partition 2, PROCESS_LOCAL, 9086 bytes) 
26/05/12 11:01:18 INFO TaskSetManager: Starting task 3.0 in stage 0.0 (TID 3) (localhost, executor driver, partition 3, PROCESS_LOCAL, 9086 bytes) 
26/05/12 11:01:18 INFO TaskSetManager: Starting task 4.0 in stage 0.0 (TID 4) (localhost, executor driver, partition 4, PROCESS_LOCAL, 9086 bytes) 
26/05/12 11:01:18 INFO TaskSetManager: Starting task 5.0 in stage 0.0 (TID 5) (localhost, executor driver, partition 5, PROCESS_LOCAL, 9086 bytes) 
26/05/12 11:01:18 INFO TaskSetManager: Starting task 6.0 in stage 0.0 (TID 6) (localhost, executor driver, partition 6, PROCESS_LOCAL, 9086 bytes) 
26/05/12 11:01:18 INFO TaskSetManager: Starting task 7.0 in stage 0.0 (TID 7) (localhost, executor driver, partition 7, PROCESS_LOCAL, 9086 bytes) 
26/05/12 11:01:18 INFO TaskSetManager: Starting task 8.0 in stage 0.0 (TID 8) (localhost, executor driver, partition 8, PROCESS_LOCAL, 9086 bytes) 
26/05/12 11:01:18 INFO TaskSetManager: Starting task 9.0 in stage 0.0 (TID 9) (localhost, executor driver, partition 9, PROCESS_LOCAL, 9086 bytes) 
26/05/12 11:01:18 INFO TaskSetManager: Starting task 10.0 in stage 0.0 (TID 10) (localhost, executor driver, partition 10, PROCESS_LOCAL, 9086 bytes) 
26/05/12 11:01:18 INFO TaskSetManager: Starting task 11.0 in stage 0.0 (TID 11) (localhost, executor driver, partition 11, PROCESS_LOCAL, 9086 bytes) 
26/05/12 11:01:18 INFO TaskSetManager: Starting task 0.0 in stage 1.0 (TID 12) (localhost, executor driver, partition 0, PROCESS_LOCAL, 9086 bytes) 
26/05/12 11:01:18 INFO TaskSetManager: Starting task 1.0 in stage 1.0 (TID 13) (localhost, executor driver, partition 1, PROCESS_LOCAL, 9086 bytes) 
26/05/12 11:01:18 INFO TaskSetManager: Starting task 2.0 in stage 1.0 (TID 14) (localhost, executor driver, partition 2, PROCESS_LOCAL, 9086 bytes) 
26/05/12 11:01:18 INFO Executor: Running task 10.0 in stage 0.0 (TID 10)
26/05/12 11:01:18 INFO Executor: Running task 8.0 in stage 0.0 (TID 8)
26/05/12 11:01:18 INFO Executor: Running task 11.0 in stage 0.0 (TID 11)
26/05/12 11:01:18 INFO Executor: Running task 2.0 in stage 0.0 (TID 2)
26/05/12 11:01:18 INFO Executor: Running task 5.0 in stage 0.0 (TID 5)
26/05/12 11:01:18 INFO Executor: Running task 4.0 in stage 0.0 (TID 4)
26/05/12 11:01:18 INFO Executor: Running task 0.0 in stage 0.0 (TID 0)
26/05/12 11:01:18 INFO Executor: Running task 1.0 in stage 0.0 (TID 1)
26/05/12 11:01:18 INFO Executor: Running task 0.0 in stage 1.0 (TID 12)
26/05/12 11:01:18 INFO Executor: Running task 1.0 in stage 1.0 (TID 13)
26/05/12 11:01:18 INFO Executor: Running task 3.0 in stage 0.0 (TID 3)
26/05/12 11:01:18 INFO Executor: Running task 6.0 in stage 0.0 (TID 6)
26/05/12 11:01:18 INFO Executor: Running task 7.0 in stage 0.0 (TID 7)
26/05/12 11:01:18 INFO Executor: Running task 9.0 in stage 0.0 (TID 9)
26/05/12 11:01:18 INFO Executor: Running task 2.0 in stage 1.0 (TID 14)
26/05/12 11:01:18 INFO HadoopRDD: Input split: file:/Users/camillamariasantoro/flight-delay-bigdata1/data/cleaned/dataset_100.csv:100663296+33554432
26/05/12 11:01:18 INFO HadoopRDD: Input split: file:/Users/camillamariasantoro/flight-delay-bigdata1/data/cleaned/dataset_100.csv:335544320+33554432
26/05/12 11:01:18 INFO HadoopRDD: Input split: file:/Users/camillamariasantoro/flight-delay-bigdata1/data/cleaned/dataset_100.csv:201326592+33554432
26/05/12 11:01:18 INFO HadoopRDD: Input split: file:/Users/camillamariasantoro/flight-delay-bigdata1/data/cleaned/dataset_100.csv:0+33554432
26/05/12 11:01:18 INFO HadoopRDD: Input split: file:/Users/camillamariasantoro/flight-delay-bigdata1/data/cleaned/dataset_100.csv:234881024+33554432
26/05/12 11:01:18 INFO HadoopRDD: Input split: file:/Users/camillamariasantoro/flight-delay-bigdata1/data/cleaned/dataset_100.csv:167772160+33554432
26/05/12 11:01:18 INFO HadoopRDD: Input split: file:/Users/camillamariasantoro/flight-delay-bigdata1/data/cleaned/dataset_100.csv:33554432+33554432
26/05/12 11:01:18 INFO HadoopRDD: Input split: file:/Users/camillamariasantoro/flight-delay-bigdata1/data/cleaned/dataset_100.csv:369098752+5079601
26/05/12 11:01:18 INFO HadoopRDD: Input split: file:/Users/camillamariasantoro/flight-delay-bigdata1/data/cleaned/dataset_100.csv:0+33554432
26/05/12 11:01:18 INFO HadoopRDD: Input split: file:/Users/camillamariasantoro/flight-delay-bigdata1/data/cleaned/dataset_100.csv:268435456+33554432
26/05/12 11:01:18 INFO HadoopRDD: Input split: file:/Users/camillamariasantoro/flight-delay-bigdata1/data/cleaned/dataset_100.csv:134217728+33554432
26/05/12 11:01:18 INFO HadoopRDD: Input split: file:/Users/camillamariasantoro/flight-delay-bigdata1/data/cleaned/dataset_100.csv:67108864+33554432
26/05/12 11:01:18 INFO HadoopRDD: Input split: file:/Users/camillamariasantoro/flight-delay-bigdata1/data/cleaned/dataset_100.csv:301989888+33554432
26/05/12 11:01:18 INFO HadoopRDD: Input split: file:/Users/camillamariasantoro/flight-delay-bigdata1/data/cleaned/dataset_100.csv:67108864+33554432
26/05/12 11:01:18 INFO HadoopRDD: Input split: file:/Users/camillamariasantoro/flight-delay-bigdata1/data/cleaned/dataset_100.csv:33554432+33554432
/Users/camillamariasantoro/spark-3.5.8-bin-hadoop3/python/lib/pyspark.zip/pyspark/shuffle.py:65: UserWarning: Please install psutil to have better support with spilling
/Users/camillamariasantoro/spark-3.5.8-bin-hadoop3/python/lib/pyspark.zip/pyspark/shuffle.py:65: UserWarning: Please install psutil to have better support with spilling
/Users/camillamariasantoro/spark-3.5.8-bin-hadoop3/python/lib/pyspark.zip/pyspark/shuffle.py:65: UserWarning: Please install psutil to have better support with spilling
/Users/camillamariasantoro/spark-3.5.8-bin-hadoop3/python/lib/pyspark.zip/pyspark/shuffle.py:65: UserWarning: Please install psutil to have better support with spilling
/Users/camillamariasantoro/spark-3.5.8-bin-hadoop3/python/lib/pyspark.zip/pyspark/shuffle.py:65: UserWarning: Please install psutil to have better support with spilling
/Users/camillamariasantoro/spark-3.5.8-bin-hadoop3/python/lib/pyspark.zip/pyspark/shuffle.py:65: UserWarning: Please install psutil to have better support with spilling
/Users/camillamariasantoro/spark-3.5.8-bin-hadoop3/python/lib/pyspark.zip/pyspark/shuffle.py:65: UserWarning: Please install psutil to have better support with spilling
/Users/camillamariasantoro/spark-3.5.8-bin-hadoop3/python/lib/pyspark.zip/pyspark/shuffle.py:65: UserWarning: Please install psutil to have better support with spilling
/Users/camillamariasantoro/spark-3.5.8-bin-hadoop3/python/lib/pyspark.zip/pyspark/shuffle.py:65: UserWarning: Please install psutil to have better support with spilling
/Users/camillamariasantoro/spark-3.5.8-bin-hadoop3/python/lib/pyspark.zip/pyspark/shuffle.py:65: UserWarning: Please install psutil to have better support with spilling
/Users/camillamariasantoro/spark-3.5.8-bin-hadoop3/python/lib/pyspark.zip/pyspark/shuffle.py:65: UserWarning: Please install psutil to have better support with spilling
/Users/camillamariasantoro/spark-3.5.8-bin-hadoop3/python/lib/pyspark.zip/pyspark/shuffle.py:65: UserWarning: Please install psutil to have better support with spilling
/Users/camillamariasantoro/spark-3.5.8-bin-hadoop3/python/lib/pyspark.zip/pyspark/shuffle.py:65: UserWarning: Please install psutil to have better support with spilling
/Users/camillamariasantoro/spark-3.5.8-bin-hadoop3/python/lib/pyspark.zip/pyspark/shuffle.py:65: UserWarning: Please install psutil to have better support with spilling
/Users/camillamariasantoro/spark-3.5.8-bin-hadoop3/python/lib/pyspark.zip/pyspark/shuffle.py:65: UserWarning: Please install psutil to have better support with spilling
26/05/12 11:01:19 INFO PythonRunner: Times: total = 425, boot = 230, init = 51, finish = 144
26/05/12 11:01:19 INFO Executor: Finished task 11.0 in stage 0.0 (TID 11). 1674 bytes result sent to driver
26/05/12 11:01:19 INFO TaskSetManager: Starting task 3.0 in stage 1.0 (TID 15) (localhost, executor driver, partition 3, PROCESS_LOCAL, 9086 bytes) 
26/05/12 11:01:19 INFO Executor: Running task 3.0 in stage 1.0 (TID 15)
26/05/12 11:01:19 INFO TaskSetManager: Finished task 11.0 in stage 0.0 (TID 11) in 736 ms on localhost (executor driver) (1/12)
26/05/12 11:01:19 INFO HadoopRDD: Input split: file:/Users/camillamariasantoro/flight-delay-bigdata1/data/cleaned/dataset_100.csv:100663296+33554432
26/05/12 11:01:19 INFO PythonAccumulatorV2: Connected to AccumulatorServer at host: 127.0.0.1 port: 49972
26/05/12 11:01:19 INFO PythonRunner: Times: total = 1018, boot = 217, init = 65, finish = 736
26/05/12 11:01:19 INFO Executor: Finished task 2.0 in stage 1.0 (TID 14). 1631 bytes result sent to driver
26/05/12 11:01:19 INFO TaskSetManager: Starting task 4.0 in stage 1.0 (TID 16) (localhost, executor driver, partition 4, PROCESS_LOCAL, 9086 bytes) 
26/05/12 11:01:19 INFO Executor: Running task 4.0 in stage 1.0 (TID 16)
26/05/12 11:01:19 INFO TaskSetManager: Finished task 2.0 in stage 1.0 (TID 14) in 1117 ms on localhost (executor driver) (1/12)
26/05/12 11:01:19 INFO HadoopRDD: Input split: file:/Users/camillamariasantoro/flight-delay-bigdata1/data/cleaned/dataset_100.csv:134217728+33554432
26/05/12 11:01:19 INFO PythonRunner: Times: total = 1049, boot = 225, init = 64, finish = 760
26/05/12 11:01:19 INFO Executor: Finished task 1.0 in stage 1.0 (TID 13). 1631 bytes result sent to driver
26/05/12 11:01:19 INFO TaskSetManager: Starting task 5.0 in stage 1.0 (TID 17) (localhost, executor driver, partition 5, PROCESS_LOCAL, 9086 bytes) 
26/05/12 11:01:19 INFO Executor: Running task 5.0 in stage 1.0 (TID 17)
26/05/12 11:01:19 INFO TaskSetManager: Finished task 1.0 in stage 1.0 (TID 13) in 1134 ms on localhost (executor driver) (2/12)
26/05/12 11:01:19 INFO HadoopRDD: Input split: file:/Users/camillamariasantoro/flight-delay-bigdata1/data/cleaned/dataset_100.csv:167772160+33554432
26/05/12 11:01:19 INFO PythonRunner: Times: total = 1083, boot = 287, init = 42, finish = 754
26/05/12 11:01:19 INFO Executor: Finished task 0.0 in stage 1.0 (TID 12). 1631 bytes result sent to driver
26/05/12 11:01:19 INFO TaskSetManager: Starting task 6.0 in stage 1.0 (TID 18) (localhost, executor driver, partition 6, PROCESS_LOCAL, 9086 bytes) 
26/05/12 11:01:19 INFO Executor: Running task 6.0 in stage 1.0 (TID 18)
26/05/12 11:01:19 INFO TaskSetManager: Finished task 0.0 in stage 1.0 (TID 12) in 1160 ms on localhost (executor driver) (3/12)
26/05/12 11:01:19 INFO HadoopRDD: Input split: file:/Users/camillamariasantoro/flight-delay-bigdata1/data/cleaned/dataset_100.csv:201326592+33554432
26/05/12 11:01:19 INFO PythonRunner: Times: total = 1147, boot = 211, init = 48, finish = 888
26/05/12 11:01:19 INFO PythonRunner: Times: total = 1157, boot = 210, init = 47, finish = 900
26/05/12 11:01:19 INFO Executor: Finished task 9.0 in stage 0.0 (TID 9). 1631 bytes result sent to driver
26/05/12 11:01:19 INFO TaskSetManager: Starting task 7.0 in stage 1.0 (TID 19) (localhost, executor driver, partition 7, PROCESS_LOCAL, 9086 bytes) 
26/05/12 11:01:19 INFO Executor: Running task 7.0 in stage 1.0 (TID 19)
26/05/12 11:01:19 INFO TaskSetManager: Finished task 9.0 in stage 0.0 (TID 9) in 1233 ms on localhost (executor driver) (2/12)
26/05/12 11:01:19 INFO Executor: Finished task 0.0 in stage 0.0 (TID 0). 1631 bytes result sent to driver
26/05/12 11:01:19 INFO TaskSetManager: Starting task 8.0 in stage 1.0 (TID 20) (localhost, executor driver, partition 8, PROCESS_LOCAL, 9086 bytes) 
26/05/12 11:01:19 INFO Executor: Running task 8.0 in stage 1.0 (TID 20)
26/05/12 11:01:19 INFO TaskSetManager: Finished task 0.0 in stage 0.0 (TID 0) in 1240 ms on localhost (executor driver) (3/12)
26/05/12 11:01:19 INFO HadoopRDD: Input split: file:/Users/camillamariasantoro/flight-delay-bigdata1/data/cleaned/dataset_100.csv:234881024+33554432
26/05/12 11:01:19 INFO HadoopRDD: Input split: file:/Users/camillamariasantoro/flight-delay-bigdata1/data/cleaned/dataset_100.csv:268435456+33554432
26/05/12 11:01:19 INFO PythonRunner: Times: total = 1159, boot = 215, init = 45, finish = 899
26/05/12 11:01:19 INFO Executor: Finished task 7.0 in stage 0.0 (TID 7). 1631 bytes result sent to driver
26/05/12 11:01:20 INFO TaskSetManager: Starting task 9.0 in stage 1.0 (TID 21) (localhost, executor driver, partition 9, PROCESS_LOCAL, 9086 bytes) 
26/05/12 11:01:20 INFO TaskSetManager: Finished task 7.0 in stage 0.0 (TID 7) in 1244 ms on localhost (executor driver) (4/12)
26/05/12 11:01:20 INFO Executor: Running task 9.0 in stage 1.0 (TID 21)
26/05/12 11:01:20 INFO HadoopRDD: Input split: file:/Users/camillamariasantoro/flight-delay-bigdata1/data/cleaned/dataset_100.csv:301989888+33554432
26/05/12 11:01:20 INFO PythonRunner: Times: total = 1174, boot = 218, init = 41, finish = 915
26/05/12 11:01:20 INFO PythonRunner: Times: total = 1176, boot = 213, init = 45, finish = 918
26/05/12 11:01:20 INFO Executor: Finished task 2.0 in stage 0.0 (TID 2). 1631 bytes result sent to driver
26/05/12 11:01:20 INFO TaskSetManager: Starting task 10.0 in stage 1.0 (TID 22) (localhost, executor driver, partition 10, PROCESS_LOCAL, 9086 bytes) 
26/05/12 11:01:20 INFO TaskSetManager: Finished task 2.0 in stage 0.0 (TID 2) in 1258 ms on localhost (executor driver) (5/12)
26/05/12 11:01:20 INFO Executor: Running task 10.0 in stage 1.0 (TID 22)
26/05/12 11:01:20 INFO Executor: Finished task 6.0 in stage 0.0 (TID 6). 1631 bytes result sent to driver
26/05/12 11:01:20 INFO TaskSetManager: Starting task 11.0 in stage 1.0 (TID 23) (localhost, executor driver, partition 11, PROCESS_LOCAL, 9086 bytes) 
26/05/12 11:01:20 INFO Executor: Running task 11.0 in stage 1.0 (TID 23)
26/05/12 11:01:20 INFO TaskSetManager: Finished task 6.0 in stage 0.0 (TID 6) in 1262 ms on localhost (executor driver) (6/12)
26/05/12 11:01:20 INFO HadoopRDD: Input split: file:/Users/camillamariasantoro/flight-delay-bigdata1/data/cleaned/dataset_100.csv:335544320+33554432
26/05/12 11:01:20 INFO HadoopRDD: Input split: file:/Users/camillamariasantoro/flight-delay-bigdata1/data/cleaned/dataset_100.csv:369098752+5079601
26/05/12 11:01:20 INFO PythonRunner: Times: total = 1222, boot = 222, init = 62, finish = 938
26/05/12 11:01:20 INFO Executor: Finished task 1.0 in stage 0.0 (TID 1). 1631 bytes result sent to driver
26/05/12 11:01:20 INFO TaskSetManager: Finished task 1.0 in stage 0.0 (TID 1) in 1305 ms on localhost (executor driver) (7/12)
26/05/12 11:01:20 INFO PythonRunner: Times: total = 1231, boot = 270, init = 52, finish = 909
26/05/12 11:01:20 INFO Executor: Finished task 8.0 in stage 0.0 (TID 8). 1631 bytes result sent to driver
26/05/12 11:01:20 INFO TaskSetManager: Finished task 8.0 in stage 0.0 (TID 8) in 1311 ms on localhost (executor driver) (8/12)
26/05/12 11:01:20 INFO PythonRunner: Times: total = 1233, boot = 283, init = 50, finish = 900
26/05/12 11:01:20 INFO PythonRunner: Times: total = 1238, boot = 251, init = 59, finish = 928
26/05/12 11:01:20 INFO Executor: Finished task 5.0 in stage 0.0 (TID 5). 1631 bytes result sent to driver
26/05/12 11:01:20 INFO TaskSetManager: Finished task 5.0 in stage 0.0 (TID 5) in 1316 ms on localhost (executor driver) (9/12)
26/05/12 11:01:20 INFO Executor: Finished task 10.0 in stage 0.0 (TID 10). 1631 bytes result sent to driver
26/05/12 11:01:20 INFO TaskSetManager: Finished task 10.0 in stage 0.0 (TID 10) in 1317 ms on localhost (executor driver) (10/12)
26/05/12 11:01:20 INFO PythonRunner: Times: total = 1248, boot = 235, init = 59, finish = 954
26/05/12 11:01:20 INFO Executor: Finished task 3.0 in stage 0.0 (TID 3). 1631 bytes result sent to driver
26/05/12 11:01:20 INFO TaskSetManager: Finished task 3.0 in stage 0.0 (TID 3) in 1327 ms on localhost (executor driver) (11/12)
26/05/12 11:01:20 INFO PythonRunner: Times: total = 1273, boot = 242, init = 78, finish = 953
26/05/12 11:01:20 INFO Executor: Finished task 4.0 in stage 0.0 (TID 4). 1631 bytes result sent to driver
26/05/12 11:01:20 INFO TaskSetManager: Finished task 4.0 in stage 0.0 (TID 4) in 1351 ms on localhost (executor driver) (12/12)
26/05/12 11:01:20 INFO TaskSchedulerImpl: Removed TaskSet 0.0, whose tasks have all completed, from pool 
26/05/12 11:01:20 INFO DAGScheduler: ShuffleMapStage 0 (reduceByKey at /Users/camillamariasantoro/flight-delay-bigdata1/analysis_33/spark_core/spark_core_3_3_.py:50) finished in 1,386 s
26/05/12 11:01:20 INFO DAGScheduler: looking for newly runnable stages
26/05/12 11:01:20 INFO DAGScheduler: running: Set(ShuffleMapStage 1)
26/05/12 11:01:20 INFO DAGScheduler: waiting: Set(ShuffleMapStage 2, ShuffleMapStage 3, ResultStage 4)
26/05/12 11:01:20 INFO DAGScheduler: failed: Set()
26/05/12 11:01:20 INFO PythonRunner: Times: total = 140, boot = -17, init = 58, finish = 99
26/05/12 11:01:20 INFO Executor: Finished task 11.0 in stage 1.0 (TID 23). 1588 bytes result sent to driver
26/05/12 11:01:20 INFO TaskSetManager: Finished task 11.0 in stage 1.0 (TID 23) in 156 ms on localhost (executor driver) (4/12)
26/05/12 11:01:20 INFO PythonRunner: Times: total = 714, boot = -248, init = 277, finish = 685
26/05/12 11:01:20 INFO Executor: Finished task 3.0 in stage 1.0 (TID 15). 1631 bytes result sent to driver
26/05/12 11:01:20 INFO TaskSetManager: Finished task 3.0 in stage 1.0 (TID 15) in 737 ms on localhost (executor driver) (5/12)
26/05/12 11:01:20 INFO PythonRunner: Times: total = 684, boot = -12, init = 46, finish = 650
26/05/12 11:01:20 INFO PythonRunner: Times: total = 732, boot = -39, init = 92, finish = 679
26/05/12 11:01:20 INFO Executor: Finished task 6.0 in stage 1.0 (TID 18). 1631 bytes result sent to driver
26/05/12 11:01:20 INFO TaskSetManager: Finished task 6.0 in stage 1.0 (TID 18) in 701 ms on localhost (executor driver) (6/12)
26/05/12 11:01:20 INFO Executor: Finished task 4.0 in stage 1.0 (TID 16). 1631 bytes result sent to driver
26/05/12 11:01:20 INFO PythonRunner: Times: total = 719, boot = -22, init = 69, finish = 672
26/05/12 11:01:20 INFO TaskSetManager: Finished task 4.0 in stage 1.0 (TID 16) in 747 ms on localhost (executor driver) (7/12)
26/05/12 11:01:20 INFO Executor: Finished task 5.0 in stage 1.0 (TID 17). 1631 bytes result sent to driver
26/05/12 11:01:20 INFO TaskSetManager: Finished task 5.0 in stage 1.0 (TID 17) in 734 ms on localhost (executor driver) (8/12)
26/05/12 11:01:20 INFO PythonRunner: Times: total = 661, boot = -12, init = 51, finish = 622
26/05/12 11:01:20 INFO Executor: Finished task 8.0 in stage 1.0 (TID 20). 1588 bytes result sent to driver
26/05/12 11:01:20 INFO TaskSetManager: Finished task 8.0 in stage 1.0 (TID 20) in 673 ms on localhost (executor driver) (9/12)
26/05/12 11:01:20 INFO PythonRunner: Times: total = 677, boot = -18, init = 51, finish = 644
26/05/12 11:01:20 INFO Executor: Finished task 7.0 in stage 1.0 (TID 19). 1631 bytes result sent to driver
26/05/12 11:01:20 INFO TaskSetManager: Finished task 7.0 in stage 1.0 (TID 19) in 691 ms on localhost (executor driver) (10/12)
26/05/12 11:01:20 INFO PythonRunner: Times: total = 676, boot = -17, init = 55, finish = 638
26/05/12 11:01:20 INFO Executor: Finished task 9.0 in stage 1.0 (TID 21). 1588 bytes result sent to driver
26/05/12 11:01:20 INFO TaskSetManager: Finished task 9.0 in stage 1.0 (TID 21) in 687 ms on localhost (executor driver) (11/12)
26/05/12 11:01:20 INFO PythonRunner: Times: total = 691, boot = -15, init = 59, finish = 647
26/05/12 11:01:20 INFO Executor: Finished task 10.0 in stage 1.0 (TID 22). 1631 bytes result sent to driver
26/05/12 11:01:20 INFO TaskSetManager: Finished task 10.0 in stage 1.0 (TID 22) in 704 ms on localhost (executor driver) (12/12)
26/05/12 11:01:20 INFO TaskSchedulerImpl: Removed TaskSet 1.0, whose tasks have all completed, from pool 
26/05/12 11:01:20 INFO DAGScheduler: ShuffleMapStage 1 (reduceByKey at /Users/camillamariasantoro/flight-delay-bigdata1/analysis_33/spark_core/spark_core_3_3_.py:37) finished in 1,971 s
26/05/12 11:01:20 INFO DAGScheduler: looking for newly runnable stages
26/05/12 11:01:20 INFO DAGScheduler: running: Set()
26/05/12 11:01:20 INFO DAGScheduler: waiting: Set(ShuffleMapStage 2, ShuffleMapStage 3, ResultStage 4)
26/05/12 11:01:20 INFO DAGScheduler: failed: Set()
26/05/12 11:01:20 INFO DAGScheduler: Submitting ShuffleMapStage 2 (PairwiseRDD[14] at join at /Users/camillamariasantoro/flight-delay-bigdata1/analysis_33/spark_core/spark_core_3_3_.py:58), which has no missing parents
26/05/12 11:01:20 INFO MemoryStore: Block broadcast_3 stored as values in memory (estimated size 24.4 KiB, free 434.1 MiB)
26/05/12 11:01:20 INFO MemoryStore: Block broadcast_3_piece0 stored as bytes in memory (estimated size 10.3 KiB, free 434.1 MiB)
26/05/12 11:01:20 INFO BlockManagerInfo: Added broadcast_3_piece0 in memory on localhost:49971 (size: 10.3 KiB, free: 434.3 MiB)
26/05/12 11:01:20 INFO SparkContext: Created broadcast 3 from broadcast at DAGScheduler.scala:1611
26/05/12 11:01:20 INFO DAGScheduler: Submitting 24 missing tasks from ShuffleMapStage 2 (PairwiseRDD[14] at join at /Users/camillamariasantoro/flight-delay-bigdata1/analysis_33/spark_core/spark_core_3_3_.py:58) (first 15 tasks are for partitions Vector(0, 1, 2, 3, 4, 5, 6, 7, 8, 9, 10, 11, 12, 13, 14))
26/05/12 11:01:20 INFO TaskSchedulerImpl: Adding task set 2.0 with 24 tasks resource profile 0
26/05/12 11:01:20 INFO TaskSetManager: Starting task 0.0 in stage 2.0 (TID 24) (localhost, executor driver, partition 0, NODE_LOCAL, 8915 bytes) 
26/05/12 11:01:20 INFO TaskSetManager: Starting task 1.0 in stage 2.0 (TID 25) (localhost, executor driver, partition 1, NODE_LOCAL, 8915 bytes) 
26/05/12 11:01:20 INFO TaskSetManager: Starting task 2.0 in stage 2.0 (TID 26) (localhost, executor driver, partition 2, NODE_LOCAL, 8915 bytes) 
26/05/12 11:01:20 INFO TaskSetManager: Starting task 3.0 in stage 2.0 (TID 27) (localhost, executor driver, partition 3, NODE_LOCAL, 8915 bytes) 
26/05/12 11:01:20 INFO TaskSetManager: Starting task 4.0 in stage 2.0 (TID 28) (localhost, executor driver, partition 4, NODE_LOCAL, 8915 bytes) 
26/05/12 11:01:20 INFO TaskSetManager: Starting task 5.0 in stage 2.0 (TID 29) (localhost, executor driver, partition 5, NODE_LOCAL, 8915 bytes) 
26/05/12 11:01:20 INFO TaskSetManager: Starting task 6.0 in stage 2.0 (TID 30) (localhost, executor driver, partition 6, NODE_LOCAL, 8915 bytes) 
26/05/12 11:01:20 INFO TaskSetManager: Starting task 7.0 in stage 2.0 (TID 31) (localhost, executor driver, partition 7, NODE_LOCAL, 8915 bytes) 
26/05/12 11:01:20 INFO TaskSetManager: Starting task 8.0 in stage 2.0 (TID 32) (localhost, executor driver, partition 8, NODE_LOCAL, 8915 bytes) 
26/05/12 11:01:20 INFO TaskSetManager: Starting task 9.0 in stage 2.0 (TID 33) (localhost, executor driver, partition 9, NODE_LOCAL, 8915 bytes) 
26/05/12 11:01:20 INFO TaskSetManager: Starting task 10.0 in stage 2.0 (TID 34) (localhost, executor driver, partition 10, NODE_LOCAL, 8915 bytes) 
26/05/12 11:01:20 INFO TaskSetManager: Starting task 11.0 in stage 2.0 (TID 35) (localhost, executor driver, partition 11, NODE_LOCAL, 8915 bytes) 
26/05/12 11:01:20 INFO TaskSetManager: Starting task 12.0 in stage 2.0 (TID 36) (localhost, executor driver, partition 12, NODE_LOCAL, 8915 bytes) 
26/05/12 11:01:20 INFO TaskSetManager: Starting task 13.0 in stage 2.0 (TID 37) (localhost, executor driver, partition 13, NODE_LOCAL, 8915 bytes) 
26/05/12 11:01:20 INFO TaskSetManager: Starting task 14.0 in stage 2.0 (TID 38) (localhost, executor driver, partition 14, NODE_LOCAL, 8915 bytes) 
26/05/12 11:01:20 INFO Executor: Running task 4.0 in stage 2.0 (TID 28)
26/05/12 11:01:20 INFO Executor: Running task 2.0 in stage 2.0 (TID 26)
26/05/12 11:01:20 INFO Executor: Running task 12.0 in stage 2.0 (TID 36)
26/05/12 11:01:20 INFO Executor: Running task 11.0 in stage 2.0 (TID 35)
26/05/12 11:01:20 INFO Executor: Running task 10.0 in stage 2.0 (TID 34)
26/05/12 11:01:20 INFO Executor: Running task 3.0 in stage 2.0 (TID 27)
26/05/12 11:01:20 INFO Executor: Running task 9.0 in stage 2.0 (TID 33)
26/05/12 11:01:20 INFO Executor: Running task 8.0 in stage 2.0 (TID 32)
26/05/12 11:01:20 INFO Executor: Running task 5.0 in stage 2.0 (TID 29)
26/05/12 11:01:20 INFO Executor: Running task 0.0 in stage 2.0 (TID 24)
26/05/12 11:01:20 INFO Executor: Running task 14.0 in stage 2.0 (TID 38)
26/05/12 11:01:20 INFO Executor: Running task 6.0 in stage 2.0 (TID 30)
26/05/12 11:01:20 INFO Executor: Running task 7.0 in stage 2.0 (TID 31)
26/05/12 11:01:20 INFO Executor: Running task 13.0 in stage 2.0 (TID 37)
26/05/12 11:01:20 INFO Executor: Running task 1.0 in stage 2.0 (TID 25)
26/05/12 11:01:20 INFO ShuffleBlockFetcherIterator: Getting 12 (48.8 KiB) non-empty blocks including 12 (48.8 KiB) local and 0 (0.0 B) host-local and 0 (0.0 B) push-merged-local and 0 (0.0 B) remote blocks
26/05/12 11:01:20 INFO ShuffleBlockFetcherIterator: Getting 12 (49.1 KiB) non-empty blocks including 12 (49.1 KiB) local and 0 (0.0 B) host-local and 0 (0.0 B) push-merged-local and 0 (0.0 B) remote blocks
26/05/12 11:01:20 INFO ShuffleBlockFetcherIterator: Getting 12 (6.3 KiB) non-empty blocks including 12 (6.3 KiB) local and 0 (0.0 B) host-local and 0 (0.0 B) push-merged-local and 0 (0.0 B) remote blocks
26/05/12 11:01:20 INFO ShuffleBlockFetcherIterator: Getting 12 (55.4 KiB) non-empty blocks including 12 (55.4 KiB) local and 0 (0.0 B) host-local and 0 (0.0 B) push-merged-local and 0 (0.0 B) remote blocks
26/05/12 11:01:20 INFO ShuffleBlockFetcherIterator: Getting 12 (55.8 KiB) non-empty blocks including 12 (55.8 KiB) local and 0 (0.0 B) host-local and 0 (0.0 B) push-merged-local and 0 (0.0 B) remote blocks
26/05/12 11:01:20 INFO ShuffleBlockFetcherIterator: Getting 12 (6.8 KiB) non-empty blocks including 12 (6.8 KiB) local and 0 (0.0 B) host-local and 0 (0.0 B) push-merged-local and 0 (0.0 B) remote blocks
26/05/12 11:01:20 INFO ShuffleBlockFetcherIterator: Getting 12 (51.1 KiB) non-empty blocks including 12 (51.1 KiB) local and 0 (0.0 B) host-local and 0 (0.0 B) push-merged-local and 0 (0.0 B) remote blocks
26/05/12 11:01:20 INFO ShuffleBlockFetcherIterator: Getting 12 (50.7 KiB) non-empty blocks including 12 (50.7 KiB) local and 0 (0.0 B) host-local and 0 (0.0 B) push-merged-local and 0 (0.0 B) remote blocks
26/05/12 11:01:20 INFO ShuffleBlockFetcherIterator: Getting 12 (46.1 KiB) non-empty blocks including 12 (46.1 KiB) local and 0 (0.0 B) host-local and 0 (0.0 B) push-merged-local and 0 (0.0 B) remote blocks
26/05/12 11:01:20 INFO ShuffleBlockFetcherIterator: Getting 12 (50.3 KiB) non-empty blocks including 12 (50.3 KiB) local and 0 (0.0 B) host-local and 0 (0.0 B) push-merged-local and 0 (0.0 B) remote blocks
26/05/12 11:01:20 INFO ShuffleBlockFetcherIterator: Getting 12 (51.5 KiB) non-empty blocks including 12 (51.5 KiB) local and 0 (0.0 B) host-local and 0 (0.0 B) push-merged-local and 0 (0.0 B) remote blocks
26/05/12 11:01:20 INFO ShuffleBlockFetcherIterator: Getting 12 (51.1 KiB) non-empty blocks including 12 (51.1 KiB) local and 0 (0.0 B) host-local and 0 (0.0 B) push-merged-local and 0 (0.0 B) remote blocks
26/05/12 11:01:20 INFO ShuffleBlockFetcherIterator: Getting 12 (46.4 KiB) non-empty blocks including 12 (46.4 KiB) local and 0 (0.0 B) host-local and 0 (0.0 B) push-merged-local and 0 (0.0 B) remote blocks
26/05/12 11:01:20 INFO ShuffleBlockFetcherIterator: Getting 12 (7.5 KiB) non-empty blocks including 12 (7.5 KiB) local and 0 (0.0 B) host-local and 0 (0.0 B) push-merged-local and 0 (0.0 B) remote blocks
26/05/12 11:01:20 INFO ShuffleBlockFetcherIterator: Getting 12 (56.2 KiB) non-empty blocks including 12 (56.2 KiB) local and 0 (0.0 B) host-local and 0 (0.0 B) push-merged-local and 0 (0.0 B) remote blocks
26/05/12 11:01:20 INFO ShuffleBlockFetcherIterator: Started 0 remote fetches in 6 ms
26/05/12 11:01:20 INFO ShuffleBlockFetcherIterator: Started 0 remote fetches in 6 ms
26/05/12 11:01:20 INFO ShuffleBlockFetcherIterator: Started 0 remote fetches in 6 ms
26/05/12 11:01:20 INFO ShuffleBlockFetcherIterator: Started 0 remote fetches in 6 ms
26/05/12 11:01:20 INFO ShuffleBlockFetcherIterator: Started 0 remote fetches in 6 ms
26/05/12 11:01:20 INFO ShuffleBlockFetcherIterator: Started 0 remote fetches in 6 ms
26/05/12 11:01:20 INFO ShuffleBlockFetcherIterator: Started 0 remote fetches in 6 ms
26/05/12 11:01:20 INFO ShuffleBlockFetcherIterator: Started 0 remote fetches in 6 ms
26/05/12 11:01:20 INFO ShuffleBlockFetcherIterator: Started 0 remote fetches in 6 ms
26/05/12 11:01:20 INFO ShuffleBlockFetcherIterator: Started 0 remote fetches in 6 ms
26/05/12 11:01:20 INFO ShuffleBlockFetcherIterator: Started 0 remote fetches in 6 ms
26/05/12 11:01:20 INFO ShuffleBlockFetcherIterator: Started 0 remote fetches in 6 ms
26/05/12 11:01:20 INFO ShuffleBlockFetcherIterator: Started 0 remote fetches in 6 ms
26/05/12 11:01:20 INFO ShuffleBlockFetcherIterator: Started 0 remote fetches in 6 ms
26/05/12 11:01:20 INFO ShuffleBlockFetcherIterator: Started 0 remote fetches in 6 ms
26/05/12 11:01:20 INFO PythonRunner: Times: total = 38, boot = -83, init = 119, finish = 2
26/05/12 11:01:20 INFO PythonRunner: Times: total = 40, boot = -151, init = 189, finish = 2
26/05/12 11:01:20 INFO PythonRunner: Times: total = 46, boot = -692, init = 738, finish = 0
26/05/12 11:01:20 INFO PythonRunner: Times: total = 56, boot = -702, init = 756, finish = 2
26/05/12 11:01:20 INFO PythonRunner: Times: total = 37, boot = -108, init = 144, finish = 1
26/05/12 11:01:20 INFO PythonRunner: Times: total = 64, boot = -143, init = 205, finish = 2
26/05/12 11:01:20 INFO PythonRunner: Times: total = 59, boot = -706, init = 765, finish = 0
26/05/12 11:01:20 INFO PythonRunner: Times: total = 43, boot = -600, init = 642, finish = 1
26/05/12 11:01:20 INFO PythonRunner: Times: total = 35, boot = -51, init = 85, finish = 1
26/05/12 11:01:20 INFO PythonRunner: Times: total = 40, boot = -668, init = 706, finish = 2
/Users/camillamariasantoro/spark-3.5.8-bin-hadoop3/python/lib/pyspark.zip/pyspark/shuffle.py:65: UserWarning: Please install psutil to have better support with spilling
26/05/12 11:01:20 INFO PythonRunner: Times: total = 78, boot = 4, init = 73, finish = 1
26/05/12 11:01:20 INFO Executor: Finished task 12.0 in stage 2.0 (TID 36). 2288 bytes result sent to driver
26/05/12 11:01:20 INFO TaskSetManager: Starting task 15.0 in stage 2.0 (TID 39) (localhost, executor driver, partition 15, NODE_LOCAL, 8915 bytes) 
26/05/12 11:01:20 INFO TaskSetManager: Finished task 12.0 in stage 2.0 (TID 36) in 120 ms on localhost (executor driver) (1/24)
26/05/12 11:01:20 INFO Executor: Running task 15.0 in stage 2.0 (TID 39)
/Users/camillamariasantoro/spark-3.5.8-bin-hadoop3/python/lib/pyspark.zip/pyspark/shuffle.py:65: UserWarning: Please install psutil to have better support with spilling
26/05/12 11:01:20 INFO ShuffleBlockFetcherIterator: Getting 12 (6.3 KiB) non-empty blocks including 12 (6.3 KiB) local and 0 (0.0 B) host-local and 0 (0.0 B) push-merged-local and 0 (0.0 B) remote blocks
26/05/12 11:01:20 INFO ShuffleBlockFetcherIterator: Started 0 remote fetches in 0 ms
/Users/camillamariasantoro/spark-3.5.8-bin-hadoop3/python/lib/pyspark.zip/pyspark/shuffle.py:65: UserWarning: Please install psutil to have better support with spilling
26/05/12 11:01:20 INFO PythonRunner: Times: total = 91, boot = -91, init = 181, finish = 1
26/05/12 11:01:20 INFO PythonRunner: Times: total = 97, boot = -705, init = 778, finish = 24
26/05/12 11:01:20 INFO PythonRunner: Times: total = 82, boot = 16, init = 65, finish = 1
/Users/camillamariasantoro/spark-3.5.8-bin-hadoop3/python/lib/pyspark.zip/pyspark/shuffle.py:65: UserWarning: Please install psutil to have better support with spilling
26/05/12 11:01:20 INFO PythonRunner: Times: total = 100, boot = -697, init = 797, finish = 0
26/05/12 11:01:20 INFO Executor: Finished task 8.0 in stage 2.0 (TID 32). 2245 bytes result sent to driver
26/05/12 11:01:20 INFO TaskSetManager: Starting task 16.0 in stage 2.0 (TID 40) (localhost, executor driver, partition 16, NODE_LOCAL, 8915 bytes) 
26/05/12 11:01:20 INFO TaskSetManager: Finished task 8.0 in stage 2.0 (TID 32) in 139 ms on localhost (executor driver) (2/24)
26/05/12 11:01:20 INFO Executor: Running task 16.0 in stage 2.0 (TID 40)
26/05/12 11:01:20 INFO PythonRunner: Times: total = 84, boot = 40, init = 43, finish = 1
26/05/12 11:01:20 INFO ShuffleBlockFetcherIterator: Getting 12 (6.9 KiB) non-empty blocks including 12 (6.9 KiB) local and 0 (0.0 B) host-local and 0 (0.0 B) push-merged-local and 0 (0.0 B) remote blocks
26/05/12 11:01:20 INFO ShuffleBlockFetcherIterator: Started 0 remote fetches in 0 ms
/Users/camillamariasantoro/spark-3.5.8-bin-hadoop3/python/lib/pyspark.zip/pyspark/shuffle.py:65: UserWarning: Please install psutil to have better support with spilling
/Users/camillamariasantoro/spark-3.5.8-bin-hadoop3/python/lib/pyspark.zip/pyspark/shuffle.py:65: UserWarning: Please install psutil to have better support with spilling
26/05/12 11:01:20 INFO PythonRunner: Times: total = 108, boot = -147, init = 232, finish = 23
/Users/camillamariasantoro/spark-3.5.8-bin-hadoop3/python/lib/pyspark.zip/pyspark/shuffle.py:65: UserWarning: Please install psutil to have better support with spilling
26/05/12 11:01:20 INFO PythonRunner: Times: total = 113, boot = -550, init = 661, finish = 2
/Users/camillamariasantoro/spark-3.5.8-bin-hadoop3/python/lib/pyspark.zip/pyspark/shuffle.py:65: UserWarning: Please install psutil to have better support with spilling
/Users/camillamariasantoro/spark-3.5.8-bin-hadoop3/python/lib/pyspark.zip/pyspark/shuffle.py:65: UserWarning: Please install psutil to have better support with spilling
/Users/camillamariasantoro/spark-3.5.8-bin-hadoop3/python/lib/pyspark.zip/pyspark/shuffle.py:65: UserWarning: Please install psutil to have better support with spilling
26/05/12 11:01:20 INFO PythonRunner: Times: total = 113, boot = 44, init = 68, finish = 1
26/05/12 11:01:20 INFO PythonRunner: Times: total = 104, boot = 65, init = 39, finish = 0
26/05/12 11:01:20 INFO Executor: Finished task 6.0 in stage 2.0 (TID 30). 2245 bytes result sent to driver
26/05/12 11:01:20 INFO TaskSetManager: Starting task 17.0 in stage 2.0 (TID 41) (localhost, executor driver, partition 17, NODE_LOCAL, 8915 bytes) 
26/05/12 11:01:20 INFO TaskSetManager: Finished task 6.0 in stage 2.0 (TID 30) in 156 ms on localhost (executor driver) (3/24)
26/05/12 11:01:20 INFO Executor: Running task 17.0 in stage 2.0 (TID 41)
26/05/12 11:01:20 INFO Executor: Finished task 13.0 in stage 2.0 (TID 37). 2245 bytes result sent to driver
26/05/12 11:01:20 INFO TaskSetManager: Starting task 18.0 in stage 2.0 (TID 42) (localhost, executor driver, partition 18, NODE_LOCAL, 8915 bytes) 
26/05/12 11:01:20 INFO Executor: Running task 18.0 in stage 2.0 (TID 42)
26/05/12 11:01:20 INFO TaskSetManager: Finished task 13.0 in stage 2.0 (TID 37) in 156 ms on localhost (executor driver) (4/24)
26/05/12 11:01:20 INFO Executor: Finished task 14.0 in stage 2.0 (TID 38). 2245 bytes result sent to driver
26/05/12 11:01:20 INFO TaskSetManager: Starting task 19.0 in stage 2.0 (TID 43) (localhost, executor driver, partition 19, NODE_LOCAL, 8915 bytes) 
26/05/12 11:01:20 INFO TaskSetManager: Finished task 14.0 in stage 2.0 (TID 38) in 157 ms on localhost (executor driver) (5/24)
26/05/12 11:01:20 INFO Executor: Running task 19.0 in stage 2.0 (TID 43)
26/05/12 11:01:20 INFO ShuffleBlockFetcherIterator: Getting 12 (4.7 KiB) non-empty blocks including 12 (4.7 KiB) local and 0 (0.0 B) host-local and 0 (0.0 B) push-merged-local and 0 (0.0 B) remote blocks
26/05/12 11:01:20 INFO ShuffleBlockFetcherIterator: Started 0 remote fetches in 0 ms
26/05/12 11:01:20 INFO PythonRunner: Times: total = 107, boot = 60, init = 47, finish = 0
26/05/12 11:01:20 INFO PythonRunner: Times: total = 97, boot = 49, init = 47, finish = 1
26/05/12 11:01:20 INFO ShuffleBlockFetcherIterator: Getting 12 (5.2 KiB) non-empty blocks including 12 (5.2 KiB) local and 0 (0.0 B) host-local and 0 (0.0 B) push-merged-local and 0 (0.0 B) remote blocks
26/05/12 11:01:20 INFO ShuffleBlockFetcherIterator: Getting 12 (8.4 KiB) non-empty blocks including 12 (8.4 KiB) local and 0 (0.0 B) host-local and 0 (0.0 B) push-merged-local and 0 (0.0 B) remote blocks
26/05/12 11:01:20 INFO ShuffleBlockFetcherIterator: Started 0 remote fetches in 0 ms
26/05/12 11:01:20 INFO ShuffleBlockFetcherIterator: Started 0 remote fetches in 0 ms
/Users/camillamariasantoro/spark-3.5.8-bin-hadoop3/python/lib/pyspark.zip/pyspark/shuffle.py:65: UserWarning: Please install psutil to have better support with spilling
/Users/camillamariasantoro/spark-3.5.8-bin-hadoop3/python/lib/pyspark.zip/pyspark/shuffle.py:65: UserWarning: Please install psutil to have better support with spilling
/Users/camillamariasantoro/spark-3.5.8-bin-hadoop3/python/lib/pyspark.zip/pyspark/shuffle.py:65: UserWarning: Please install psutil to have better support with spilling
/Users/camillamariasantoro/spark-3.5.8-bin-hadoop3/python/lib/pyspark.zip/pyspark/shuffle.py:65: UserWarning: Please install psutil to have better support with spilling
26/05/12 11:01:20 INFO PythonRunner: Times: total = 102, boot = 33, init = 69, finish = 0
26/05/12 11:01:20 INFO PythonRunner: Times: total = 113, boot = 25, init = 88, finish = 0
26/05/12 11:01:20 INFO Executor: Finished task 1.0 in stage 2.0 (TID 25). 2245 bytes result sent to driver
26/05/12 11:01:20 INFO TaskSetManager: Starting task 20.0 in stage 2.0 (TID 44) (localhost, executor driver, partition 20, NODE_LOCAL, 8915 bytes) 
26/05/12 11:01:20 INFO TaskSetManager: Finished task 1.0 in stage 2.0 (TID 25) in 172 ms on localhost (executor driver) (6/24)
26/05/12 11:01:20 INFO Executor: Running task 20.0 in stage 2.0 (TID 44)
26/05/12 11:01:20 INFO Executor: Finished task 4.0 in stage 2.0 (TID 28). 2288 bytes result sent to driver
26/05/12 11:01:20 INFO TaskSetManager: Starting task 21.0 in stage 2.0 (TID 45) (localhost, executor driver, partition 21, NODE_LOCAL, 8915 bytes) 
26/05/12 11:01:20 INFO TaskSetManager: Finished task 4.0 in stage 2.0 (TID 28) in 173 ms on localhost (executor driver) (7/24)
26/05/12 11:01:20 INFO Executor: Running task 21.0 in stage 2.0 (TID 45)
26/05/12 11:01:20 INFO ShuffleBlockFetcherIterator: Getting 12 (5.7 KiB) non-empty blocks including 12 (5.7 KiB) local and 0 (0.0 B) host-local and 0 (0.0 B) push-merged-local and 0 (0.0 B) remote blocks
26/05/12 11:01:20 INFO ShuffleBlockFetcherIterator: Started 0 remote fetches in 0 ms
26/05/12 11:01:20 INFO PythonRunner: Times: total = 123, boot = 28, init = 94, finish = 1
26/05/12 11:01:20 INFO PythonRunner: Times: total = 125, boot = 55, init = 70, finish = 0
26/05/12 11:01:20 INFO ShuffleBlockFetcherIterator: Getting 12 (7.6 KiB) non-empty blocks including 12 (7.6 KiB) local and 0 (0.0 B) host-local and 0 (0.0 B) push-merged-local and 0 (0.0 B) remote blocks
26/05/12 11:01:20 INFO ShuffleBlockFetcherIterator: Started 0 remote fetches in 0 ms
26/05/12 11:01:20 INFO PythonRunner: Times: total = 125, boot = 75, init = 49, finish = 1
26/05/12 11:01:20 INFO PythonRunner: Times: total = 127, boot = 72, init = 55, finish = 0
26/05/12 11:01:20 INFO PythonRunner: Times: total = 111, boot = 10, init = 100, finish = 1
26/05/12 11:01:20 INFO Executor: Finished task 2.0 in stage 2.0 (TID 26). 2288 bytes result sent to driver
26/05/12 11:01:20 INFO TaskSetManager: Starting task 22.0 in stage 2.0 (TID 46) (localhost, executor driver, partition 22, NODE_LOCAL, 8915 bytes) 
26/05/12 11:01:20 INFO Executor: Finished task 5.0 in stage 2.0 (TID 29). 2245 bytes result sent to driver
26/05/12 11:01:20 INFO TaskSetManager: Finished task 2.0 in stage 2.0 (TID 26) in 180 ms on localhost (executor driver) (8/24)
26/05/12 11:01:20 INFO Executor: Running task 22.0 in stage 2.0 (TID 46)
/Users/camillamariasantoro/spark-3.5.8-bin-hadoop3/python/lib/pyspark.zip/pyspark/shuffle.py:65: UserWarning: Please install psutil to have better support with spilling
26/05/12 11:01:20 INFO TaskSetManager: Starting task 23.0 in stage 2.0 (TID 47) (localhost, executor driver, partition 23, NODE_LOCAL, 8915 bytes) 
26/05/12 11:01:20 INFO TaskSetManager: Finished task 5.0 in stage 2.0 (TID 29) in 181 ms on localhost (executor driver) (9/24)
26/05/12 11:01:20 INFO Executor: Running task 23.0 in stage 2.0 (TID 47)
26/05/12 11:01:20 INFO Executor: Finished task 3.0 in stage 2.0 (TID 27). 2288 bytes result sent to driver
26/05/12 11:01:20 INFO TaskSetManager: Finished task 3.0 in stage 2.0 (TID 27) in 181 ms on localhost (executor driver) (10/24)
26/05/12 11:01:20 INFO Executor: Finished task 9.0 in stage 2.0 (TID 33). 2245 bytes result sent to driver
26/05/12 11:01:20 INFO TaskSetManager: Finished task 9.0 in stage 2.0 (TID 33) in 182 ms on localhost (executor driver) (11/24)
26/05/12 11:01:20 INFO Executor: Finished task 10.0 in stage 2.0 (TID 34). 2245 bytes result sent to driver
26/05/12 11:01:20 INFO ShuffleBlockFetcherIterator: Getting 12 (9.0 KiB) non-empty blocks including 12 (9.0 KiB) local and 0 (0.0 B) host-local and 0 (0.0 B) push-merged-local and 0 (0.0 B) remote blocks
26/05/12 11:01:20 INFO ShuffleBlockFetcherIterator: Getting 12 (7.6 KiB) non-empty blocks including 12 (7.6 KiB) local and 0 (0.0 B) host-local and 0 (0.0 B) push-merged-local and 0 (0.0 B) remote blocks
26/05/12 11:01:20 INFO ShuffleBlockFetcherIterator: Started 0 remote fetches in 0 ms
26/05/12 11:01:20 INFO TaskSetManager: Finished task 10.0 in stage 2.0 (TID 34) in 182 ms on localhost (executor driver) (12/24)
26/05/12 11:01:20 INFO ShuffleBlockFetcherIterator: Started 0 remote fetches in 0 ms
26/05/12 11:01:20 INFO Executor: Finished task 0.0 in stage 2.0 (TID 24). 2288 bytes result sent to driver
26/05/12 11:01:20 INFO TaskSetManager: Finished task 0.0 in stage 2.0 (TID 24) in 185 ms on localhost (executor driver) (13/24)
26/05/12 11:01:20 INFO Executor: Finished task 7.0 in stage 2.0 (TID 31). 2245 bytes result sent to driver
26/05/12 11:01:20 INFO TaskSetManager: Finished task 7.0 in stage 2.0 (TID 31) in 184 ms on localhost (executor driver) (14/24)
26/05/12 11:01:20 INFO PythonRunner: Times: total = 140, boot = 69, init = 71, finish = 0
26/05/12 11:01:20 INFO PythonRunner: Times: total = 71, boot = -45, init = 116, finish = 0
26/05/12 11:01:20 INFO Executor: Finished task 11.0 in stage 2.0 (TID 35). 2245 bytes result sent to driver
26/05/12 11:01:20 INFO TaskSetManager: Finished task 11.0 in stage 2.0 (TID 35) in 197 ms on localhost (executor driver) (15/24)
26/05/12 11:01:20 INFO PythonRunner: Times: total = 36, boot = -81, init = 117, finish = 0
26/05/12 11:01:20 INFO PythonRunner: Times: total = 74, boot = 25, init = 48, finish = 1
26/05/12 11:01:20 INFO Executor: Finished task 15.0 in stage 2.0 (TID 39). 2202 bytes result sent to driver
26/05/12 11:01:20 INFO TaskSetManager: Finished task 15.0 in stage 2.0 (TID 39) in 81 ms on localhost (executor driver) (16/24)
26/05/12 11:01:20 INFO PythonRunner: Times: total = 43, boot = -79, init = 122, finish = 0
26/05/12 11:01:20 INFO PythonRunner: Times: total = 46, boot = -61, init = 107, finish = 0
26/05/12 11:01:20 INFO Executor: Finished task 17.0 in stage 2.0 (TID 41). 2202 bytes result sent to driver
26/05/12 11:01:20 INFO PythonRunner: Times: total = 47, boot = -78, init = 125, finish = 0
26/05/12 11:01:20 INFO TaskSetManager: Finished task 17.0 in stage 2.0 (TID 41) in 54 ms on localhost (executor driver) (17/24)
26/05/12 11:01:20 INFO PythonRunner: Times: total = 49, boot = -74, init = 123, finish = 0
26/05/12 11:01:20 INFO Executor: Finished task 19.0 in stage 2.0 (TID 43). 2245 bytes result sent to driver
26/05/12 11:01:20 INFO TaskSetManager: Finished task 19.0 in stage 2.0 (TID 43) in 54 ms on localhost (executor driver) (18/24)
26/05/12 11:01:20 INFO PythonRunner: Times: total = 70, boot = -40, init = 105, finish = 5
26/05/12 11:01:20 INFO PythonRunner: Times: total = 51, boot = -78, init = 129, finish = 0
26/05/12 11:01:20 INFO Executor: Finished task 18.0 in stage 2.0 (TID 42). 2245 bytes result sent to driver
26/05/12 11:01:20 INFO TaskSetManager: Finished task 18.0 in stage 2.0 (TID 42) in 60 ms on localhost (executor driver) (19/24)
26/05/12 11:01:20 INFO PythonRunner: Times: total = 43, boot = -39, init = 82, finish = 0
26/05/12 11:01:20 INFO PythonRunner: Times: total = 73, boot = -34, init = 107, finish = 0
26/05/12 11:01:20 INFO PythonRunner: Times: total = 44, boot = -46, init = 90, finish = 0
26/05/12 11:01:20 INFO Executor: Finished task 16.0 in stage 2.0 (TID 40). 2202 bytes result sent to driver
26/05/12 11:01:20 INFO TaskSetManager: Finished task 16.0 in stage 2.0 (TID 40) in 82 ms on localhost (executor driver) (20/24)
26/05/12 11:01:20 INFO PythonRunner: Times: total = 45, boot = -31, init = 76, finish = 0
26/05/12 11:01:20 INFO PythonRunner: Times: total = 40, boot = -30, init = 70, finish = 0
26/05/12 11:01:20 INFO Executor: Finished task 20.0 in stage 2.0 (TID 44). 2202 bytes result sent to driver
26/05/12 11:01:20 INFO TaskSetManager: Finished task 20.0 in stage 2.0 (TID 44) in 54 ms on localhost (executor driver) (21/24)
26/05/12 11:01:20 INFO PythonRunner: Times: total = 41, boot = -31, init = 72, finish = 0
26/05/12 11:01:20 INFO PythonRunner: Times: total = 48, boot = -47, init = 95, finish = 0
26/05/12 11:01:20 INFO Executor: Finished task 23.0 in stage 2.0 (TID 47). 2202 bytes result sent to driver
26/05/12 11:01:20 INFO TaskSetManager: Finished task 23.0 in stage 2.0 (TID 47) in 49 ms on localhost (executor driver) (22/24)
26/05/12 11:01:20 INFO Executor: Finished task 21.0 in stage 2.0 (TID 45). 2202 bytes result sent to driver
26/05/12 11:01:20 INFO TaskSetManager: Finished task 21.0 in stage 2.0 (TID 45) in 56 ms on localhost (executor driver) (23/24)
26/05/12 11:01:20 INFO PythonRunner: Times: total = 45, boot = -34, init = 79, finish = 0
26/05/12 11:01:20 INFO PythonRunner: Times: total = 46, boot = -26, init = 72, finish = 0
26/05/12 11:01:20 INFO Executor: Finished task 22.0 in stage 2.0 (TID 46). 2245 bytes result sent to driver
26/05/12 11:01:20 INFO TaskSetManager: Finished task 22.0 in stage 2.0 (TID 46) in 53 ms on localhost (executor driver) (24/24)
26/05/12 11:01:20 INFO TaskSchedulerImpl: Removed TaskSet 2.0, whose tasks have all completed, from pool 
26/05/12 11:01:20 INFO DAGScheduler: ShuffleMapStage 2 (join at /Users/camillamariasantoro/flight-delay-bigdata1/analysis_33/spark_core/spark_core_3_3_.py:58) finished in 0,238 s
26/05/12 11:01:20 INFO DAGScheduler: looking for newly runnable stages
26/05/12 11:01:20 INFO DAGScheduler: running: Set()
26/05/12 11:01:20 INFO DAGScheduler: waiting: Set(ShuffleMapStage 3, ResultStage 4)
26/05/12 11:01:20 INFO DAGScheduler: failed: Set()
26/05/12 11:01:20 INFO DAGScheduler: Submitting ShuffleMapStage 3 (PairwiseRDD[18] at groupByKey at /Users/camillamariasantoro/flight-delay-bigdata1/analysis_33/spark_core/spark_core_3_3_.py:78), which has no missing parents
26/05/12 11:01:20 INFO MemoryStore: Block broadcast_4 stored as values in memory (estimated size 17.6 KiB, free 434.1 MiB)
26/05/12 11:01:20 INFO MemoryStore: Block broadcast_4_piece0 stored as bytes in memory (estimated size 9.8 KiB, free 434.0 MiB)
26/05/12 11:01:20 INFO BlockManagerInfo: Added broadcast_4_piece0 in memory on localhost:49971 (size: 9.8 KiB, free: 434.3 MiB)
26/05/12 11:01:20 INFO SparkContext: Created broadcast 4 from broadcast at DAGScheduler.scala:1611
26/05/12 11:01:20 INFO DAGScheduler: Submitting 24 missing tasks from ShuffleMapStage 3 (PairwiseRDD[18] at groupByKey at /Users/camillamariasantoro/flight-delay-bigdata1/analysis_33/spark_core/spark_core_3_3_.py:78) (first 15 tasks are for partitions Vector(0, 1, 2, 3, 4, 5, 6, 7, 8, 9, 10, 11, 12, 13, 14))
26/05/12 11:01:20 INFO TaskSchedulerImpl: Adding task set 3.0 with 24 tasks resource profile 0
26/05/12 11:01:20 INFO TaskSetManager: Starting task 0.0 in stage 3.0 (TID 48) (localhost, executor driver, partition 0, NODE_LOCAL, 8806 bytes) 
26/05/12 11:01:20 INFO TaskSetManager: Starting task 1.0 in stage 3.0 (TID 49) (localhost, executor driver, partition 1, NODE_LOCAL, 8806 bytes) 
26/05/12 11:01:20 INFO TaskSetManager: Starting task 2.0 in stage 3.0 (TID 50) (localhost, executor driver, partition 2, NODE_LOCAL, 8806 bytes) 
26/05/12 11:01:20 INFO TaskSetManager: Starting task 3.0 in stage 3.0 (TID 51) (localhost, executor driver, partition 3, NODE_LOCAL, 8806 bytes) 
26/05/12 11:01:20 INFO TaskSetManager: Starting task 4.0 in stage 3.0 (TID 52) (localhost, executor driver, partition 4, NODE_LOCAL, 8806 bytes) 
26/05/12 11:01:20 INFO TaskSetManager: Starting task 5.0 in stage 3.0 (TID 53) (localhost, executor driver, partition 5, NODE_LOCAL, 8806 bytes) 
26/05/12 11:01:20 INFO TaskSetManager: Starting task 6.0 in stage 3.0 (TID 54) (localhost, executor driver, partition 6, NODE_LOCAL, 8806 bytes) 
26/05/12 11:01:20 INFO TaskSetManager: Starting task 7.0 in stage 3.0 (TID 55) (localhost, executor driver, partition 7, NODE_LOCAL, 8806 bytes) 
26/05/12 11:01:20 INFO TaskSetManager: Starting task 8.0 in stage 3.0 (TID 56) (localhost, executor driver, partition 8, NODE_LOCAL, 8806 bytes) 
26/05/12 11:01:20 INFO TaskSetManager: Starting task 9.0 in stage 3.0 (TID 57) (localhost, executor driver, partition 9, NODE_LOCAL, 8806 bytes) 
26/05/12 11:01:20 INFO TaskSetManager: Starting task 10.0 in stage 3.0 (TID 58) (localhost, executor driver, partition 10, NODE_LOCAL, 8806 bytes) 
26/05/12 11:01:20 INFO TaskSetManager: Starting task 11.0 in stage 3.0 (TID 59) (localhost, executor driver, partition 11, NODE_LOCAL, 8806 bytes) 
26/05/12 11:01:20 INFO TaskSetManager: Starting task 12.0 in stage 3.0 (TID 60) (localhost, executor driver, partition 12, NODE_LOCAL, 8806 bytes) 
26/05/12 11:01:20 INFO TaskSetManager: Starting task 13.0 in stage 3.0 (TID 61) (localhost, executor driver, partition 13, NODE_LOCAL, 8806 bytes) 
26/05/12 11:01:20 INFO TaskSetManager: Starting task 14.0 in stage 3.0 (TID 62) (localhost, executor driver, partition 14, NODE_LOCAL, 8806 bytes) 
26/05/12 11:01:20 INFO Executor: Running task 0.0 in stage 3.0 (TID 48)
26/05/12 11:01:20 INFO Executor: Running task 2.0 in stage 3.0 (TID 50)
26/05/12 11:01:20 INFO Executor: Running task 1.0 in stage 3.0 (TID 49)
26/05/12 11:01:20 INFO Executor: Running task 3.0 in stage 3.0 (TID 51)
26/05/12 11:01:20 INFO Executor: Running task 11.0 in stage 3.0 (TID 59)
26/05/12 11:01:20 INFO Executor: Running task 12.0 in stage 3.0 (TID 60)
26/05/12 11:01:20 INFO Executor: Running task 5.0 in stage 3.0 (TID 53)
26/05/12 11:01:20 INFO Executor: Running task 7.0 in stage 3.0 (TID 55)
26/05/12 11:01:20 INFO Executor: Running task 14.0 in stage 3.0 (TID 62)
26/05/12 11:01:20 INFO Executor: Running task 13.0 in stage 3.0 (TID 61)
26/05/12 11:01:20 INFO Executor: Running task 6.0 in stage 3.0 (TID 54)
26/05/12 11:01:20 INFO Executor: Running task 4.0 in stage 3.0 (TID 52)
26/05/12 11:01:20 INFO Executor: Running task 10.0 in stage 3.0 (TID 58)
26/05/12 11:01:20 INFO Executor: Running task 9.0 in stage 3.0 (TID 57)
26/05/12 11:01:20 INFO Executor: Running task 8.0 in stage 3.0 (TID 56)
26/05/12 11:01:20 INFO ShuffleBlockFetcherIterator: Getting 13 (4.5 KiB) non-empty blocks including 13 (4.5 KiB) local and 0 (0.0 B) host-local and 0 (0.0 B) push-merged-local and 0 (0.0 B) remote blocks
26/05/12 11:01:20 INFO ShuffleBlockFetcherIterator: Getting 10 (1630.0 B) non-empty blocks including 10 (1630.0 B) local and 0 (0.0 B) host-local and 0 (0.0 B) push-merged-local and 0 (0.0 B) remote blocks
26/05/12 11:01:20 INFO ShuffleBlockFetcherIterator: Started 0 remote fetches in 0 ms
26/05/12 11:01:20 INFO ShuffleBlockFetcherIterator: Getting 13 (4.6 KiB) non-empty blocks including 13 (4.6 KiB) local and 0 (0.0 B) host-local and 0 (0.0 B) push-merged-local and 0 (0.0 B) remote blocks
26/05/12 11:01:20 INFO ShuffleBlockFetcherIterator: Getting 12 (2.4 KiB) non-empty blocks including 12 (2.4 KiB) local and 0 (0.0 B) host-local and 0 (0.0 B) push-merged-local and 0 (0.0 B) remote blocks
26/05/12 11:01:20 INFO ShuffleBlockFetcherIterator: Getting 11 (1952.0 B) non-empty blocks including 11 (1952.0 B) local and 0 (0.0 B) host-local and 0 (0.0 B) push-merged-local and 0 (0.0 B) remote blocks
26/05/12 11:01:20 INFO ShuffleBlockFetcherIterator: Getting 13 (3.1 KiB) non-empty blocks including 13 (3.1 KiB) local and 0 (0.0 B) host-local and 0 (0.0 B) push-merged-local and 0 (0.0 B) remote blocks
26/05/12 11:01:20 INFO ShuffleBlockFetcherIterator: Getting 10 (1902.0 B) non-empty blocks including 10 (1902.0 B) local and 0 (0.0 B) host-local and 0 (0.0 B) push-merged-local and 0 (0.0 B) remote blocks
26/05/12 11:01:20 INFO ShuffleBlockFetcherIterator: Started 0 remote fetches in 0 ms
26/05/12 11:01:20 INFO ShuffleBlockFetcherIterator: Started 0 remote fetches in 0 ms
26/05/12 11:01:20 INFO ShuffleBlockFetcherIterator: Started 0 remote fetches in 0 ms
26/05/12 11:01:20 INFO ShuffleBlockFetcherIterator: Getting 13 (4.6 KiB) non-empty blocks including 13 (4.6 KiB) local and 0 (0.0 B) host-local and 0 (0.0 B) push-merged-local and 0 (0.0 B) remote blocks
26/05/12 11:01:20 INFO ShuffleBlockFetcherIterator: Getting 13 (5.4 KiB) non-empty blocks including 13 (5.4 KiB) local and 0 (0.0 B) host-local and 0 (0.0 B) push-merged-local and 0 (0.0 B) remote blocks
26/05/12 11:01:20 INFO ShuffleBlockFetcherIterator: Started 0 remote fetches in 0 ms
26/05/12 11:01:20 INFO ShuffleBlockFetcherIterator: Getting 13 (4.5 KiB) non-empty blocks including 13 (4.5 KiB) local and 0 (0.0 B) host-local and 0 (0.0 B) push-merged-local and 0 (0.0 B) remote blocks
26/05/12 11:01:20 INFO ShuffleBlockFetcherIterator: Started 0 remote fetches in 0 ms
26/05/12 11:01:20 INFO ShuffleBlockFetcherIterator: Started 0 remote fetches in 0 ms
26/05/12 11:01:20 INFO ShuffleBlockFetcherIterator: Getting 13 (4.7 KiB) non-empty blocks including 13 (4.7 KiB) local and 0 (0.0 B) host-local and 0 (0.0 B) push-merged-local and 0 (0.0 B) remote blocks
26/05/12 11:01:20 INFO ShuffleBlockFetcherIterator: Started 0 remote fetches in 0 ms
26/05/12 11:01:20 INFO ShuffleBlockFetcherIterator: Started 0 remote fetches in 0 ms
26/05/12 11:01:20 INFO ShuffleBlockFetcherIterator: Started 0 remote fetches in 0 ms
26/05/12 11:01:20 INFO ShuffleBlockFetcherIterator: Started 0 remote fetches in 0 ms
26/05/12 11:01:20 INFO ShuffleBlockFetcherIterator: Getting 13 (4.0 KiB) non-empty blocks including 13 (4.0 KiB) local and 0 (0.0 B) host-local and 0 (0.0 B) push-merged-local and 0 (0.0 B) remote blocks
26/05/12 11:01:20 INFO ShuffleBlockFetcherIterator: Started 0 remote fetches in 0 ms
26/05/12 11:01:20 INFO ShuffleBlockFetcherIterator: Getting 13 (4.9 KiB) non-empty blocks including 13 (4.9 KiB) local and 0 (0.0 B) host-local and 0 (0.0 B) push-merged-local and 0 (0.0 B) remote blocks
26/05/12 11:01:20 INFO ShuffleBlockFetcherIterator: Started 0 remote fetches in 0 ms
26/05/12 11:01:20 INFO ShuffleBlockFetcherIterator: Getting 13 (2.7 KiB) non-empty blocks including 13 (2.7 KiB) local and 0 (0.0 B) host-local and 0 (0.0 B) push-merged-local and 0 (0.0 B) remote blocks
26/05/12 11:01:20 INFO ShuffleBlockFetcherIterator: Started 0 remote fetches in 0 ms
26/05/12 11:01:20 INFO ShuffleBlockFetcherIterator: Getting 13 (5.6 KiB) non-empty blocks including 13 (5.6 KiB) local and 0 (0.0 B) host-local and 0 (0.0 B) push-merged-local and 0 (0.0 B) remote blocks
26/05/12 11:01:20 INFO ShuffleBlockFetcherIterator: Started 0 remote fetches in 0 ms
26/05/12 11:01:21 INFO PythonRunner: Times: total = 30, boot = -76, init = 106, finish = 0
26/05/12 11:01:21 INFO PythonRunner: Times: total = 30, boot = -72, init = 102, finish = 0
26/05/12 11:01:21 INFO PythonRunner: Times: total = 31, boot = -80, init = 111, finish = 0
26/05/12 11:01:21 INFO Executor: Finished task 2.0 in stage 3.0 (TID 50). 2245 bytes result sent to driver
26/05/12 11:01:21 INFO TaskSetManager: Starting task 15.0 in stage 3.0 (TID 63) (localhost, executor driver, partition 15, NODE_LOCAL, 8806 bytes) 
26/05/12 11:01:21 INFO Executor: Finished task 8.0 in stage 3.0 (TID 56). 2245 bytes result sent to driver
26/05/12 11:01:21 INFO Executor: Running task 15.0 in stage 3.0 (TID 63)
26/05/12 11:01:21 INFO Executor: Finished task 6.0 in stage 3.0 (TID 54). 2245 bytes result sent to driver
26/05/12 11:01:21 INFO TaskSetManager: Starting task 16.0 in stage 3.0 (TID 64) (localhost, executor driver, partition 16, NODE_LOCAL, 8806 bytes) 
26/05/12 11:01:21 INFO TaskSetManager: Finished task 2.0 in stage 3.0 (TID 50) in 40 ms on localhost (executor driver) (1/24)
26/05/12 11:01:21 INFO Executor: Running task 16.0 in stage 3.0 (TID 64)
26/05/12 11:01:21 INFO TaskSetManager: Finished task 8.0 in stage 3.0 (TID 56) in 40 ms on localhost (executor driver) (2/24)
26/05/12 11:01:21 INFO TaskSetManager: Starting task 17.0 in stage 3.0 (TID 65) (localhost, executor driver, partition 17, NODE_LOCAL, 8806 bytes) 
26/05/12 11:01:21 INFO Executor: Running task 17.0 in stage 3.0 (TID 65)
26/05/12 11:01:21 INFO TaskSetManager: Finished task 6.0 in stage 3.0 (TID 54) in 40 ms on localhost (executor driver) (3/24)
26/05/12 11:01:21 INFO PythonRunner: Times: total = 33, boot = -36, init = 68, finish = 1
26/05/12 11:01:21 INFO ShuffleBlockFetcherIterator: Getting 13 (2.9 KiB) non-empty blocks including 13 (2.9 KiB) local and 0 (0.0 B) host-local and 0 (0.0 B) push-merged-local and 0 (0.0 B) remote blocks
26/05/12 11:01:21 INFO ShuffleBlockFetcherIterator: Getting 13 (4.8 KiB) non-empty blocks including 13 (4.8 KiB) local and 0 (0.0 B) host-local and 0 (0.0 B) push-merged-local and 0 (0.0 B) remote blocks
26/05/12 11:01:21 INFO ShuffleBlockFetcherIterator: Getting 13 (5.0 KiB) non-empty blocks including 13 (5.0 KiB) local and 0 (0.0 B) host-local and 0 (0.0 B) push-merged-local and 0 (0.0 B) remote blocks
26/05/12 11:01:21 INFO ShuffleBlockFetcherIterator: Started 0 remote fetches in 0 ms
26/05/12 11:01:21 INFO ShuffleBlockFetcherIterator: Started 0 remote fetches in 0 ms
26/05/12 11:01:21 INFO ShuffleBlockFetcherIterator: Started 0 remote fetches in 0 ms
26/05/12 11:01:21 INFO PythonRunner: Times: total = 35, boot = -93, init = 128, finish = 0
26/05/12 11:01:21 INFO PythonRunner: Times: total = 35, boot = -55, init = 89, finish = 1
26/05/12 11:01:21 INFO Executor: Finished task 7.0 in stage 3.0 (TID 55). 2202 bytes result sent to driver
26/05/12 11:01:21 INFO TaskSetManager: Starting task 18.0 in stage 3.0 (TID 66) (localhost, executor driver, partition 18, NODE_LOCAL, 8806 bytes) 
26/05/12 11:01:21 INFO TaskSetManager: Finished task 7.0 in stage 3.0 (TID 55) in 44 ms on localhost (executor driver) (4/24)
26/05/12 11:01:21 INFO Executor: Running task 18.0 in stage 3.0 (TID 66)
26/05/12 11:01:21 INFO Executor: Finished task 12.0 in stage 3.0 (TID 60). 2245 bytes result sent to driver
26/05/12 11:01:21 INFO TaskSetManager: Starting task 19.0 in stage 3.0 (TID 67) (localhost, executor driver, partition 19, NODE_LOCAL, 8806 bytes) 
26/05/12 11:01:21 INFO TaskSetManager: Finished task 12.0 in stage 3.0 (TID 60) in 44 ms on localhost (executor driver) (5/24)
26/05/12 11:01:21 INFO Executor: Running task 19.0 in stage 3.0 (TID 67)
26/05/12 11:01:21 INFO Executor: Finished task 9.0 in stage 3.0 (TID 57). 2245 bytes result sent to driver
26/05/12 11:01:21 INFO TaskSetManager: Starting task 20.0 in stage 3.0 (TID 68) (localhost, executor driver, partition 20, NODE_LOCAL, 8806 bytes) 
26/05/12 11:01:21 INFO TaskSetManager: Finished task 9.0 in stage 3.0 (TID 57) in 46 ms on localhost (executor driver) (6/24)
26/05/12 11:01:21 INFO PythonRunner: Times: total = 38, boot = -73, init = 110, finish = 1
26/05/12 11:01:21 INFO Executor: Running task 20.0 in stage 3.0 (TID 68)
26/05/12 11:01:21 INFO ShuffleBlockFetcherIterator: Getting 13 (4.3 KiB) non-empty blocks including 13 (4.3 KiB) local and 0 (0.0 B) host-local and 0 (0.0 B) push-merged-local and 0 (0.0 B) remote blocks
26/05/12 11:01:21 INFO ShuffleBlockFetcherIterator: Getting 13 (2.3 KiB) non-empty blocks including 13 (2.3 KiB) local and 0 (0.0 B) host-local and 0 (0.0 B) push-merged-local and 0 (0.0 B) remote blocks
26/05/12 11:01:21 INFO ShuffleBlockFetcherIterator: Started 0 remote fetches in 0 ms
26/05/12 11:01:21 INFO ShuffleBlockFetcherIterator: Started 0 remote fetches in 0 ms
26/05/12 11:01:21 INFO Executor: Finished task 10.0 in stage 3.0 (TID 58). 2245 bytes result sent to driver
26/05/12 11:01:21 INFO TaskSetManager: Starting task 21.0 in stage 3.0 (TID 69) (localhost, executor driver, partition 21, NODE_LOCAL, 8806 bytes) 
26/05/12 11:01:21 INFO ShuffleBlockFetcherIterator: Getting 13 (3.6 KiB) non-empty blocks including 13 (3.6 KiB) local and 0 (0.0 B) host-local and 0 (0.0 B) push-merged-local and 0 (0.0 B) remote blocks
26/05/12 11:01:21 INFO ShuffleBlockFetcherIterator: Started 0 remote fetches in 0 ms
26/05/12 11:01:21 INFO Executor: Running task 21.0 in stage 3.0 (TID 69)
26/05/12 11:01:21 INFO TaskSetManager: Finished task 10.0 in stage 3.0 (TID 58) in 48 ms on localhost (executor driver) (7/24)
26/05/12 11:01:21 INFO ShuffleBlockFetcherIterator: Getting 13 (4.9 KiB) non-empty blocks including 13 (4.9 KiB) local and 0 (0.0 B) host-local and 0 (0.0 B) push-merged-local and 0 (0.0 B) remote blocks
26/05/12 11:01:21 INFO ShuffleBlockFetcherIterator: Started 0 remote fetches in 0 ms
26/05/12 11:01:21 INFO PythonRunner: Times: total = 44, boot = -58, init = 102, finish = 0
26/05/12 11:01:21 INFO PythonRunner: Times: total = 44, boot = -100, init = 143, finish = 1
26/05/12 11:01:21 INFO Executor: Finished task 14.0 in stage 3.0 (TID 62). 2245 bytes result sent to driver
26/05/12 11:01:21 INFO PythonRunner: Times: total = 45, boot = -83, init = 127, finish = 1
26/05/12 11:01:21 INFO TaskSetManager: Starting task 22.0 in stage 3.0 (TID 70) (localhost, executor driver, partition 22, NODE_LOCAL, 8806 bytes) 
26/05/12 11:01:21 INFO Executor: Finished task 1.0 in stage 3.0 (TID 49). 2245 bytes result sent to driver
26/05/12 11:01:21 INFO Executor: Running task 22.0 in stage 3.0 (TID 70)
26/05/12 11:01:21 INFO TaskSetManager: Starting task 23.0 in stage 3.0 (TID 71) (localhost, executor driver, partition 23, NODE_LOCAL, 8806 bytes) 
26/05/12 11:01:21 INFO TaskSetManager: Finished task 14.0 in stage 3.0 (TID 62) in 52 ms on localhost (executor driver) (8/24)
26/05/12 11:01:21 INFO TaskSetManager: Finished task 1.0 in stage 3.0 (TID 49) in 53 ms on localhost (executor driver) (9/24)
26/05/12 11:01:21 INFO Executor: Running task 23.0 in stage 3.0 (TID 71)
26/05/12 11:01:21 INFO Executor: Finished task 13.0 in stage 3.0 (TID 61). 2245 bytes result sent to driver
26/05/12 11:01:21 INFO TaskSetManager: Finished task 13.0 in stage 3.0 (TID 61) in 53 ms on localhost (executor driver) (10/24)
26/05/12 11:01:21 INFO ShuffleBlockFetcherIterator: Getting 13 (4.4 KiB) non-empty blocks including 13 (4.4 KiB) local and 0 (0.0 B) host-local and 0 (0.0 B) push-merged-local and 0 (0.0 B) remote blocks
26/05/12 11:01:21 INFO ShuffleBlockFetcherIterator: Started 0 remote fetches in 0 ms
26/05/12 11:01:21 INFO ShuffleBlockFetcherIterator: Getting 13 (4.6 KiB) non-empty blocks including 13 (4.6 KiB) local and 0 (0.0 B) host-local and 0 (0.0 B) push-merged-local and 0 (0.0 B) remote blocks
26/05/12 11:01:21 INFO ShuffleBlockFetcherIterator: Started 0 remote fetches in 0 ms
26/05/12 11:01:21 INFO PythonRunner: Times: total = 48, boot = -67, init = 115, finish = 0
26/05/12 11:01:21 INFO PythonRunner: Times: total = 50, boot = -57, init = 107, finish = 0
26/05/12 11:01:21 INFO Executor: Finished task 11.0 in stage 3.0 (TID 59). 2245 bytes result sent to driver
26/05/12 11:01:21 INFO Executor: Finished task 5.0 in stage 3.0 (TID 53). 2245 bytes result sent to driver
26/05/12 11:01:21 INFO TaskSetManager: Finished task 11.0 in stage 3.0 (TID 59) in 56 ms on localhost (executor driver) (11/24)
26/05/12 11:01:21 INFO TaskSetManager: Finished task 5.0 in stage 3.0 (TID 53) in 58 ms on localhost (executor driver) (12/24)
26/05/12 11:01:21 INFO PythonRunner: Times: total = 55, boot = -57, init = 111, finish = 1
26/05/12 11:01:21 INFO Executor: Finished task 0.0 in stage 3.0 (TID 48). 2245 bytes result sent to driver
26/05/12 11:01:21 INFO TaskSetManager: Finished task 0.0 in stage 3.0 (TID 48) in 65 ms on localhost (executor driver) (13/24)
26/05/12 11:01:21 INFO PythonRunner: Times: total = 60, boot = -39, init = 98, finish = 1
26/05/12 11:01:21 INFO PythonRunner: Times: total = 61, boot = -42, init = 103, finish = 0
26/05/12 11:01:21 INFO Executor: Finished task 4.0 in stage 3.0 (TID 52). 2202 bytes result sent to driver
26/05/12 11:01:21 INFO TaskSetManager: Finished task 4.0 in stage 3.0 (TID 52) in 70 ms on localhost (executor driver) (14/24)
26/05/12 11:01:21 INFO Executor: Finished task 3.0 in stage 3.0 (TID 51). 2245 bytes result sent to driver
26/05/12 11:01:21 INFO TaskSetManager: Finished task 3.0 in stage 3.0 (TID 51) in 70 ms on localhost (executor driver) (15/24)
26/05/12 11:01:21 INFO PythonRunner: Times: total = 30, boot = -64, init = 93, finish = 1
26/05/12 11:01:21 INFO Executor: Finished task 15.0 in stage 3.0 (TID 63). 2202 bytes result sent to driver
26/05/12 11:01:21 INFO TaskSetManager: Finished task 15.0 in stage 3.0 (TID 63) in 37 ms on localhost (executor driver) (16/24)
26/05/12 11:01:21 INFO PythonRunner: Times: total = 32, boot = -72, init = 104, finish = 0
26/05/12 11:01:21 INFO Executor: Finished task 16.0 in stage 3.0 (TID 64). 2202 bytes result sent to driver
26/05/12 11:01:21 INFO TaskSetManager: Finished task 16.0 in stage 3.0 (TID 64) in 38 ms on localhost (executor driver) (17/24)
26/05/12 11:01:21 INFO PythonRunner: Times: total = 30, boot = -65, init = 94, finish = 1
26/05/12 11:01:21 INFO PythonRunner: Times: total = 35, boot = -68, init = 103, finish = 0
26/05/12 11:01:21 INFO Executor: Finished task 19.0 in stage 3.0 (TID 67). 2202 bytes result sent to driver
26/05/12 11:01:21 INFO Executor: Finished task 17.0 in stage 3.0 (TID 65). 2202 bytes result sent to driver
26/05/12 11:01:21 INFO TaskSetManager: Finished task 19.0 in stage 3.0 (TID 67) in 37 ms on localhost (executor driver) (18/24)
26/05/12 11:01:21 INFO TaskSetManager: Finished task 17.0 in stage 3.0 (TID 65) in 41 ms on localhost (executor driver) (19/24)
26/05/12 11:01:21 INFO PythonRunner: Times: total = 32, boot = -66, init = 97, finish = 1
26/05/12 11:01:21 INFO Executor: Finished task 20.0 in stage 3.0 (TID 68). 2202 bytes result sent to driver
26/05/12 11:01:21 INFO TaskSetManager: Finished task 20.0 in stage 3.0 (TID 68) in 38 ms on localhost (executor driver) (20/24)
26/05/12 11:01:21 INFO PythonRunner: Times: total = 36, boot = -67, init = 103, finish = 0
26/05/12 11:01:21 INFO Executor: Finished task 18.0 in stage 3.0 (TID 66). 2202 bytes result sent to driver
26/05/12 11:01:21 INFO TaskSetManager: Finished task 18.0 in stage 3.0 (TID 66) in 44 ms on localhost (executor driver) (21/24)
26/05/12 11:01:21 INFO PythonRunner: Times: total = 32, boot = -68, init = 99, finish = 1
26/05/12 11:01:21 INFO PythonRunner: Times: total = 32, boot = -67, init = 98, finish = 1
26/05/12 11:01:21 INFO Executor: Finished task 23.0 in stage 3.0 (TID 71). 2202 bytes result sent to driver
26/05/12 11:01:21 INFO TaskSetManager: Finished task 23.0 in stage 3.0 (TID 71) in 37 ms on localhost (executor driver) (22/24)
26/05/12 11:01:21 INFO Executor: Finished task 22.0 in stage 3.0 (TID 70). 2202 bytes result sent to driver
26/05/12 11:01:21 INFO TaskSetManager: Finished task 22.0 in stage 3.0 (TID 70) in 38 ms on localhost (executor driver) (23/24)
26/05/12 11:01:21 INFO PythonRunner: Times: total = 40, boot = -63, init = 102, finish = 1
26/05/12 11:01:21 INFO Executor: Finished task 21.0 in stage 3.0 (TID 69). 2202 bytes result sent to driver
26/05/12 11:01:21 INFO TaskSetManager: Finished task 21.0 in stage 3.0 (TID 69) in 46 ms on localhost (executor driver) (24/24)
26/05/12 11:01:21 INFO TaskSchedulerImpl: Removed TaskSet 3.0, whose tasks have all completed, from pool 
26/05/12 11:01:21 INFO DAGScheduler: ShuffleMapStage 3 (groupByKey at /Users/camillamariasantoro/flight-delay-bigdata1/analysis_33/spark_core/spark_core_3_3_.py:78) finished in 0,096 s
26/05/12 11:01:21 INFO DAGScheduler: looking for newly runnable stages
26/05/12 11:01:21 INFO DAGScheduler: running: Set()
26/05/12 11:01:21 INFO DAGScheduler: waiting: Set(ResultStage 4)
26/05/12 11:01:21 INFO DAGScheduler: failed: Set()
26/05/12 11:01:21 INFO DAGScheduler: Submitting ResultStage 4 (PythonRDD[21] at sortBy at /Users/camillamariasantoro/flight-delay-bigdata1/analysis_33/spark_core/spark_core_3_3_.py:81), which has no missing parents
26/05/12 11:01:21 INFO MemoryStore: Block broadcast_5 stored as values in memory (estimated size 15.2 KiB, free 434.0 MiB)
26/05/12 11:01:21 INFO MemoryStore: Block broadcast_5_piece0 stored as bytes in memory (estimated size 8.4 KiB, free 434.0 MiB)
26/05/12 11:01:21 INFO BlockManagerInfo: Added broadcast_5_piece0 in memory on localhost:49971 (size: 8.4 KiB, free: 434.3 MiB)
26/05/12 11:01:21 INFO SparkContext: Created broadcast 5 from broadcast at DAGScheduler.scala:1611
26/05/12 11:01:21 INFO DAGScheduler: Submitting 24 missing tasks from ResultStage 4 (PythonRDD[21] at sortBy at /Users/camillamariasantoro/flight-delay-bigdata1/analysis_33/spark_core/spark_core_3_3_.py:81) (first 15 tasks are for partitions Vector(0, 1, 2, 3, 4, 5, 6, 7, 8, 9, 10, 11, 12, 13, 14))
26/05/12 11:01:21 INFO TaskSchedulerImpl: Adding task set 4.0 with 24 tasks resource profile 0
26/05/12 11:01:21 INFO TaskSetManager: Starting task 0.0 in stage 4.0 (TID 72) (localhost, executor driver, partition 0, NODE_LOCAL, 8817 bytes) 
26/05/12 11:01:21 INFO TaskSetManager: Starting task 1.0 in stage 4.0 (TID 73) (localhost, executor driver, partition 1, NODE_LOCAL, 8817 bytes) 
26/05/12 11:01:21 INFO TaskSetManager: Starting task 2.0 in stage 4.0 (TID 74) (localhost, executor driver, partition 2, NODE_LOCAL, 8817 bytes) 
26/05/12 11:01:21 INFO TaskSetManager: Starting task 3.0 in stage 4.0 (TID 75) (localhost, executor driver, partition 3, NODE_LOCAL, 8817 bytes) 
26/05/12 11:01:21 INFO TaskSetManager: Starting task 4.0 in stage 4.0 (TID 76) (localhost, executor driver, partition 4, NODE_LOCAL, 8817 bytes) 
26/05/12 11:01:21 INFO TaskSetManager: Starting task 5.0 in stage 4.0 (TID 77) (localhost, executor driver, partition 5, NODE_LOCAL, 8817 bytes) 
26/05/12 11:01:21 INFO TaskSetManager: Starting task 6.0 in stage 4.0 (TID 78) (localhost, executor driver, partition 6, NODE_LOCAL, 8817 bytes) 
26/05/12 11:01:21 INFO TaskSetManager: Starting task 7.0 in stage 4.0 (TID 79) (localhost, executor driver, partition 7, NODE_LOCAL, 8817 bytes) 
26/05/12 11:01:21 INFO TaskSetManager: Starting task 8.0 in stage 4.0 (TID 80) (localhost, executor driver, partition 8, NODE_LOCAL, 8817 bytes) 
26/05/12 11:01:21 INFO TaskSetManager: Starting task 9.0 in stage 4.0 (TID 81) (localhost, executor driver, partition 9, NODE_LOCAL, 8817 bytes) 
26/05/12 11:01:21 INFO TaskSetManager: Starting task 10.0 in stage 4.0 (TID 82) (localhost, executor driver, partition 10, NODE_LOCAL, 8817 bytes) 
26/05/12 11:01:21 INFO TaskSetManager: Starting task 11.0 in stage 4.0 (TID 83) (localhost, executor driver, partition 11, NODE_LOCAL, 8817 bytes) 
26/05/12 11:01:21 INFO TaskSetManager: Starting task 12.0 in stage 4.0 (TID 84) (localhost, executor driver, partition 12, NODE_LOCAL, 8817 bytes) 
26/05/12 11:01:21 INFO TaskSetManager: Starting task 13.0 in stage 4.0 (TID 85) (localhost, executor driver, partition 13, NODE_LOCAL, 8817 bytes) 
26/05/12 11:01:21 INFO TaskSetManager: Starting task 14.0 in stage 4.0 (TID 86) (localhost, executor driver, partition 14, NODE_LOCAL, 8817 bytes) 
26/05/12 11:01:21 INFO Executor: Running task 2.0 in stage 4.0 (TID 74)
26/05/12 11:01:21 INFO Executor: Running task 0.0 in stage 4.0 (TID 72)
26/05/12 11:01:21 INFO Executor: Running task 1.0 in stage 4.0 (TID 73)
26/05/12 11:01:21 INFO Executor: Running task 7.0 in stage 4.0 (TID 79)
26/05/12 11:01:21 INFO Executor: Running task 3.0 in stage 4.0 (TID 75)
26/05/12 11:01:21 INFO Executor: Running task 13.0 in stage 4.0 (TID 85)
26/05/12 11:01:21 INFO Executor: Running task 10.0 in stage 4.0 (TID 82)
26/05/12 11:01:21 INFO Executor: Running task 4.0 in stage 4.0 (TID 76)
26/05/12 11:01:21 INFO Executor: Running task 8.0 in stage 4.0 (TID 80)
26/05/12 11:01:21 INFO Executor: Running task 5.0 in stage 4.0 (TID 77)
26/05/12 11:01:21 INFO Executor: Running task 9.0 in stage 4.0 (TID 81)
26/05/12 11:01:21 INFO Executor: Running task 6.0 in stage 4.0 (TID 78)
26/05/12 11:01:21 INFO Executor: Running task 14.0 in stage 4.0 (TID 86)
26/05/12 11:01:21 INFO Executor: Running task 12.0 in stage 4.0 (TID 84)
26/05/12 11:01:21 INFO Executor: Running task 11.0 in stage 4.0 (TID 83)
26/05/12 11:01:21 INFO ShuffleBlockFetcherIterator: Getting 1 (955.0 B) non-empty blocks including 1 (955.0 B) local and 0 (0.0 B) host-local and 0 (0.0 B) push-merged-local and 0 (0.0 B) remote blocks
26/05/12 11:01:21 INFO ShuffleBlockFetcherIterator: Getting 1 (2.9 KiB) non-empty blocks including 1 (2.9 KiB) local and 0 (0.0 B) host-local and 0 (0.0 B) push-merged-local and 0 (0.0 B) remote blocks
26/05/12 11:01:21 INFO ShuffleBlockFetcherIterator: Started 0 remote fetches in 0 ms
26/05/12 11:01:21 INFO ShuffleBlockFetcherIterator: Getting 1 (789.0 B) non-empty blocks including 1 (789.0 B) local and 0 (0.0 B) host-local and 0 (0.0 B) push-merged-local and 0 (0.0 B) remote blocks
26/05/12 11:01:21 INFO ShuffleBlockFetcherIterator: Getting 1 (3.9 KiB) non-empty blocks including 1 (3.9 KiB) local and 0 (0.0 B) host-local and 0 (0.0 B) push-merged-local and 0 (0.0 B) remote blocks
26/05/12 11:01:21 INFO ShuffleBlockFetcherIterator: Started 0 remote fetches in 0 ms
26/05/12 11:01:21 INFO ShuffleBlockFetcherIterator: Started 0 remote fetches in 0 ms
26/05/12 11:01:21 INFO ShuffleBlockFetcherIterator: Getting 1 (2.4 KiB) non-empty blocks including 1 (2.4 KiB) local and 0 (0.0 B) host-local and 0 (0.0 B) push-merged-local and 0 (0.0 B) remote blocks
26/05/12 11:01:21 INFO ShuffleBlockFetcherIterator: Started 0 remote fetches in 0 ms
26/05/12 11:01:21 INFO ShuffleBlockFetcherIterator: Getting 1 (2.9 KiB) non-empty blocks including 1 (2.9 KiB) local and 0 (0.0 B) host-local and 0 (0.0 B) push-merged-local and 0 (0.0 B) remote blocks
26/05/12 11:01:21 INFO ShuffleBlockFetcherIterator: Started 0 remote fetches in 0 ms
26/05/12 11:01:21 INFO ShuffleBlockFetcherIterator: Started 0 remote fetches in 0 ms
26/05/12 11:01:21 INFO ShuffleBlockFetcherIterator: Getting 1 (1399.0 B) non-empty blocks including 1 (1399.0 B) local and 0 (0.0 B) host-local and 0 (0.0 B) push-merged-local and 0 (0.0 B) remote blocks
26/05/12 11:01:21 INFO ShuffleBlockFetcherIterator: Getting 1 (2.9 KiB) non-empty blocks including 1 (2.9 KiB) local and 0 (0.0 B) host-local and 0 (0.0 B) push-merged-local and 0 (0.0 B) remote blocks
26/05/12 11:01:21 INFO ShuffleBlockFetcherIterator: Getting 1 (1692.0 B) non-empty blocks including 1 (1692.0 B) local and 0 (0.0 B) host-local and 0 (0.0 B) push-merged-local and 0 (0.0 B) remote blocks
26/05/12 11:01:21 INFO ShuffleBlockFetcherIterator: Started 0 remote fetches in 0 ms
26/05/12 11:01:21 INFO ShuffleBlockFetcherIterator: Getting 1 (2.9 KiB) non-empty blocks including 1 (2.9 KiB) local and 0 (0.0 B) host-local and 0 (0.0 B) push-merged-local and 0 (0.0 B) remote blocks
26/05/12 11:01:21 INFO ShuffleBlockFetcherIterator: Getting 1 (2.9 KiB) non-empty blocks including 1 (2.9 KiB) local and 0 (0.0 B) host-local and 0 (0.0 B) push-merged-local and 0 (0.0 B) remote blocks
26/05/12 11:01:21 INFO ShuffleBlockFetcherIterator: Started 0 remote fetches in 0 ms
26/05/12 11:01:21 INFO ShuffleBlockFetcherIterator: Getting 1 (3.5 KiB) non-empty blocks including 1 (3.5 KiB) local and 0 (0.0 B) host-local and 0 (0.0 B) push-merged-local and 0 (0.0 B) remote blocks
26/05/12 11:01:21 INFO ShuffleBlockFetcherIterator: Started 0 remote fetches in 0 ms
26/05/12 11:01:21 INFO ShuffleBlockFetcherIterator: Getting 1 (955.0 B) non-empty blocks including 1 (955.0 B) local and 0 (0.0 B) host-local and 0 (0.0 B) push-merged-local and 0 (0.0 B) remote blocks
26/05/12 11:01:21 INFO ShuffleBlockFetcherIterator: Started 0 remote fetches in 0 ms
26/05/12 11:01:21 INFO ShuffleBlockFetcherIterator: Started 0 remote fetches in 0 ms
26/05/12 11:01:21 INFO ShuffleBlockFetcherIterator: Started 0 remote fetches in 0 ms
26/05/12 11:01:21 INFO ShuffleBlockFetcherIterator: Started 0 remote fetches in 0 ms
26/05/12 11:01:21 INFO ShuffleBlockFetcherIterator: Getting 1 (1271.0 B) non-empty blocks including 1 (1271.0 B) local and 0 (0.0 B) host-local and 0 (0.0 B) push-merged-local and 0 (0.0 B) remote blocks
26/05/12 11:01:21 INFO ShuffleBlockFetcherIterator: Started 0 remote fetches in 0 ms
26/05/12 11:01:21 INFO ShuffleBlockFetcherIterator: Getting 1 (3.2 KiB) non-empty blocks including 1 (3.2 KiB) local and 0 (0.0 B) host-local and 0 (0.0 B) push-merged-local and 0 (0.0 B) remote blocks
26/05/12 11:01:21 INFO ShuffleBlockFetcherIterator: Started 0 remote fetches in 0 ms
26/05/12 11:01:21 INFO PythonRunner: Times: total = 29, boot = -105, init = 134, finish = 0
26/05/12 11:01:21 INFO Executor: Finished task 9.0 in stage 4.0 (TID 81). 2054 bytes result sent to driver
26/05/12 11:01:21 INFO PythonRunner: Times: total = 31, boot = -111, init = 142, finish = 0
26/05/12 11:01:21 INFO PythonRunner: Times: total = 31, boot = -110, init = 141, finish = 0
26/05/12 11:01:21 INFO TaskSetManager: Starting task 15.0 in stage 4.0 (TID 87) (localhost, executor driver, partition 15, NODE_LOCAL, 8817 bytes) 
26/05/12 11:01:21 INFO Executor: Running task 15.0 in stage 4.0 (TID 87)
26/05/12 11:01:21 INFO TaskSetManager: Finished task 9.0 in stage 4.0 (TID 81) in 35 ms on localhost (executor driver) (1/24)
26/05/12 11:01:21 INFO Executor: Finished task 7.0 in stage 4.0 (TID 79). 2054 bytes result sent to driver
26/05/12 11:01:21 INFO Executor: Finished task 2.0 in stage 4.0 (TID 74). 2054 bytes result sent to driver
26/05/12 11:01:21 INFO TaskSetManager: Starting task 16.0 in stage 4.0 (TID 88) (localhost, executor driver, partition 16, NODE_LOCAL, 8817 bytes) 
26/05/12 11:01:21 INFO TaskSetManager: Finished task 7.0 in stage 4.0 (TID 79) in 35 ms on localhost (executor driver) (2/24)
26/05/12 11:01:21 INFO Executor: Running task 16.0 in stage 4.0 (TID 88)
26/05/12 11:01:21 INFO TaskSetManager: Starting task 17.0 in stage 4.0 (TID 89) (localhost, executor driver, partition 17, NODE_LOCAL, 8817 bytes) 
26/05/12 11:01:21 INFO TaskSetManager: Finished task 2.0 in stage 4.0 (TID 74) in 36 ms on localhost (executor driver) (3/24)
26/05/12 11:01:21 INFO Executor: Running task 17.0 in stage 4.0 (TID 89)
26/05/12 11:01:21 INFO PythonRunner: Times: total = 31, boot = -46, init = 77, finish = 0
26/05/12 11:01:21 INFO PythonRunner: Times: total = 32, boot = -109, init = 141, finish = 0
26/05/12 11:01:21 INFO PythonRunner: Times: total = 32, boot = -43, init = 75, finish = 0
26/05/12 11:01:21 INFO Executor: Finished task 13.0 in stage 4.0 (TID 85). 2054 bytes result sent to driver
26/05/12 11:01:21 INFO Executor: Finished task 10.0 in stage 4.0 (TID 82). 2054 bytes result sent to driver
26/05/12 11:01:21 INFO TaskSetManager: Starting task 18.0 in stage 4.0 (TID 90) (localhost, executor driver, partition 18, NODE_LOCAL, 8817 bytes) 
26/05/12 11:01:21 INFO TaskSetManager: Finished task 13.0 in stage 4.0 (TID 85) in 36 ms on localhost (executor driver) (4/24)
26/05/12 11:01:21 INFO Executor: Finished task 5.0 in stage 4.0 (TID 77). 2054 bytes result sent to driver
26/05/12 11:01:21 INFO TaskSetManager: Starting task 19.0 in stage 4.0 (TID 91) (localhost, executor driver, partition 19, NODE_LOCAL, 8817 bytes) 
26/05/12 11:01:21 INFO Executor: Running task 18.0 in stage 4.0 (TID 90)
26/05/12 11:01:21 INFO TaskSetManager: Finished task 10.0 in stage 4.0 (TID 82) in 37 ms on localhost (executor driver) (5/24)
26/05/12 11:01:21 INFO TaskSetManager: Starting task 20.0 in stage 4.0 (TID 92) (localhost, executor driver, partition 20, NODE_LOCAL, 8817 bytes) 
26/05/12 11:01:21 INFO TaskSetManager: Finished task 5.0 in stage 4.0 (TID 77) in 37 ms on localhost (executor driver) (6/24)
26/05/12 11:01:21 INFO PythonRunner: Times: total = 32, boot = -53, init = 85, finish = 0
26/05/12 11:01:21 INFO Executor: Running task 19.0 in stage 4.0 (TID 91)
26/05/12 11:01:21 INFO ShuffleBlockFetcherIterator: Getting 1 (2.9 KiB) non-empty blocks including 1 (2.9 KiB) local and 0 (0.0 B) host-local and 0 (0.0 B) push-merged-local and 0 (0.0 B) remote blocks
26/05/12 11:01:21 INFO Executor: Running task 20.0 in stage 4.0 (TID 92)
26/05/12 11:01:21 INFO ShuffleBlockFetcherIterator: Started 0 remote fetches in 0 ms
26/05/12 11:01:21 INFO ShuffleBlockFetcherIterator: Getting 1 (1538.0 B) non-empty blocks including 1 (1538.0 B) local and 0 (0.0 B) host-local and 0 (0.0 B) push-merged-local and 0 (0.0 B) remote blocks
26/05/12 11:01:21 INFO ShuffleBlockFetcherIterator: Started 0 remote fetches in 0 ms
26/05/12 11:01:21 INFO Executor: Finished task 3.0 in stage 4.0 (TID 75). 2054 bytes result sent to driver
26/05/12 11:01:21 INFO TaskSetManager: Starting task 21.0 in stage 4.0 (TID 93) (localhost, executor driver, partition 21, NODE_LOCAL, 8817 bytes) 
26/05/12 11:01:21 INFO TaskSetManager: Finished task 3.0 in stage 4.0 (TID 75) in 39 ms on localhost (executor driver) (7/24)
26/05/12 11:01:21 INFO ShuffleBlockFetcherIterator: Getting 1 (3.2 KiB) non-empty blocks including 1 (3.2 KiB) local and 0 (0.0 B) host-local and 0 (0.0 B) push-merged-local and 0 (0.0 B) remote blocks
26/05/12 11:01:21 INFO ShuffleBlockFetcherIterator: Started 0 remote fetches in 0 ms
26/05/12 11:01:21 INFO Executor: Running task 21.0 in stage 4.0 (TID 93)
26/05/12 11:01:21 INFO PythonRunner: Times: total = 34, boot = -56, init = 89, finish = 1
26/05/12 11:01:21 INFO PythonRunner: Times: total = 34, boot = -61, init = 95, finish = 0
26/05/12 11:01:21 INFO Executor: Finished task 12.0 in stage 4.0 (TID 84). 2054 bytes result sent to driver
26/05/12 11:01:21 INFO ShuffleBlockFetcherIterator: Getting 1 (1156.0 B) non-empty blocks including 1 (1156.0 B) local and 0 (0.0 B) host-local and 0 (0.0 B) push-merged-local and 0 (0.0 B) remote blocks
26/05/12 11:01:21 INFO ShuffleBlockFetcherIterator: Getting 1 (2.0 KiB) non-empty blocks including 1 (2.0 KiB) local and 0 (0.0 B) host-local and 0 (0.0 B) push-merged-local and 0 (0.0 B) remote blocks
26/05/12 11:01:21 INFO ShuffleBlockFetcherIterator: Started 0 remote fetches in 0 ms
26/05/12 11:01:21 INFO ShuffleBlockFetcherIterator: Started 0 remote fetches in 0 ms
26/05/12 11:01:21 INFO TaskSetManager: Starting task 22.0 in stage 4.0 (TID 94) (localhost, executor driver, partition 22, NODE_LOCAL, 8817 bytes) 
26/05/12 11:01:21 INFO TaskSetManager: Finished task 12.0 in stage 4.0 (TID 84) in 39 ms on localhost (executor driver) (8/24)
26/05/12 11:01:21 INFO Executor: Running task 22.0 in stage 4.0 (TID 94)
26/05/12 11:01:21 INFO ShuffleBlockFetcherIterator: Getting 1 (2.7 KiB) non-empty blocks including 1 (2.7 KiB) local and 0 (0.0 B) host-local and 0 (0.0 B) push-merged-local and 0 (0.0 B) remote blocks
26/05/12 11:01:21 INFO ShuffleBlockFetcherIterator: Started 0 remote fetches in 0 ms
26/05/12 11:01:21 INFO Executor: Finished task 11.0 in stage 4.0 (TID 83). 2054 bytes result sent to driver
26/05/12 11:01:21 INFO PythonRunner: Times: total = 35, boot = -56, init = 91, finish = 0
26/05/12 11:01:21 INFO TaskSetManager: Starting task 23.0 in stage 4.0 (TID 95) (localhost, executor driver, partition 23, NODE_LOCAL, 8817 bytes) 
26/05/12 11:01:21 INFO TaskSetManager: Finished task 11.0 in stage 4.0 (TID 83) in 40 ms on localhost (executor driver) (9/24)
26/05/12 11:01:21 INFO Executor: Running task 23.0 in stage 4.0 (TID 95)
26/05/12 11:01:21 INFO Executor: Finished task 8.0 in stage 4.0 (TID 80). 2054 bytes result sent to driver
26/05/12 11:01:21 INFO TaskSetManager: Finished task 8.0 in stage 4.0 (TID 80) in 41 ms on localhost (executor driver) (10/24)
26/05/12 11:01:21 INFO ShuffleBlockFetcherIterator: Getting 1 (2.9 KiB) non-empty blocks including 1 (2.9 KiB) local and 0 (0.0 B) host-local and 0 (0.0 B) push-merged-local and 0 (0.0 B) remote blocks
26/05/12 11:01:21 INFO ShuffleBlockFetcherIterator: Getting 1 (3.2 KiB) non-empty blocks including 1 (3.2 KiB) local and 0 (0.0 B) host-local and 0 (0.0 B) push-merged-local and 0 (0.0 B) remote blocks
26/05/12 11:01:21 INFO ShuffleBlockFetcherIterator: Started 0 remote fetches in 0 ms
26/05/12 11:01:21 INFO ShuffleBlockFetcherIterator: Started 0 remote fetches in 0 ms
26/05/12 11:01:21 INFO ShuffleBlockFetcherIterator: Getting 1 (2.7 KiB) non-empty blocks including 1 (2.7 KiB) local and 0 (0.0 B) host-local and 0 (0.0 B) push-merged-local and 0 (0.0 B) remote blocks
26/05/12 11:01:21 INFO ShuffleBlockFetcherIterator: Started 0 remote fetches in 0 ms
26/05/12 11:01:21 INFO PythonRunner: Times: total = 41, boot = -51, init = 92, finish = 0
26/05/12 11:01:21 INFO Executor: Finished task 6.0 in stage 4.0 (TID 78). 2054 bytes result sent to driver
26/05/12 11:01:21 INFO TaskSetManager: Finished task 6.0 in stage 4.0 (TID 78) in 46 ms on localhost (executor driver) (11/24)
26/05/12 11:01:21 INFO PythonRunner: Times: total = 44, boot = -104, init = 148, finish = 0
26/05/12 11:01:21 INFO Executor: Finished task 1.0 in stage 4.0 (TID 73). 2054 bytes result sent to driver
26/05/12 11:01:21 INFO TaskSetManager: Finished task 1.0 in stage 4.0 (TID 73) in 49 ms on localhost (executor driver) (12/24)
26/05/12 11:01:21 INFO PythonRunner: Times: total = 47, boot = -108, init = 155, finish = 0
26/05/12 11:01:21 INFO Executor: Finished task 14.0 in stage 4.0 (TID 86). 2054 bytes result sent to driver
26/05/12 11:01:21 INFO TaskSetManager: Finished task 14.0 in stage 4.0 (TID 86) in 51 ms on localhost (executor driver) (13/24)
26/05/12 11:01:21 INFO PythonRunner: Times: total = 49, boot = -45, init = 94, finish = 0
26/05/12 11:01:21 INFO Executor: Finished task 4.0 in stage 4.0 (TID 76). 2054 bytes result sent to driver
26/05/12 11:01:21 INFO TaskSetManager: Finished task 4.0 in stage 4.0 (TID 76) in 55 ms on localhost (executor driver) (14/24)
26/05/12 11:01:21 INFO PythonRunner: Times: total = 59, boot = -59, init = 117, finish = 1
26/05/12 11:01:21 INFO Executor: Finished task 0.0 in stage 4.0 (TID 72). 2054 bytes result sent to driver
26/05/12 11:01:21 INFO TaskSetManager: Finished task 0.0 in stage 4.0 (TID 72) in 65 ms on localhost (executor driver) (15/24)
26/05/12 11:01:21 INFO PythonRunner: Times: total = 31, boot = -76, init = 107, finish = 0
26/05/12 11:01:21 INFO Executor: Finished task 15.0 in stage 4.0 (TID 87). 2011 bytes result sent to driver
26/05/12 11:01:21 INFO PythonRunner: Times: total = 26, boot = -60, init = 86, finish = 0
26/05/12 11:01:21 INFO TaskSetManager: Finished task 15.0 in stage 4.0 (TID 87) in 35 ms on localhost (executor driver) (16/24)
26/05/12 11:01:21 INFO PythonRunner: Times: total = 32, boot = -74, init = 106, finish = 0
26/05/12 11:01:21 INFO Executor: Finished task 23.0 in stage 4.0 (TID 95). 2011 bytes result sent to driver
26/05/12 11:01:21 INFO TaskSetManager: Finished task 23.0 in stage 4.0 (TID 95) in 31 ms on localhost (executor driver) (17/24)
26/05/12 11:01:21 INFO Executor: Finished task 17.0 in stage 4.0 (TID 89). 2011 bytes result sent to driver
26/05/12 11:01:21 INFO TaskSetManager: Finished task 17.0 in stage 4.0 (TID 89) in 35 ms on localhost (executor driver) (18/24)
26/05/12 11:01:21 INFO PythonRunner: Times: total = 32, boot = -65, init = 97, finish = 0
26/05/12 11:01:21 INFO PythonRunner: Times: total = 32, boot = -64, init = 96, finish = 0
26/05/12 11:01:21 INFO Executor: Finished task 18.0 in stage 4.0 (TID 90). 2011 bytes result sent to driver
26/05/12 11:01:21 INFO TaskSetManager: Finished task 18.0 in stage 4.0 (TID 90) in 35 ms on localhost (executor driver) (19/24)
26/05/12 11:01:21 INFO Executor: Finished task 19.0 in stage 4.0 (TID 91). 2011 bytes result sent to driver
26/05/12 11:01:21 INFO TaskSetManager: Finished task 19.0 in stage 4.0 (TID 91) in 36 ms on localhost (executor driver) (20/24)
26/05/12 11:01:21 INFO PythonRunner: Times: total = 34, boot = -75, init = 109, finish = 0
26/05/12 11:01:21 INFO Executor: Finished task 16.0 in stage 4.0 (TID 88). 2011 bytes result sent to driver
26/05/12 11:01:21 INFO PythonRunner: Times: total = 34, boot = -70, init = 104, finish = 0
26/05/12 11:01:21 INFO TaskSetManager: Finished task 16.0 in stage 4.0 (TID 88) in 38 ms on localhost (executor driver) (21/24)
26/05/12 11:01:21 INFO Executor: Finished task 20.0 in stage 4.0 (TID 92). 2011 bytes result sent to driver
26/05/12 11:01:21 INFO TaskSetManager: Finished task 20.0 in stage 4.0 (TID 92) in 36 ms on localhost (executor driver) (22/24)
26/05/12 11:01:21 INFO PythonRunner: Times: total = 33, boot = -60, init = 93, finish = 0
26/05/12 11:01:21 INFO Executor: Finished task 21.0 in stage 4.0 (TID 93). 2011 bytes result sent to driver
26/05/12 11:01:21 INFO TaskSetManager: Finished task 21.0 in stage 4.0 (TID 93) in 38 ms on localhost (executor driver) (23/24)
26/05/12 11:01:21 INFO PythonRunner: Times: total = 37, boot = -62, init = 99, finish = 0
26/05/12 11:01:21 INFO Executor: Finished task 22.0 in stage 4.0 (TID 94). 2054 bytes result sent to driver
26/05/12 11:01:21 INFO TaskSetManager: Finished task 22.0 in stage 4.0 (TID 94) in 40 ms on localhost (executor driver) (24/24)
26/05/12 11:01:21 INFO TaskSchedulerImpl: Removed TaskSet 4.0, whose tasks have all completed, from pool 
26/05/12 11:01:21 INFO DAGScheduler: ResultStage 4 (sortBy at /Users/camillamariasantoro/flight-delay-bigdata1/analysis_33/spark_core/spark_core_3_3_.py:81) finished in 0,082 s
26/05/12 11:01:21 INFO DAGScheduler: Job 0 is finished. Cancelling potential speculative or zombie tasks for this job
26/05/12 11:01:21 INFO TaskSchedulerImpl: Killing all running tasks in stage 4: Stage finished
26/05/12 11:01:21 INFO DAGScheduler: Job 0 finished: sortBy at /Users/camillamariasantoro/flight-delay-bigdata1/analysis_33/spark_core/spark_core_3_3_.py:81, took 2,443486 s
26/05/12 11:01:21 INFO SparkContext: Starting job: sortBy at /Users/camillamariasantoro/flight-delay-bigdata1/analysis_33/spark_core/spark_core_3_3_.py:81
26/05/12 11:01:21 INFO DAGScheduler: Got job 1 (sortBy at /Users/camillamariasantoro/flight-delay-bigdata1/analysis_33/spark_core/spark_core_3_3_.py:81) with 24 output partitions
26/05/12 11:01:21 INFO DAGScheduler: Final stage: ResultStage 9 (sortBy at /Users/camillamariasantoro/flight-delay-bigdata1/analysis_33/spark_core/spark_core_3_3_.py:81)
26/05/12 11:01:21 INFO DAGScheduler: Parents of final stage: List(ShuffleMapStage 8)
26/05/12 11:01:21 INFO DAGScheduler: Missing parents: List()
26/05/12 11:01:21 INFO DAGScheduler: Submitting ResultStage 9 (PythonRDD[22] at sortBy at /Users/camillamariasantoro/flight-delay-bigdata1/analysis_33/spark_core/spark_core_3_3_.py:81), which has no missing parents
26/05/12 11:01:21 INFO MemoryStore: Block broadcast_6 stored as values in memory (estimated size 14.3 KiB, free 434.0 MiB)
26/05/12 11:01:21 INFO MemoryStore: Block broadcast_6_piece0 stored as bytes in memory (estimated size 8.1 KiB, free 434.0 MiB)
26/05/12 11:01:21 INFO BlockManagerInfo: Added broadcast_6_piece0 in memory on localhost:49971 (size: 8.1 KiB, free: 434.3 MiB)
26/05/12 11:01:21 INFO SparkContext: Created broadcast 6 from broadcast at DAGScheduler.scala:1611
26/05/12 11:01:21 INFO DAGScheduler: Submitting 24 missing tasks from ResultStage 9 (PythonRDD[22] at sortBy at /Users/camillamariasantoro/flight-delay-bigdata1/analysis_33/spark_core/spark_core_3_3_.py:81) (first 15 tasks are for partitions Vector(0, 1, 2, 3, 4, 5, 6, 7, 8, 9, 10, 11, 12, 13, 14))
26/05/12 11:01:21 INFO TaskSchedulerImpl: Adding task set 9.0 with 24 tasks resource profile 0
26/05/12 11:01:21 INFO TaskSetManager: Starting task 0.0 in stage 9.0 (TID 96) (localhost, executor driver, partition 0, NODE_LOCAL, 8817 bytes) 
26/05/12 11:01:21 INFO TaskSetManager: Starting task 1.0 in stage 9.0 (TID 97) (localhost, executor driver, partition 1, NODE_LOCAL, 8817 bytes) 
26/05/12 11:01:21 INFO TaskSetManager: Starting task 2.0 in stage 9.0 (TID 98) (localhost, executor driver, partition 2, NODE_LOCAL, 8817 bytes) 
26/05/12 11:01:21 INFO TaskSetManager: Starting task 3.0 in stage 9.0 (TID 99) (localhost, executor driver, partition 3, NODE_LOCAL, 8817 bytes) 
26/05/12 11:01:21 INFO TaskSetManager: Starting task 4.0 in stage 9.0 (TID 100) (localhost, executor driver, partition 4, NODE_LOCAL, 8817 bytes) 
26/05/12 11:01:21 INFO TaskSetManager: Starting task 5.0 in stage 9.0 (TID 101) (localhost, executor driver, partition 5, NODE_LOCAL, 8817 bytes) 
26/05/12 11:01:21 INFO TaskSetManager: Starting task 6.0 in stage 9.0 (TID 102) (localhost, executor driver, partition 6, NODE_LOCAL, 8817 bytes) 
26/05/12 11:01:21 INFO TaskSetManager: Starting task 7.0 in stage 9.0 (TID 103) (localhost, executor driver, partition 7, NODE_LOCAL, 8817 bytes) 
26/05/12 11:01:21 INFO TaskSetManager: Starting task 8.0 in stage 9.0 (TID 104) (localhost, executor driver, partition 8, NODE_LOCAL, 8817 bytes) 
26/05/12 11:01:21 INFO TaskSetManager: Starting task 9.0 in stage 9.0 (TID 105) (localhost, executor driver, partition 9, NODE_LOCAL, 8817 bytes) 
26/05/12 11:01:21 INFO TaskSetManager: Starting task 10.0 in stage 9.0 (TID 106) (localhost, executor driver, partition 10, NODE_LOCAL, 8817 bytes) 
26/05/12 11:01:21 INFO TaskSetManager: Starting task 11.0 in stage 9.0 (TID 107) (localhost, executor driver, partition 11, NODE_LOCAL, 8817 bytes) 
26/05/12 11:01:21 INFO TaskSetManager: Starting task 12.0 in stage 9.0 (TID 108) (localhost, executor driver, partition 12, NODE_LOCAL, 8817 bytes) 
26/05/12 11:01:21 INFO TaskSetManager: Starting task 13.0 in stage 9.0 (TID 109) (localhost, executor driver, partition 13, NODE_LOCAL, 8817 bytes) 
26/05/12 11:01:21 INFO TaskSetManager: Starting task 14.0 in stage 9.0 (TID 110) (localhost, executor driver, partition 14, NODE_LOCAL, 8817 bytes) 
26/05/12 11:01:21 INFO Executor: Running task 2.0 in stage 9.0 (TID 98)
26/05/12 11:01:21 INFO Executor: Running task 5.0 in stage 9.0 (TID 101)
26/05/12 11:01:21 INFO Executor: Running task 3.0 in stage 9.0 (TID 99)
26/05/12 11:01:21 INFO Executor: Running task 10.0 in stage 9.0 (TID 106)
26/05/12 11:01:21 INFO Executor: Running task 12.0 in stage 9.0 (TID 108)
26/05/12 11:01:21 INFO Executor: Running task 0.0 in stage 9.0 (TID 96)
26/05/12 11:01:21 INFO Executor: Running task 13.0 in stage 9.0 (TID 109)
26/05/12 11:01:21 INFO Executor: Running task 14.0 in stage 9.0 (TID 110)
26/05/12 11:01:21 INFO Executor: Running task 4.0 in stage 9.0 (TID 100)
26/05/12 11:01:21 INFO Executor: Running task 1.0 in stage 9.0 (TID 97)
26/05/12 11:01:21 INFO Executor: Running task 9.0 in stage 9.0 (TID 105)
26/05/12 11:01:21 INFO Executor: Running task 8.0 in stage 9.0 (TID 104)
26/05/12 11:01:21 INFO Executor: Running task 6.0 in stage 9.0 (TID 102)
26/05/12 11:01:21 INFO Executor: Running task 7.0 in stage 9.0 (TID 103)
26/05/12 11:01:21 INFO Executor: Running task 11.0 in stage 9.0 (TID 107)
26/05/12 11:01:21 INFO ShuffleBlockFetcherIterator: Getting 1 (2.4 KiB) non-empty blocks including 1 (2.4 KiB) local and 0 (0.0 B) host-local and 0 (0.0 B) push-merged-local and 0 (0.0 B) remote blocks
26/05/12 11:01:21 INFO ShuffleBlockFetcherIterator: Getting 1 (2.9 KiB) non-empty blocks including 1 (2.9 KiB) local and 0 (0.0 B) host-local and 0 (0.0 B) push-merged-local and 0 (0.0 B) remote blocks
26/05/12 11:01:21 INFO ShuffleBlockFetcherIterator: Started 0 remote fetches in 0 ms
26/05/12 11:01:21 INFO ShuffleBlockFetcherIterator: Started 0 remote fetches in 0 ms
26/05/12 11:01:21 INFO ShuffleBlockFetcherIterator: Getting 1 (955.0 B) non-empty blocks including 1 (955.0 B) local and 0 (0.0 B) host-local and 0 (0.0 B) push-merged-local and 0 (0.0 B) remote blocks
26/05/12 11:01:21 INFO ShuffleBlockFetcherIterator: Started 0 remote fetches in 0 ms
26/05/12 11:01:21 INFO ShuffleBlockFetcherIterator: Getting 1 (2.9 KiB) non-empty blocks including 1 (2.9 KiB) local and 0 (0.0 B) host-local and 0 (0.0 B) push-merged-local and 0 (0.0 B) remote blocks
26/05/12 11:01:21 INFO ShuffleBlockFetcherIterator: Started 0 remote fetches in 0 ms
26/05/12 11:01:21 INFO ShuffleBlockFetcherIterator: Getting 1 (2.9 KiB) non-empty blocks including 1 (2.9 KiB) local and 0 (0.0 B) host-local and 0 (0.0 B) push-merged-local and 0 (0.0 B) remote blocks
26/05/12 11:01:21 INFO ShuffleBlockFetcherIterator: Getting 1 (2.9 KiB) non-empty blocks including 1 (2.9 KiB) local and 0 (0.0 B) host-local and 0 (0.0 B) push-merged-local and 0 (0.0 B) remote blocks
26/05/12 11:01:21 INFO ShuffleBlockFetcherIterator: Getting 1 (955.0 B) non-empty blocks including 1 (955.0 B) local and 0 (0.0 B) host-local and 0 (0.0 B) push-merged-local and 0 (0.0 B) remote blocks
26/05/12 11:01:21 INFO ShuffleBlockFetcherIterator: Started 0 remote fetches in 0 ms
26/05/12 11:01:21 INFO ShuffleBlockFetcherIterator: Getting 1 (1271.0 B) non-empty blocks including 1 (1271.0 B) local and 0 (0.0 B) host-local and 0 (0.0 B) push-merged-local and 0 (0.0 B) remote blocks
26/05/12 11:01:21 INFO ShuffleBlockFetcherIterator: Started 0 remote fetches in 0 ms
26/05/12 11:01:21 INFO ShuffleBlockFetcherIterator: Getting 1 (2.9 KiB) non-empty blocks including 1 (2.9 KiB) local and 0 (0.0 B) host-local and 0 (0.0 B) push-merged-local and 0 (0.0 B) remote blocks
26/05/12 11:01:21 INFO ShuffleBlockFetcherIterator: Started 0 remote fetches in 0 ms
26/05/12 11:01:21 INFO ShuffleBlockFetcherIterator: Started 0 remote fetches in 0 ms
26/05/12 11:01:21 INFO ShuffleBlockFetcherIterator: Started 0 remote fetches in 0 ms
26/05/12 11:01:21 INFO ShuffleBlockFetcherIterator: Getting 1 (1399.0 B) non-empty blocks including 1 (1399.0 B) local and 0 (0.0 B) host-local and 0 (0.0 B) push-merged-local and 0 (0.0 B) remote blocks
26/05/12 11:01:21 INFO ShuffleBlockFetcherIterator: Started 0 remote fetches in 1 ms
26/05/12 11:01:21 INFO ShuffleBlockFetcherIterator: Getting 1 (3.9 KiB) non-empty blocks including 1 (3.9 KiB) local and 0 (0.0 B) host-local and 0 (0.0 B) push-merged-local and 0 (0.0 B) remote blocks
26/05/12 11:01:21 INFO ShuffleBlockFetcherIterator: Started 0 remote fetches in 1 ms
26/05/12 11:01:21 INFO ShuffleBlockFetcherIterator: Getting 1 (789.0 B) non-empty blocks including 1 (789.0 B) local and 0 (0.0 B) host-local and 0 (0.0 B) push-merged-local and 0 (0.0 B) remote blocks
26/05/12 11:01:21 INFO ShuffleBlockFetcherIterator: Getting 1 (1692.0 B) non-empty blocks including 1 (1692.0 B) local and 0 (0.0 B) host-local and 0 (0.0 B) push-merged-local and 0 (0.0 B) remote blocks
26/05/12 11:01:21 INFO ShuffleBlockFetcherIterator: Started 0 remote fetches in 0 ms
26/05/12 11:01:21 INFO ShuffleBlockFetcherIterator: Started 0 remote fetches in 0 ms
26/05/12 11:01:21 INFO ShuffleBlockFetcherIterator: Getting 1 (3.2 KiB) non-empty blocks including 1 (3.2 KiB) local and 0 (0.0 B) host-local and 0 (0.0 B) push-merged-local and 0 (0.0 B) remote blocks
26/05/12 11:01:21 INFO ShuffleBlockFetcherIterator: Getting 1 (3.5 KiB) non-empty blocks including 1 (3.5 KiB) local and 0 (0.0 B) host-local and 0 (0.0 B) push-merged-local and 0 (0.0 B) remote blocks
26/05/12 11:01:21 INFO ShuffleBlockFetcherIterator: Started 0 remote fetches in 0 ms
26/05/12 11:01:21 INFO ShuffleBlockFetcherIterator: Started 0 remote fetches in 0 ms
26/05/12 11:01:21 INFO PythonRunner: Times: total = 30, boot = -61, init = 91, finish = 0
26/05/12 11:01:21 INFO Executor: Finished task 8.0 in stage 9.0 (TID 104). 2170 bytes result sent to driver
26/05/12 11:01:21 INFO TaskSetManager: Starting task 15.0 in stage 9.0 (TID 111) (localhost, executor driver, partition 15, NODE_LOCAL, 8817 bytes) 
26/05/12 11:01:21 INFO PythonRunner: Times: total = 33, boot = -120, init = 152, finish = 1
26/05/12 11:01:21 INFO TaskSetManager: Finished task 8.0 in stage 9.0 (TID 104) in 36 ms on localhost (executor driver) (1/24)
26/05/12 11:01:21 INFO Executor: Running task 15.0 in stage 9.0 (TID 111)
26/05/12 11:01:21 INFO Executor: Finished task 9.0 in stage 9.0 (TID 105). 2355 bytes result sent to driver
26/05/12 11:01:21 INFO TaskSetManager: Starting task 16.0 in stage 9.0 (TID 112) (localhost, executor driver, partition 16, NODE_LOCAL, 8817 bytes) 
26/05/12 11:01:21 INFO TaskSetManager: Finished task 9.0 in stage 9.0 (TID 105) in 37 ms on localhost (executor driver) (2/24)
26/05/12 11:01:21 INFO Executor: Running task 16.0 in stage 9.0 (TID 112)
26/05/12 11:01:21 INFO PythonRunner: Times: total = 34, boot = -68, init = 102, finish = 0
26/05/12 11:01:21 INFO Executor: Finished task 14.0 in stage 9.0 (TID 110). 2296 bytes result sent to driver
26/05/12 11:01:21 INFO TaskSetManager: Starting task 17.0 in stage 9.0 (TID 113) (localhost, executor driver, partition 17, NODE_LOCAL, 8817 bytes) 
26/05/12 11:01:21 INFO ShuffleBlockFetcherIterator: Getting 1 (2.9 KiB) non-empty blocks including 1 (2.9 KiB) local and 0 (0.0 B) host-local and 0 (0.0 B) push-merged-local and 0 (0.0 B) remote blocks
26/05/12 11:01:21 INFO TaskSetManager: Finished task 14.0 in stage 9.0 (TID 110) in 38 ms on localhost (executor driver) (3/24)
26/05/12 11:01:21 INFO Executor: Running task 17.0 in stage 9.0 (TID 113)
26/05/12 11:01:21 INFO ShuffleBlockFetcherIterator: Started 0 remote fetches in 0 ms
26/05/12 11:01:21 INFO ShuffleBlockFetcherIterator: Getting 1 (3.2 KiB) non-empty blocks including 1 (3.2 KiB) local and 0 (0.0 B) host-local and 0 (0.0 B) push-merged-local and 0 (0.0 B) remote blocks
26/05/12 11:01:21 INFO ShuffleBlockFetcherIterator: Started 0 remote fetches in 0 ms
26/05/12 11:01:21 INFO PythonRunner: Times: total = 35, boot = -68, init = 102, finish = 1
26/05/12 11:01:21 INFO Executor: Finished task 7.0 in stage 9.0 (TID 103). 2417 bytes result sent to driver
26/05/12 11:01:21 INFO ShuffleBlockFetcherIterator: Getting 1 (1538.0 B) non-empty blocks including 1 (1538.0 B) local and 0 (0.0 B) host-local and 0 (0.0 B) push-merged-local and 0 (0.0 B) remote blocks
26/05/12 11:01:21 INFO ShuffleBlockFetcherIterator: Started 0 remote fetches in 0 ms
26/05/12 11:01:21 INFO TaskSetManager: Starting task 18.0 in stage 9.0 (TID 114) (localhost, executor driver, partition 18, NODE_LOCAL, 8817 bytes) 
26/05/12 11:01:21 INFO TaskSetManager: Finished task 7.0 in stage 9.0 (TID 103) in 41 ms on localhost (executor driver) (4/24)
26/05/12 11:01:21 INFO Executor: Running task 18.0 in stage 9.0 (TID 114)
26/05/12 11:01:21 INFO PythonRunner: Times: total = 39, boot = -113, init = 152, finish = 0
26/05/12 11:01:21 INFO PythonRunner: Times: total = 39, boot = -113, init = 152, finish = 0
26/05/12 11:01:21 INFO ShuffleBlockFetcherIterator: Getting 1 (1156.0 B) non-empty blocks including 1 (1156.0 B) local and 0 (0.0 B) host-local and 0 (0.0 B) push-merged-local and 0 (0.0 B) remote blocks
26/05/12 11:01:21 INFO ShuffleBlockFetcherIterator: Started 0 remote fetches in 0 ms
26/05/12 11:01:21 INFO Executor: Finished task 6.0 in stage 9.0 (TID 102). 2175 bytes result sent to driver
26/05/12 11:01:21 INFO PythonRunner: Times: total = 37, boot = -66, init = 103, finish = 0
26/05/12 11:01:21 INFO Executor: Finished task 12.0 in stage 9.0 (TID 108). 2331 bytes result sent to driver
26/05/12 11:01:21 INFO Executor: Finished task 4.0 in stage 9.0 (TID 100). 2381 bytes result sent to driver
26/05/12 11:01:21 INFO TaskSetManager: Starting task 19.0 in stage 9.0 (TID 115) (localhost, executor driver, partition 19, NODE_LOCAL, 8817 bytes) 
26/05/12 11:01:21 INFO PythonRunner: Times: total = 38, boot = -65, init = 103, finish = 0
26/05/12 11:01:21 INFO TaskSetManager: Finished task 6.0 in stage 9.0 (TID 102) in 43 ms on localhost (executor driver) (5/24)
26/05/12 11:01:21 INFO Executor: Running task 19.0 in stage 9.0 (TID 115)
26/05/12 11:01:21 INFO TaskSetManager: Finished task 12.0 in stage 9.0 (TID 108) in 43 ms on localhost (executor driver) (6/24)
26/05/12 11:01:21 INFO Executor: Finished task 11.0 in stage 9.0 (TID 107). 2259 bytes result sent to driver
26/05/12 11:01:21 INFO TaskSetManager: Starting task 20.0 in stage 9.0 (TID 116) (localhost, executor driver, partition 20, NODE_LOCAL, 8817 bytes) 
26/05/12 11:01:21 INFO Executor: Running task 20.0 in stage 9.0 (TID 116)
26/05/12 11:01:21 INFO TaskSetManager: Starting task 21.0 in stage 9.0 (TID 117) (localhost, executor driver, partition 21, NODE_LOCAL, 8817 bytes) 
26/05/12 11:01:21 INFO PythonRunner: Times: total = 41, boot = -111, init = 151, finish = 1
26/05/12 11:01:21 INFO TaskSetManager: Starting task 22.0 in stage 9.0 (TID 118) (localhost, executor driver, partition 22, NODE_LOCAL, 8817 bytes) 
26/05/12 11:01:21 INFO Executor: Finished task 0.0 in stage 9.0 (TID 96). 2263 bytes result sent to driver
26/05/12 11:01:21 INFO TaskSetManager: Finished task 4.0 in stage 9.0 (TID 100) in 44 ms on localhost (executor driver) (7/24)
26/05/12 11:01:21 INFO Executor: Running task 21.0 in stage 9.0 (TID 117)
26/05/12 11:01:21 INFO TaskSetManager: Finished task 11.0 in stage 9.0 (TID 107) in 44 ms on localhost (executor driver) (8/24)
26/05/12 11:01:21 INFO Executor: Running task 22.0 in stage 9.0 (TID 118)
26/05/12 11:01:21 INFO TaskSetManager: Starting task 23.0 in stage 9.0 (TID 119) (localhost, executor driver, partition 23, NODE_LOCAL, 8817 bytes) 
26/05/12 11:01:21 INFO PythonRunner: Times: total = 41, boot = -55, init = 96, finish = 0
26/05/12 11:01:21 INFO ShuffleBlockFetcherIterator: Getting 1 (2.0 KiB) non-empty blocks including 1 (2.0 KiB) local and 0 (0.0 B) host-local and 0 (0.0 B) push-merged-local and 0 (0.0 B) remote blocks
26/05/12 11:01:21 INFO ShuffleBlockFetcherIterator: Getting 1 (2.7 KiB) non-empty blocks including 1 (2.7 KiB) local and 0 (0.0 B) host-local and 0 (0.0 B) push-merged-local and 0 (0.0 B) remote blocks
26/05/12 11:01:21 INFO ShuffleBlockFetcherIterator: Started 0 remote fetches in 0 ms
26/05/12 11:01:21 INFO ShuffleBlockFetcherIterator: Started 0 remote fetches in 0 ms
26/05/12 11:01:21 INFO TaskSetManager: Finished task 0.0 in stage 9.0 (TID 96) in 47 ms on localhost (executor driver) (9/24)
26/05/12 11:01:21 INFO Executor: Finished task 1.0 in stage 9.0 (TID 97). 2309 bytes result sent to driver
26/05/12 11:01:21 INFO Executor: Running task 23.0 in stage 9.0 (TID 119)
26/05/12 11:01:21 INFO ShuffleBlockFetcherIterator: Getting 1 (2.9 KiB) non-empty blocks including 1 (2.9 KiB) local and 0 (0.0 B) host-local and 0 (0.0 B) push-merged-local and 0 (0.0 B) remote blocks
26/05/12 11:01:21 INFO ShuffleBlockFetcherIterator: Started 0 remote fetches in 0 ms
26/05/12 11:01:21 INFO TaskSetManager: Finished task 1.0 in stage 9.0 (TID 97) in 46 ms on localhost (executor driver) (10/24)
26/05/12 11:01:21 INFO PythonRunner: Times: total = 41, boot = -68, init = 109, finish = 0
26/05/12 11:01:21 INFO PythonRunner: Times: total = 43, boot = -119, init = 162, finish = 0
26/05/12 11:01:21 INFO Executor: Finished task 5.0 in stage 9.0 (TID 101). 2152 bytes result sent to driver
26/05/12 11:01:21 INFO Executor: Finished task 2.0 in stage 9.0 (TID 98). 2108 bytes result sent to driver
26/05/12 11:01:21 INFO ShuffleBlockFetcherIterator: Getting 1 (3.2 KiB) non-empty blocks including 1 (3.2 KiB) local and 0 (0.0 B) host-local and 0 (0.0 B) push-merged-local and 0 (0.0 B) remote blocks
26/05/12 11:01:21 INFO ShuffleBlockFetcherIterator: Started 0 remote fetches in 0 ms
26/05/12 11:01:21 INFO TaskSetManager: Finished task 5.0 in stage 9.0 (TID 101) in 48 ms on localhost (executor driver) (11/24)
26/05/12 11:01:21 INFO TaskSetManager: Finished task 2.0 in stage 9.0 (TID 98) in 48 ms on localhost (executor driver) (12/24)
26/05/12 11:01:21 INFO ShuffleBlockFetcherIterator: Getting 1 (2.7 KiB) non-empty blocks including 1 (2.7 KiB) local and 0 (0.0 B) host-local and 0 (0.0 B) push-merged-local and 0 (0.0 B) remote blocks
26/05/12 11:01:21 INFO ShuffleBlockFetcherIterator: Started 0 remote fetches in 0 ms
26/05/12 11:01:21 INFO PythonRunner: Times: total = 47, boot = -123, init = 170, finish = 0
26/05/12 11:01:21 INFO PythonRunner: Times: total = 45, boot = -64, init = 109, finish = 0
26/05/12 11:01:21 INFO Executor: Finished task 13.0 in stage 9.0 (TID 109). 2298 bytes result sent to driver
26/05/12 11:01:21 INFO Executor: Finished task 10.0 in stage 9.0 (TID 106). 2485 bytes result sent to driver
26/05/12 11:01:21 INFO TaskSetManager: Finished task 13.0 in stage 9.0 (TID 109) in 52 ms on localhost (executor driver) (13/24)
26/05/12 11:01:21 INFO TaskSetManager: Finished task 10.0 in stage 9.0 (TID 106) in 60 ms on localhost (executor driver) (14/24)
26/05/12 11:01:21 INFO PythonRunner: Times: total = 50, boot = -65, init = 115, finish = 0
26/05/12 11:01:21 INFO Executor: Finished task 3.0 in stage 9.0 (TID 99). 2189 bytes result sent to driver
26/05/12 11:01:21 INFO TaskSetManager: Finished task 3.0 in stage 9.0 (TID 99) in 61 ms on localhost (executor driver) (15/24)
26/05/12 11:01:21 INFO BlockManagerInfo: Removed broadcast_3_piece0 on localhost:49971 in memory (size: 10.3 KiB, free: 434.3 MiB)
26/05/12 11:01:21 INFO BlockManagerInfo: Removed broadcast_5_piece0 on localhost:49971 in memory (size: 8.4 KiB, free: 434.3 MiB)
26/05/12 11:01:21 INFO BlockManagerInfo: Removed broadcast_4_piece0 on localhost:49971 in memory (size: 9.8 KiB, free: 434.3 MiB)
26/05/12 11:01:21 INFO PythonRunner: Times: total = 39, boot = -92, init = 131, finish = 0
26/05/12 11:01:21 INFO Executor: Finished task 16.0 in stage 9.0 (TID 112). 2383 bytes result sent to driver
26/05/12 11:01:21 INFO TaskSetManager: Finished task 16.0 in stage 9.0 (TID 112) in 43 ms on localhost (executor driver) (16/24)
26/05/12 11:01:21 INFO PythonRunner: Times: total = 38, boot = -91, init = 129, finish = 0
26/05/12 11:01:21 INFO PythonRunner: Times: total = 35, boot = -92, init = 127, finish = 0
26/05/12 11:01:21 INFO Executor: Finished task 18.0 in stage 9.0 (TID 114). 2201 bytes result sent to driver
26/05/12 11:01:21 INFO Executor: Finished task 19.0 in stage 9.0 (TID 115). 2309 bytes result sent to driver
26/05/12 11:01:21 INFO TaskSetManager: Finished task 18.0 in stage 9.0 (TID 114) in 42 ms on localhost (executor driver) (17/24)
26/05/12 11:01:21 INFO TaskSetManager: Finished task 19.0 in stage 9.0 (TID 115) in 39 ms on localhost (executor driver) (18/24)
26/05/12 11:01:21 INFO PythonRunner: Times: total = 42, boot = -91, init = 133, finish = 0
26/05/12 11:01:21 INFO Executor: Finished task 17.0 in stage 9.0 (TID 113). 2237 bytes result sent to driver
26/05/12 11:01:21 INFO TaskSetManager: Finished task 17.0 in stage 9.0 (TID 113) in 45 ms on localhost (executor driver) (19/24)
26/05/12 11:01:21 INFO PythonRunner: Times: total = 39, boot = -77, init = 116, finish = 0
26/05/12 11:01:21 INFO PythonRunner: Times: total = 48, boot = -99, init = 146, finish = 1
26/05/12 11:01:21 INFO PythonRunner: Times: total = 38, boot = -78, init = 115, finish = 1
26/05/12 11:01:21 INFO PythonRunner: Times: total = 41, boot = -82, init = 123, finish = 0
26/05/12 11:01:21 INFO Executor: Finished task 23.0 in stage 9.0 (TID 119). 2253 bytes result sent to driver
26/05/12 11:01:21 INFO Executor: Finished task 21.0 in stage 9.0 (TID 117). 2512 bytes result sent to driver
26/05/12 11:01:21 INFO Executor: Finished task 15.0 in stage 9.0 (TID 111). 2393 bytes result sent to driver
26/05/12 11:01:21 INFO Executor: Finished task 20.0 in stage 9.0 (TID 116). 2302 bytes result sent to driver
26/05/12 11:01:21 INFO TaskSetManager: Finished task 23.0 in stage 9.0 (TID 119) in 43 ms on localhost (executor driver) (20/24)
26/05/12 11:01:21 INFO TaskSetManager: Finished task 15.0 in stage 9.0 (TID 111) in 52 ms on localhost (executor driver) (21/24)
26/05/12 11:01:21 INFO TaskSetManager: Finished task 21.0 in stage 9.0 (TID 117) in 44 ms on localhost (executor driver) (22/24)
26/05/12 11:01:21 INFO TaskSetManager: Finished task 20.0 in stage 9.0 (TID 116) in 45 ms on localhost (executor driver) (23/24)
26/05/12 11:01:21 INFO PythonRunner: Times: total = 43, boot = -75, init = 117, finish = 1
26/05/12 11:01:21 INFO Executor: Finished task 22.0 in stage 9.0 (TID 118). 2365 bytes result sent to driver
26/05/12 11:01:21 INFO TaskSetManager: Finished task 22.0 in stage 9.0 (TID 118) in 45 ms on localhost (executor driver) (24/24)
26/05/12 11:01:21 INFO TaskSchedulerImpl: Removed TaskSet 9.0, whose tasks have all completed, from pool 
26/05/12 11:01:21 INFO DAGScheduler: ResultStage 9 (sortBy at /Users/camillamariasantoro/flight-delay-bigdata1/analysis_33/spark_core/spark_core_3_3_.py:81) finished in 0,092 s
26/05/12 11:01:21 INFO DAGScheduler: Job 1 is finished. Cancelling potential speculative or zombie tasks for this job
26/05/12 11:01:21 INFO TaskSchedulerImpl: Killing all running tasks in stage 9: Stage finished
26/05/12 11:01:21 INFO DAGScheduler: Job 1 finished: sortBy at /Users/camillamariasantoro/flight-delay-bigdata1/analysis_33/spark_core/spark_core_3_3_.py:81, took 0,094135 s
26/05/12 11:01:21 INFO deprecation: mapred.output.dir is deprecated. Instead, use mapreduce.output.fileoutputformat.outputdir
26/05/12 11:01:21 INFO HadoopMapRedCommitProtocol: Using output committer class org.apache.hadoop.mapred.FileOutputCommitter
26/05/12 11:01:21 INFO FileOutputCommitter: File Output Committer Algorithm version is 1
26/05/12 11:01:21 INFO FileOutputCommitter: FileOutputCommitter skip cleanup _temporary folders under output directory:false, ignore cleanup failures: false
26/05/12 11:01:21 INFO SparkContext: Starting job: runJob at SparkHadoopWriter.scala:83
26/05/12 11:01:21 INFO DAGScheduler: Registering RDD 24 (sortBy at /Users/camillamariasantoro/flight-delay-bigdata1/analysis_33/spark_core/spark_core_3_3_.py:81) as input to shuffle 4
26/05/12 11:01:21 INFO DAGScheduler: Got job 2 (runJob at SparkHadoopWriter.scala:83) with 1 output partitions
26/05/12 11:01:21 INFO DAGScheduler: Final stage: ResultStage 15 (runJob at SparkHadoopWriter.scala:83)
26/05/12 11:01:21 INFO DAGScheduler: Parents of final stage: List(ShuffleMapStage 14)
26/05/12 11:01:21 INFO DAGScheduler: Missing parents: List(ShuffleMapStage 14)
26/05/12 11:01:21 INFO DAGScheduler: Submitting ShuffleMapStage 14 (PairwiseRDD[24] at sortBy at /Users/camillamariasantoro/flight-delay-bigdata1/analysis_33/spark_core/spark_core_3_3_.py:81), which has no missing parents
26/05/12 11:01:21 INFO MemoryStore: Block broadcast_7 stored as values in memory (estimated size 16.4 KiB, free 434.1 MiB)
26/05/12 11:01:21 INFO MemoryStore: Block broadcast_7_piece0 stored as bytes in memory (estimated size 9.6 KiB, free 434.1 MiB)
26/05/12 11:01:21 INFO BlockManagerInfo: Added broadcast_7_piece0 in memory on localhost:49971 (size: 9.6 KiB, free: 434.3 MiB)
26/05/12 11:01:21 INFO SparkContext: Created broadcast 7 from broadcast at DAGScheduler.scala:1611
26/05/12 11:01:21 INFO DAGScheduler: Submitting 24 missing tasks from ShuffleMapStage 14 (PairwiseRDD[24] at sortBy at /Users/camillamariasantoro/flight-delay-bigdata1/analysis_33/spark_core/spark_core_3_3_.py:81) (first 15 tasks are for partitions Vector(0, 1, 2, 3, 4, 5, 6, 7, 8, 9, 10, 11, 12, 13, 14))
26/05/12 11:01:21 INFO TaskSchedulerImpl: Adding task set 14.0 with 24 tasks resource profile 0
26/05/12 11:01:21 INFO TaskSetManager: Starting task 0.0 in stage 14.0 (TID 120) (localhost, executor driver, partition 0, NODE_LOCAL, 8806 bytes) 
26/05/12 11:01:21 INFO TaskSetManager: Starting task 1.0 in stage 14.0 (TID 121) (localhost, executor driver, partition 1, NODE_LOCAL, 8806 bytes) 
26/05/12 11:01:21 INFO TaskSetManager: Starting task 2.0 in stage 14.0 (TID 122) (localhost, executor driver, partition 2, NODE_LOCAL, 8806 bytes) 
26/05/12 11:01:21 INFO TaskSetManager: Starting task 3.0 in stage 14.0 (TID 123) (localhost, executor driver, partition 3, NODE_LOCAL, 8806 bytes) 
26/05/12 11:01:21 INFO TaskSetManager: Starting task 4.0 in stage 14.0 (TID 124) (localhost, executor driver, partition 4, NODE_LOCAL, 8806 bytes) 
26/05/12 11:01:21 INFO TaskSetManager: Starting task 5.0 in stage 14.0 (TID 125) (localhost, executor driver, partition 5, NODE_LOCAL, 8806 bytes) 
26/05/12 11:01:21 INFO TaskSetManager: Starting task 6.0 in stage 14.0 (TID 126) (localhost, executor driver, partition 6, NODE_LOCAL, 8806 bytes) 
26/05/12 11:01:21 INFO TaskSetManager: Starting task 7.0 in stage 14.0 (TID 127) (localhost, executor driver, partition 7, NODE_LOCAL, 8806 bytes) 
26/05/12 11:01:21 INFO TaskSetManager: Starting task 8.0 in stage 14.0 (TID 128) (localhost, executor driver, partition 8, NODE_LOCAL, 8806 bytes) 
26/05/12 11:01:21 INFO TaskSetManager: Starting task 9.0 in stage 14.0 (TID 129) (localhost, executor driver, partition 9, NODE_LOCAL, 8806 bytes) 
26/05/12 11:01:21 INFO TaskSetManager: Starting task 10.0 in stage 14.0 (TID 130) (localhost, executor driver, partition 10, NODE_LOCAL, 8806 bytes) 
26/05/12 11:01:21 INFO TaskSetManager: Starting task 11.0 in stage 14.0 (TID 131) (localhost, executor driver, partition 11, NODE_LOCAL, 8806 bytes) 
26/05/12 11:01:21 INFO TaskSetManager: Starting task 12.0 in stage 14.0 (TID 132) (localhost, executor driver, partition 12, NODE_LOCAL, 8806 bytes) 
26/05/12 11:01:21 INFO TaskSetManager: Starting task 13.0 in stage 14.0 (TID 133) (localhost, executor driver, partition 13, NODE_LOCAL, 8806 bytes) 
26/05/12 11:01:21 INFO TaskSetManager: Starting task 14.0 in stage 14.0 (TID 134) (localhost, executor driver, partition 14, NODE_LOCAL, 8806 bytes) 
26/05/12 11:01:21 INFO Executor: Running task 2.0 in stage 14.0 (TID 122)
26/05/12 11:01:21 INFO Executor: Running task 1.0 in stage 14.0 (TID 121)
26/05/12 11:01:21 INFO Executor: Running task 4.0 in stage 14.0 (TID 124)
26/05/12 11:01:21 INFO Executor: Running task 8.0 in stage 14.0 (TID 128)
26/05/12 11:01:21 INFO Executor: Running task 0.0 in stage 14.0 (TID 120)
26/05/12 11:01:21 INFO Executor: Running task 10.0 in stage 14.0 (TID 130)
26/05/12 11:01:21 INFO Executor: Running task 6.0 in stage 14.0 (TID 126)
26/05/12 11:01:21 INFO Executor: Running task 5.0 in stage 14.0 (TID 125)
26/05/12 11:01:21 INFO Executor: Running task 11.0 in stage 14.0 (TID 131)
26/05/12 11:01:21 INFO Executor: Running task 7.0 in stage 14.0 (TID 127)
26/05/12 11:01:21 INFO Executor: Running task 13.0 in stage 14.0 (TID 133)
26/05/12 11:01:21 INFO Executor: Running task 14.0 in stage 14.0 (TID 134)
26/05/12 11:01:21 INFO Executor: Running task 3.0 in stage 14.0 (TID 123)
26/05/12 11:01:21 INFO Executor: Running task 12.0 in stage 14.0 (TID 132)
26/05/12 11:01:21 INFO Executor: Running task 9.0 in stage 14.0 (TID 129)
26/05/12 11:01:21 INFO ShuffleBlockFetcherIterator: Getting 1 (2.9 KiB) non-empty blocks including 1 (2.9 KiB) local and 0 (0.0 B) host-local and 0 (0.0 B) push-merged-local and 0 (0.0 B) remote blocks
26/05/12 11:01:21 INFO ShuffleBlockFetcherIterator: Started 0 remote fetches in 0 ms
26/05/12 11:01:21 INFO ShuffleBlockFetcherIterator: Getting 1 (1271.0 B) non-empty blocks including 1 (1271.0 B) local and 0 (0.0 B) host-local and 0 (0.0 B) push-merged-local and 0 (0.0 B) remote blocks
26/05/12 11:01:21 INFO ShuffleBlockFetcherIterator: Started 0 remote fetches in 0 ms
26/05/12 11:01:21 INFO ShuffleBlockFetcherIterator: Getting 1 (3.5 KiB) non-empty blocks including 1 (3.5 KiB) local and 0 (0.0 B) host-local and 0 (0.0 B) push-merged-local and 0 (0.0 B) remote blocks
26/05/12 11:01:21 INFO ShuffleBlockFetcherIterator: Getting 1 (2.9 KiB) non-empty blocks including 1 (2.9 KiB) local and 0 (0.0 B) host-local and 0 (0.0 B) push-merged-local and 0 (0.0 B) remote blocks
26/05/12 11:01:21 INFO ShuffleBlockFetcherIterator: Getting 1 (789.0 B) non-empty blocks including 1 (789.0 B) local and 0 (0.0 B) host-local and 0 (0.0 B) push-merged-local and 0 (0.0 B) remote blocks
26/05/12 11:01:21 INFO ShuffleBlockFetcherIterator: Getting 1 (3.2 KiB) non-empty blocks including 1 (3.2 KiB) local and 0 (0.0 B) host-local and 0 (0.0 B) push-merged-local and 0 (0.0 B) remote blocks
26/05/12 11:01:21 INFO ShuffleBlockFetcherIterator: Started 0 remote fetches in 0 ms
26/05/12 11:01:21 INFO ShuffleBlockFetcherIterator: Started 0 remote fetches in 0 ms
26/05/12 11:01:21 INFO ShuffleBlockFetcherIterator: Getting 1 (2.9 KiB) non-empty blocks including 1 (2.9 KiB) local and 0 (0.0 B) host-local and 0 (0.0 B) push-merged-local and 0 (0.0 B) remote blocks
26/05/12 11:01:21 INFO ShuffleBlockFetcherIterator: Getting 1 (1692.0 B) non-empty blocks including 1 (1692.0 B) local and 0 (0.0 B) host-local and 0 (0.0 B) push-merged-local and 0 (0.0 B) remote blocks
26/05/12 11:01:21 INFO ShuffleBlockFetcherIterator: Getting 1 (2.9 KiB) non-empty blocks including 1 (2.9 KiB) local and 0 (0.0 B) host-local and 0 (0.0 B) push-merged-local and 0 (0.0 B) remote blocks
26/05/12 11:01:21 INFO ShuffleBlockFetcherIterator: Getting 1 (2.9 KiB) non-empty blocks including 1 (2.9 KiB) local and 0 (0.0 B) host-local and 0 (0.0 B) push-merged-local and 0 (0.0 B) remote blocks
26/05/12 11:01:21 INFO ShuffleBlockFetcherIterator: Started 0 remote fetches in 0 ms
26/05/12 11:01:21 INFO ShuffleBlockFetcherIterator: Started 0 remote fetches in 0 ms
26/05/12 11:01:21 INFO ShuffleBlockFetcherIterator: Getting 1 (955.0 B) non-empty blocks including 1 (955.0 B) local and 0 (0.0 B) host-local and 0 (0.0 B) push-merged-local and 0 (0.0 B) remote blocks
26/05/12 11:01:21 INFO ShuffleBlockFetcherIterator: Started 0 remote fetches in 0 ms
26/05/12 11:01:21 INFO ShuffleBlockFetcherIterator: Started 0 remote fetches in 0 ms
26/05/12 11:01:21 INFO ShuffleBlockFetcherIterator: Getting 1 (1399.0 B) non-empty blocks including 1 (1399.0 B) local and 0 (0.0 B) host-local and 0 (0.0 B) push-merged-local and 0 (0.0 B) remote blocks
26/05/12 11:01:21 INFO ShuffleBlockFetcherIterator: Started 0 remote fetches in 0 ms
26/05/12 11:01:21 INFO ShuffleBlockFetcherIterator: Started 0 remote fetches in 0 ms
26/05/12 11:01:21 INFO ShuffleBlockFetcherIterator: Started 0 remote fetches in 0 ms
26/05/12 11:01:21 INFO ShuffleBlockFetcherIterator: Getting 1 (955.0 B) non-empty blocks including 1 (955.0 B) local and 0 (0.0 B) host-local and 0 (0.0 B) push-merged-local and 0 (0.0 B) remote blocks
26/05/12 11:01:21 INFO ShuffleBlockFetcherIterator: Getting 1 (3.9 KiB) non-empty blocks including 1 (3.9 KiB) local and 0 (0.0 B) host-local and 0 (0.0 B) push-merged-local and 0 (0.0 B) remote blocks
26/05/12 11:01:21 INFO ShuffleBlockFetcherIterator: Started 0 remote fetches in 0 ms
26/05/12 11:01:21 INFO ShuffleBlockFetcherIterator: Started 0 remote fetches in 0 ms
26/05/12 11:01:21 INFO ShuffleBlockFetcherIterator: Getting 1 (2.4 KiB) non-empty blocks including 1 (2.4 KiB) local and 0 (0.0 B) host-local and 0 (0.0 B) push-merged-local and 0 (0.0 B) remote blocks
26/05/12 11:01:21 INFO ShuffleBlockFetcherIterator: Started 0 remote fetches in 0 ms
26/05/12 11:01:21 INFO ShuffleBlockFetcherIterator: Started 0 remote fetches in 0 ms
26/05/12 11:01:21 INFO PythonRunner: Times: total = 39, boot = -180, init = 219, finish = 0
26/05/12 11:01:21 INFO PythonRunner: Times: total = 34, boot = -180, init = 214, finish = 0
26/05/12 11:01:21 INFO PythonRunner: Times: total = 36, boot = -114, init = 150, finish = 0
26/05/12 11:01:21 INFO PythonRunner: Times: total = 37, boot = -106, init = 143, finish = 0
26/05/12 11:01:21 INFO PythonRunner: Times: total = 40, boot = -176, init = 216, finish = 0
26/05/12 11:01:21 INFO PythonRunner: Times: total = 32, boot = -96, init = 127, finish = 1
26/05/12 11:01:21 INFO PythonRunner: Times: total = 40, boot = -104, init = 142, finish = 2
26/05/12 11:01:21 INFO Executor: Finished task 6.0 in stage 14.0 (TID 126). 2245 bytes result sent to driver
26/05/12 11:01:21 INFO TaskSetManager: Starting task 15.0 in stage 14.0 (TID 135) (localhost, executor driver, partition 15, NODE_LOCAL, 8806 bytes) 
26/05/12 11:01:21 INFO Executor: Finished task 12.0 in stage 14.0 (TID 132). 2245 bytes result sent to driver
26/05/12 11:01:21 INFO PythonRunner: Times: total = 42, boot = -102, init = 144, finish = 0
26/05/12 11:01:21 INFO Executor: Running task 15.0 in stage 14.0 (TID 135)
26/05/12 11:01:21 INFO TaskSetManager: Starting task 16.0 in stage 14.0 (TID 136) (localhost, executor driver, partition 16, NODE_LOCAL, 8806 bytes) 
26/05/12 11:01:21 INFO TaskSetManager: Finished task 6.0 in stage 14.0 (TID 126) in 53 ms on localhost (executor driver) (1/24)
26/05/12 11:01:21 INFO Executor: Running task 16.0 in stage 14.0 (TID 136)
26/05/12 11:01:21 INFO TaskSetManager: Finished task 12.0 in stage 14.0 (TID 132) in 53 ms on localhost (executor driver) (2/24)
26/05/12 11:01:21 INFO Executor: Finished task 9.0 in stage 14.0 (TID 129). 2202 bytes result sent to driver
26/05/12 11:01:21 INFO TaskSetManager: Starting task 17.0 in stage 14.0 (TID 137) (localhost, executor driver, partition 17, NODE_LOCAL, 8806 bytes) 
26/05/12 11:01:21 INFO TaskSetManager: Finished task 9.0 in stage 14.0 (TID 129) in 54 ms on localhost (executor driver) (3/24)
26/05/12 11:01:21 INFO Executor: Running task 17.0 in stage 14.0 (TID 137)
26/05/12 11:01:21 INFO Executor: Finished task 2.0 in stage 14.0 (TID 122). 2202 bytes result sent to driver
26/05/12 11:01:21 INFO TaskSetManager: Starting task 18.0 in stage 14.0 (TID 138) (localhost, executor driver, partition 18, NODE_LOCAL, 8806 bytes) 
26/05/12 11:01:21 INFO Executor: Running task 18.0 in stage 14.0 (TID 138)
26/05/12 11:01:21 INFO TaskSetManager: Finished task 2.0 in stage 14.0 (TID 122) in 56 ms on localhost (executor driver) (4/24)
26/05/12 11:01:21 INFO Executor: Finished task 14.0 in stage 14.0 (TID 134). 2202 bytes result sent to driver
26/05/12 11:01:21 INFO ShuffleBlockFetcherIterator: Getting 1 (2.9 KiB) non-empty blocks including 1 (2.9 KiB) local and 0 (0.0 B) host-local and 0 (0.0 B) push-merged-local and 0 (0.0 B) remote blocks
26/05/12 11:01:21 INFO ShuffleBlockFetcherIterator: Started 0 remote fetches in 0 ms
26/05/12 11:01:21 INFO ShuffleBlockFetcherIterator: Getting 1 (3.2 KiB) non-empty blocks including 1 (3.2 KiB) local and 0 (0.0 B) host-local and 0 (0.0 B) push-merged-local and 0 (0.0 B) remote blocks
26/05/12 11:01:21 INFO TaskSetManager: Starting task 19.0 in stage 14.0 (TID 139) (localhost, executor driver, partition 19, NODE_LOCAL, 8806 bytes) 
26/05/12 11:01:21 INFO ShuffleBlockFetcherIterator: Started 0 remote fetches in 0 ms
26/05/12 11:01:21 INFO Executor: Running task 19.0 in stage 14.0 (TID 139)
26/05/12 11:01:21 INFO TaskSetManager: Finished task 14.0 in stage 14.0 (TID 134) in 55 ms on localhost (executor driver) (5/24)
26/05/12 11:01:21 INFO ShuffleBlockFetcherIterator: Getting 1 (1538.0 B) non-empty blocks including 1 (1538.0 B) local and 0 (0.0 B) host-local and 0 (0.0 B) push-merged-local and 0 (0.0 B) remote blocks
26/05/12 11:01:21 INFO ShuffleBlockFetcherIterator: Started 0 remote fetches in 0 ms
26/05/12 11:01:21 INFO ShuffleBlockFetcherIterator: Getting 1 (1156.0 B) non-empty blocks including 1 (1156.0 B) local and 0 (0.0 B) host-local and 0 (0.0 B) push-merged-local and 0 (0.0 B) remote blocks
26/05/12 11:01:21 INFO ShuffleBlockFetcherIterator: Started 0 remote fetches in 0 ms
26/05/12 11:01:21 INFO Executor: Finished task 3.0 in stage 14.0 (TID 123). 2202 bytes result sent to driver
26/05/12 11:01:21 INFO ShuffleBlockFetcherIterator: Getting 1 (2.7 KiB) non-empty blocks including 1 (2.7 KiB) local and 0 (0.0 B) host-local and 0 (0.0 B) push-merged-local and 0 (0.0 B) remote blocks
26/05/12 11:01:21 INFO TaskSetManager: Starting task 20.0 in stage 14.0 (TID 140) (localhost, executor driver, partition 20, NODE_LOCAL, 8806 bytes) 
26/05/12 11:01:21 INFO Executor: Finished task 0.0 in stage 14.0 (TID 120). 2245 bytes result sent to driver
26/05/12 11:01:21 INFO ShuffleBlockFetcherIterator: Started 0 remote fetches in 0 ms
26/05/12 11:01:21 INFO TaskSetManager: Finished task 3.0 in stage 14.0 (TID 123) in 58 ms on localhost (executor driver) (6/24)
26/05/12 11:01:21 INFO TaskSetManager: Finished task 0.0 in stage 14.0 (TID 120) in 58 ms on localhost (executor driver) (7/24)
26/05/12 11:01:21 INFO Executor: Running task 20.0 in stage 14.0 (TID 140)
26/05/12 11:01:21 INFO TaskSetManager: Starting task 21.0 in stage 14.0 (TID 141) (localhost, executor driver, partition 21, NODE_LOCAL, 8806 bytes) 
26/05/12 11:01:21 INFO Executor: Running task 21.0 in stage 14.0 (TID 141)
26/05/12 11:01:21 INFO Executor: Finished task 13.0 in stage 14.0 (TID 133). 2202 bytes result sent to driver
26/05/12 11:01:21 INFO TaskSetManager: Starting task 22.0 in stage 14.0 (TID 142) (localhost, executor driver, partition 22, NODE_LOCAL, 8806 bytes) 
26/05/12 11:01:21 INFO Executor: Running task 22.0 in stage 14.0 (TID 142)
26/05/12 11:01:21 INFO TaskSetManager: Finished task 13.0 in stage 14.0 (TID 133) in 59 ms on localhost (executor driver) (8/24)
26/05/12 11:01:21 INFO ShuffleBlockFetcherIterator: Getting 1 (3.2 KiB) non-empty blocks including 1 (3.2 KiB) local and 0 (0.0 B) host-local and 0 (0.0 B) push-merged-local and 0 (0.0 B) remote blocks
26/05/12 11:01:21 INFO ShuffleBlockFetcherIterator: Getting 1 (2.0 KiB) non-empty blocks including 1 (2.0 KiB) local and 0 (0.0 B) host-local and 0 (0.0 B) push-merged-local and 0 (0.0 B) remote blocks
26/05/12 11:01:21 INFO ShuffleBlockFetcherIterator: Started 0 remote fetches in 0 ms
26/05/12 11:01:21 INFO ShuffleBlockFetcherIterator: Started 0 remote fetches in 0 ms
26/05/12 11:01:21 INFO ShuffleBlockFetcherIterator: Getting 1 (2.9 KiB) non-empty blocks including 1 (2.9 KiB) local and 0 (0.0 B) host-local and 0 (0.0 B) push-merged-local and 0 (0.0 B) remote blocks
26/05/12 11:01:21 INFO ShuffleBlockFetcherIterator: Started 0 remote fetches in 0 ms
26/05/12 11:01:21 INFO PythonRunner: Times: total = 45, boot = -112, init = 157, finish = 0
26/05/12 11:01:21 INFO PythonRunner: Times: total = 53, boot = -179, init = 215, finish = 17
26/05/12 11:01:21 INFO Executor: Finished task 11.0 in stage 14.0 (TID 131). 2245 bytes result sent to driver
26/05/12 11:01:21 INFO TaskSetManager: Starting task 23.0 in stage 14.0 (TID 143) (localhost, executor driver, partition 23, NODE_LOCAL, 8806 bytes) 
26/05/12 11:01:21 INFO Executor: Running task 23.0 in stage 14.0 (TID 143)
26/05/12 11:01:21 INFO TaskSetManager: Finished task 11.0 in stage 14.0 (TID 131) in 63 ms on localhost (executor driver) (9/24)
26/05/12 11:01:21 INFO Executor: Finished task 1.0 in stage 14.0 (TID 121). 2245 bytes result sent to driver
26/05/12 11:01:21 INFO PythonRunner: Times: total = 50, boot = -97, init = 147, finish = 0
26/05/12 11:01:21 INFO TaskSetManager: Finished task 1.0 in stage 14.0 (TID 121) in 65 ms on localhost (executor driver) (10/24)
26/05/12 11:01:21 INFO ShuffleBlockFetcherIterator: Getting 1 (2.7 KiB) non-empty blocks including 1 (2.7 KiB) local and 0 (0.0 B) host-local and 0 (0.0 B) push-merged-local and 0 (0.0 B) remote blocks
26/05/12 11:01:21 INFO ShuffleBlockFetcherIterator: Started 0 remote fetches in 0 ms
26/05/12 11:01:21 INFO Executor: Finished task 4.0 in stage 14.0 (TID 124). 2202 bytes result sent to driver
26/05/12 11:01:21 INFO TaskSetManager: Finished task 4.0 in stage 14.0 (TID 124) in 67 ms on localhost (executor driver) (11/24)
26/05/12 11:01:21 INFO PythonRunner: Times: total = 57, boot = -96, init = 151, finish = 2
26/05/12 11:01:21 INFO PythonRunner: Times: total = 63, boot = -104, init = 167, finish = 0
26/05/12 11:01:21 INFO Executor: Finished task 8.0 in stage 14.0 (TID 128). 2202 bytes result sent to driver
26/05/12 11:01:21 INFO Executor: Finished task 7.0 in stage 14.0 (TID 127). 2245 bytes result sent to driver
26/05/12 11:01:21 INFO PythonRunner: Times: total = 67, boot = -179, init = 236, finish = 10
26/05/12 11:01:21 INFO PythonRunner: Times: total = 65, boot = -179, init = 244, finish = 0
26/05/12 11:01:21 INFO TaskSetManager: Finished task 8.0 in stage 14.0 (TID 128) in 76 ms on localhost (executor driver) (12/24)
26/05/12 11:01:21 INFO TaskSetManager: Finished task 7.0 in stage 14.0 (TID 127) in 79 ms on localhost (executor driver) (13/24)
26/05/12 11:01:21 INFO Executor: Finished task 5.0 in stage 14.0 (TID 125). 2245 bytes result sent to driver
26/05/12 11:01:21 INFO TaskSetManager: Finished task 5.0 in stage 14.0 (TID 125) in 81 ms on localhost (executor driver) (14/24)
26/05/12 11:01:21 INFO Executor: Finished task 10.0 in stage 14.0 (TID 130). 2245 bytes result sent to driver
26/05/12 11:01:21 INFO TaskSetManager: Finished task 10.0 in stage 14.0 (TID 130) in 82 ms on localhost (executor driver) (15/24)
26/05/12 11:01:21 INFO PythonRunner: Times: total = 37, boot = -153, init = 190, finish = 0
26/05/12 11:01:21 INFO PythonRunner: Times: total = 41, boot = -146, init = 186, finish = 1
26/05/12 11:01:21 INFO Executor: Finished task 18.0 in stage 14.0 (TID 138). 2202 bytes result sent to driver
26/05/12 11:01:21 INFO Executor: Finished task 15.0 in stage 14.0 (TID 135). 2202 bytes result sent to driver
26/05/12 11:01:21 INFO TaskSetManager: Finished task 18.0 in stage 14.0 (TID 138) in 48 ms on localhost (executor driver) (16/24)
26/05/12 11:01:21 INFO TaskSetManager: Finished task 15.0 in stage 14.0 (TID 135) in 50 ms on localhost (executor driver) (17/24)
26/05/12 11:01:21 INFO PythonRunner: Times: total = 43, boot = -150, init = 193, finish = 0
26/05/12 11:01:21 INFO PythonRunner: Times: total = 43, boot = -152, init = 195, finish = 0
26/05/12 11:01:21 INFO Executor: Finished task 17.0 in stage 14.0 (TID 137). 2202 bytes result sent to driver
26/05/12 11:01:21 INFO TaskSetManager: Finished task 17.0 in stage 14.0 (TID 137) in 53 ms on localhost (executor driver) (18/24)
26/05/12 11:01:21 INFO PythonRunner: Times: total = 45, boot = -144, init = 189, finish = 0
26/05/12 11:01:21 INFO Executor: Finished task 16.0 in stage 14.0 (TID 136). 2202 bytes result sent to driver
26/05/12 11:01:21 INFO TaskSetManager: Finished task 16.0 in stage 14.0 (TID 136) in 56 ms on localhost (executor driver) (19/24)
26/05/12 11:01:21 INFO PythonRunner: Times: total = 45, boot = -122, init = 167, finish = 0
26/05/12 11:01:21 INFO PythonRunner: Times: total = 42, boot = -119, init = 161, finish = 0
26/05/12 11:01:21 INFO Executor: Finished task 19.0 in stage 14.0 (TID 139). 2202 bytes result sent to driver
26/05/12 11:01:21 INFO TaskSetManager: Finished task 19.0 in stage 14.0 (TID 139) in 55 ms on localhost (executor driver) (20/24)
26/05/12 11:01:21 INFO PythonRunner: Times: total = 46, boot = -147, init = 193, finish = 0
26/05/12 11:01:21 INFO PythonRunner: Times: total = 42, boot = -125, init = 166, finish = 1
26/05/12 11:01:21 INFO Executor: Finished task 21.0 in stage 14.0 (TID 141). 2202 bytes result sent to driver
26/05/12 11:01:21 INFO TaskSetManager: Finished task 21.0 in stage 14.0 (TID 141) in 55 ms on localhost (executor driver) (21/24)
26/05/12 11:01:21 INFO Executor: Finished task 20.0 in stage 14.0 (TID 140). 2202 bytes result sent to driver
26/05/12 11:01:21 INFO TaskSetManager: Finished task 20.0 in stage 14.0 (TID 140) in 56 ms on localhost (executor driver) (22/24)
26/05/12 11:01:21 INFO Executor: Finished task 22.0 in stage 14.0 (TID 142). 2202 bytes result sent to driver
26/05/12 11:01:21 INFO TaskSetManager: Finished task 22.0 in stage 14.0 (TID 142) in 55 ms on localhost (executor driver) (23/24)
26/05/12 11:01:21 INFO Executor: Finished task 23.0 in stage 14.0 (TID 143). 2202 bytes result sent to driver
26/05/12 11:01:21 INFO TaskSetManager: Finished task 23.0 in stage 14.0 (TID 143) in 51 ms on localhost (executor driver) (24/24)
26/05/12 11:01:21 INFO TaskSchedulerImpl: Removed TaskSet 14.0, whose tasks have all completed, from pool 
26/05/12 11:01:21 INFO DAGScheduler: ShuffleMapStage 14 (sortBy at /Users/camillamariasantoro/flight-delay-bigdata1/analysis_33/spark_core/spark_core_3_3_.py:81) finished in 0,115 s
26/05/12 11:01:21 INFO DAGScheduler: looking for newly runnable stages
26/05/12 11:01:21 INFO DAGScheduler: running: Set()
26/05/12 11:01:21 INFO DAGScheduler: waiting: Set(ResultStage 15)
26/05/12 11:01:21 INFO DAGScheduler: failed: Set()
26/05/12 11:01:21 INFO DAGScheduler: Submitting ResultStage 15 (MapPartitionsRDD[31] at saveAsTextFile at NativeMethodAccessorImpl.java:0), which has no missing parents
26/05/12 11:01:21 INFO MemoryStore: Block broadcast_8 stored as values in memory (estimated size 111.4 KiB, free 433.9 MiB)
26/05/12 11:01:21 INFO MemoryStore: Block broadcast_8_piece0 stored as bytes in memory (estimated size 42.5 KiB, free 433.9 MiB)
26/05/12 11:01:21 INFO BlockManagerInfo: Added broadcast_8_piece0 in memory on localhost:49971 (size: 42.5 KiB, free: 434.3 MiB)
26/05/12 11:01:21 INFO SparkContext: Created broadcast 8 from broadcast at DAGScheduler.scala:1611
26/05/12 11:01:21 INFO DAGScheduler: Submitting 1 missing tasks from ResultStage 15 (MapPartitionsRDD[31] at saveAsTextFile at NativeMethodAccessorImpl.java:0) (first 15 tasks are for partitions Vector(0))
26/05/12 11:01:21 INFO TaskSchedulerImpl: Adding task set 15.0 with 1 tasks resource profile 0
26/05/12 11:01:21 INFO TaskSetManager: Starting task 0.0 in stage 15.0 (TID 144) (localhost, executor driver, partition 0, NODE_LOCAL, 9507 bytes) 
26/05/12 11:01:21 INFO Executor: Running task 0.0 in stage 15.0 (TID 144)
26/05/12 11:01:21 INFO HadoopMapRedCommitProtocol: Using output committer class org.apache.hadoop.mapred.FileOutputCommitter
26/05/12 11:01:21 INFO FileOutputCommitter: File Output Committer Algorithm version is 1
26/05/12 11:01:21 INFO FileOutputCommitter: FileOutputCommitter skip cleanup _temporary folders under output directory:false, ignore cleanup failures: false
26/05/12 11:01:21 INFO ShuffleBlockFetcherIterator: Getting 14 (4.1 KiB) non-empty blocks including 14 (4.1 KiB) local and 0 (0.0 B) host-local and 0 (0.0 B) push-merged-local and 0 (0.0 B) remote blocks
26/05/12 11:01:21 INFO ShuffleBlockFetcherIterator: Started 0 remote fetches in 0 ms
26/05/12 11:01:21 INFO PythonRunner: Times: total = 26, boot = -190, init = 216, finish = 0
26/05/12 11:01:21 INFO ShuffleBlockFetcherIterator: Getting 7 (3.1 KiB) non-empty blocks including 7 (3.1 KiB) local and 0 (0.0 B) host-local and 0 (0.0 B) push-merged-local and 0 (0.0 B) remote blocks
26/05/12 11:01:21 INFO ShuffleBlockFetcherIterator: Started 0 remote fetches in 0 ms
26/05/12 11:01:21 INFO PythonRunner: Times: total = 25, boot = -218, init = 243, finish = 0
26/05/12 11:01:21 INFO ShuffleBlockFetcherIterator: Getting 16 (5.4 KiB) non-empty blocks including 16 (5.4 KiB) local and 0 (0.0 B) host-local and 0 (0.0 B) push-merged-local and 0 (0.0 B) remote blocks
26/05/12 11:01:21 INFO ShuffleBlockFetcherIterator: Started 0 remote fetches in 0 ms
26/05/12 11:01:21 INFO PythonRunner: Times: total = 24, boot = -242, init = 266, finish = 0
26/05/12 11:01:21 INFO ShuffleBlockFetcherIterator: Getting 6 (3.2 KiB) non-empty blocks including 6 (3.2 KiB) local and 0 (0.0 B) host-local and 0 (0.0 B) push-merged-local and 0 (0.0 B) remote blocks
26/05/12 11:01:21 INFO ShuffleBlockFetcherIterator: Started 0 remote fetches in 0 ms
26/05/12 11:01:21 INFO PythonRunner: Times: total = 24, boot = -269, init = 293, finish = 0
26/05/12 11:01:21 INFO ShuffleBlockFetcherIterator: Getting 6 (3.0 KiB) non-empty blocks including 6 (3.0 KiB) local and 0 (0.0 B) host-local and 0 (0.0 B) push-merged-local and 0 (0.0 B) remote blocks
26/05/12 11:01:21 INFO ShuffleBlockFetcherIterator: Started 0 remote fetches in 0 ms
26/05/12 11:01:21 INFO PythonRunner: Times: total = 24, boot = -292, init = 315, finish = 1
26/05/12 11:01:21 INFO ShuffleBlockFetcherIterator: Getting 13 (4.5 KiB) non-empty blocks including 13 (4.5 KiB) local and 0 (0.0 B) host-local and 0 (0.0 B) push-merged-local and 0 (0.0 B) remote blocks
26/05/12 11:01:21 INFO ShuffleBlockFetcherIterator: Started 0 remote fetches in 0 ms
26/05/12 11:01:21 INFO PythonRunner: Times: total = 24, boot = -189, init = 213, finish = 0
26/05/12 11:01:21 INFO ShuffleBlockFetcherIterator: Getting 10 (3.3 KiB) non-empty blocks including 10 (3.3 KiB) local and 0 (0.0 B) host-local and 0 (0.0 B) push-merged-local and 0 (0.0 B) remote blocks
26/05/12 11:01:21 INFO ShuffleBlockFetcherIterator: Started 0 remote fetches in 0 ms
26/05/12 11:01:21 INFO PythonRunner: Times: total = 23, boot = -220, init = 243, finish = 0
26/05/12 11:01:21 INFO ShuffleBlockFetcherIterator: Getting 11 (3.4 KiB) non-empty blocks including 11 (3.4 KiB) local and 0 (0.0 B) host-local and 0 (0.0 B) push-merged-local and 0 (0.0 B) remote blocks
26/05/12 11:01:21 INFO ShuffleBlockFetcherIterator: Started 0 remote fetches in 0 ms
26/05/12 11:01:21 INFO PythonRunner: Times: total = 24, boot = -241, init = 265, finish = 0
26/05/12 11:01:21 INFO ShuffleBlockFetcherIterator: Getting 11 (4.3 KiB) non-empty blocks including 11 (4.3 KiB) local and 0 (0.0 B) host-local and 0 (0.0 B) push-merged-local and 0 (0.0 B) remote blocks
26/05/12 11:01:21 INFO ShuffleBlockFetcherIterator: Started 0 remote fetches in 0 ms
26/05/12 11:01:21 INFO PythonRunner: Times: total = 24, boot = -268, init = 292, finish = 0
26/05/12 11:01:21 INFO ShuffleBlockFetcherIterator: Getting 9 (4.1 KiB) non-empty blocks including 9 (4.1 KiB) local and 0 (0.0 B) host-local and 0 (0.0 B) push-merged-local and 0 (0.0 B) remote blocks
26/05/12 11:01:21 INFO ShuffleBlockFetcherIterator: Started 0 remote fetches in 0 ms
26/05/12 11:01:21 INFO PythonRunner: Times: total = 24, boot = -290, init = 314, finish = 0
26/05/12 11:01:21 INFO ShuffleBlockFetcherIterator: Getting 17 (5.3 KiB) non-empty blocks including 17 (5.3 KiB) local and 0 (0.0 B) host-local and 0 (0.0 B) push-merged-local and 0 (0.0 B) remote blocks
26/05/12 11:01:21 INFO ShuffleBlockFetcherIterator: Started 0 remote fetches in 0 ms
26/05/12 11:01:21 INFO PythonRunner: Times: total = 24, boot = -342, init = 366, finish = 0
26/05/12 11:01:21 INFO ShuffleBlockFetcherIterator: Getting 16 (5.8 KiB) non-empty blocks including 16 (5.8 KiB) local and 0 (0.0 B) host-local and 0 (0.0 B) push-merged-local and 0 (0.0 B) remote blocks
26/05/12 11:01:21 INFO ShuffleBlockFetcherIterator: Started 0 remote fetches in 0 ms
26/05/12 11:01:21 INFO PythonRunner: Times: total = 24, boot = -337, init = 360, finish = 1
26/05/12 11:01:21 INFO ShuffleBlockFetcherIterator: Getting 15 (5.3 KiB) non-empty blocks including 15 (5.3 KiB) local and 0 (0.0 B) host-local and 0 (0.0 B) push-merged-local and 0 (0.0 B) remote blocks
26/05/12 11:01:21 INFO ShuffleBlockFetcherIterator: Started 0 remote fetches in 0 ms
26/05/12 11:01:21 INFO PythonRunner: Times: total = 23, boot = -362, init = 385, finish = 0
26/05/12 11:01:21 INFO ShuffleBlockFetcherIterator: Getting 14 (4.9 KiB) non-empty blocks including 14 (4.9 KiB) local and 0 (0.0 B) host-local and 0 (0.0 B) push-merged-local and 0 (0.0 B) remote blocks
26/05/12 11:01:21 INFO ShuffleBlockFetcherIterator: Started 0 remote fetches in 0 ms
26/05/12 11:01:21 INFO PythonRunner: Times: total = 24, boot = -389, init = 413, finish = 0
26/05/12 11:01:21 INFO ShuffleBlockFetcherIterator: Getting 8 (3.9 KiB) non-empty blocks including 8 (3.9 KiB) local and 0 (0.0 B) host-local and 0 (0.0 B) push-merged-local and 0 (0.0 B) remote blocks
26/05/12 11:01:21 INFO ShuffleBlockFetcherIterator: Started 0 remote fetches in 0 ms
26/05/12 11:01:21 INFO PythonRunner: Times: total = 23, boot = -415, init = 438, finish = 0
26/05/12 11:01:21 INFO ShuffleBlockFetcherIterator: Getting 7 (3.3 KiB) non-empty blocks including 7 (3.3 KiB) local and 0 (0.0 B) host-local and 0 (0.0 B) push-merged-local and 0 (0.0 B) remote blocks
26/05/12 11:01:21 INFO ShuffleBlockFetcherIterator: Started 0 remote fetches in 0 ms
26/05/12 11:01:21 INFO PythonRunner: Times: total = 24, boot = -435, init = 459, finish = 0
26/05/12 11:01:21 INFO ShuffleBlockFetcherIterator: Getting 14 (4.7 KiB) non-empty blocks including 14 (4.7 KiB) local and 0 (0.0 B) host-local and 0 (0.0 B) push-merged-local and 0 (0.0 B) remote blocks
26/05/12 11:01:21 INFO ShuffleBlockFetcherIterator: Started 0 remote fetches in 0 ms
26/05/12 11:01:21 INFO PythonRunner: Times: total = 24, boot = -463, init = 487, finish = 0
26/05/12 11:01:21 INFO ShuffleBlockFetcherIterator: Getting 12 (4.7 KiB) non-empty blocks including 12 (4.7 KiB) local and 0 (0.0 B) host-local and 0 (0.0 B) push-merged-local and 0 (0.0 B) remote blocks
26/05/12 11:01:21 INFO ShuffleBlockFetcherIterator: Started 0 remote fetches in 0 ms
26/05/12 11:01:21 INFO PythonRunner: Times: total = 24, boot = -477, init = 501, finish = 0
26/05/12 11:01:21 INFO ShuffleBlockFetcherIterator: Getting 11 (3.7 KiB) non-empty blocks including 11 (3.7 KiB) local and 0 (0.0 B) host-local and 0 (0.0 B) push-merged-local and 0 (0.0 B) remote blocks
26/05/12 11:01:21 INFO ShuffleBlockFetcherIterator: Started 0 remote fetches in 0 ms
26/05/12 11:01:21 INFO PythonRunner: Times: total = 25, boot = -506, init = 531, finish = 0
26/05/12 11:01:21 INFO ShuffleBlockFetcherIterator: Getting 9 (4.0 KiB) non-empty blocks including 9 (4.0 KiB) local and 0 (0.0 B) host-local and 0 (0.0 B) push-merged-local and 0 (0.0 B) remote blocks
26/05/12 11:01:21 INFO ShuffleBlockFetcherIterator: Started 0 remote fetches in 0 ms
26/05/12 11:01:21 INFO PythonRunner: Times: total = 24, boot = -530, init = 554, finish = 0
26/05/12 11:01:21 INFO ShuffleBlockFetcherIterator: Getting 12 (3.9 KiB) non-empty blocks including 12 (3.9 KiB) local and 0 (0.0 B) host-local and 0 (0.0 B) push-merged-local and 0 (0.0 B) remote blocks
26/05/12 11:01:21 INFO ShuffleBlockFetcherIterator: Started 0 remote fetches in 0 ms
26/05/12 11:01:21 INFO PythonRunner: Times: total = 24, boot = -536, init = 560, finish = 0
26/05/12 11:01:21 INFO ShuffleBlockFetcherIterator: Getting 8 (2.8 KiB) non-empty blocks including 8 (2.8 KiB) local and 0 (0.0 B) host-local and 0 (0.0 B) push-merged-local and 0 (0.0 B) remote blocks
26/05/12 11:01:21 INFO ShuffleBlockFetcherIterator: Started 0 remote fetches in 0 ms
26/05/12 11:01:22 INFO PythonRunner: Times: total = 25, boot = -556, init = 580, finish = 1
26/05/12 11:01:22 INFO ShuffleBlockFetcherIterator: Getting 10 (3.5 KiB) non-empty blocks including 10 (3.5 KiB) local and 0 (0.0 B) host-local and 0 (0.0 B) push-merged-local and 0 (0.0 B) remote blocks
26/05/12 11:01:22 INFO ShuffleBlockFetcherIterator: Started 0 remote fetches in 0 ms
26/05/12 11:01:22 INFO PythonRunner: Times: total = 24, boot = -577, init = 601, finish = 0
26/05/12 11:01:22 INFO ShuffleBlockFetcherIterator: Getting 16 (4.8 KiB) non-empty blocks including 16 (4.8 KiB) local and 0 (0.0 B) host-local and 0 (0.0 B) push-merged-local and 0 (0.0 B) remote blocks
26/05/12 11:01:22 INFO ShuffleBlockFetcherIterator: Started 0 remote fetches in 0 ms
26/05/12 11:01:22 INFO PythonRunner: Times: total = 25, boot = -601, init = 626, finish = 0
26/05/12 11:01:22 INFO PythonRunner: Times: total = 605, boot = -191, init = 795, finish = 1
26/05/12 11:01:22 INFO FileOutputCommitter: Saved output of task 'attempt_202605121101213046612112596056157_0031_m_000000_0' to file:/Users/camillamariasantoro/flight-delay-bigdata1/temp_spark_core_out/_temporary/0/task_202605121101213046612112596056157_0031_m_000000
26/05/12 11:01:22 INFO SparkHadoopMapRedUtil: attempt_202605121101213046612112596056157_0031_m_000000_0: Committed. Elapsed time: 0 ms.
26/05/12 11:01:22 INFO Executor: Finished task 0.0 in stage 15.0 (TID 144). 2351 bytes result sent to driver
26/05/12 11:01:22 INFO TaskSetManager: Finished task 0.0 in stage 15.0 (TID 144) in 621 ms on localhost (executor driver) (1/1)
26/05/12 11:01:22 INFO TaskSchedulerImpl: Removed TaskSet 15.0, whose tasks have all completed, from pool 
26/05/12 11:01:22 INFO DAGScheduler: ResultStage 15 (runJob at SparkHadoopWriter.scala:83) finished in 0,628 s
26/05/12 11:01:22 INFO DAGScheduler: Job 2 is finished. Cancelling potential speculative or zombie tasks for this job
26/05/12 11:01:22 INFO TaskSchedulerImpl: Killing all running tasks in stage 15: Stage finished
26/05/12 11:01:22 INFO DAGScheduler: Job 2 finished: runJob at SparkHadoopWriter.scala:83, took 0,748531 s
26/05/12 11:01:22 INFO SparkHadoopWriter: Start to commit write Job job_202605121101213046612112596056157_0031.
26/05/12 11:01:22 INFO SparkHadoopWriter: Write Job job_202605121101213046612112596056157_0031 committed. Elapsed time: 10 ms.
26/05/12 11:01:22 INFO SparkContext: SparkContext is stopping with exitCode 0.
26/05/12 11:01:22 INFO SparkUI: Stopped Spark web UI at http://localhost:4040
26/05/12 11:01:22 INFO MapOutputTrackerMasterEndpoint: MapOutputTrackerMasterEndpoint stopped!
26/05/12 11:01:22 INFO MemoryStore: MemoryStore cleared
26/05/12 11:01:22 INFO BlockManager: BlockManager stopped
26/05/12 11:01:22 INFO BlockManagerMaster: BlockManagerMaster stopped
26/05/12 11:01:22 INFO OutputCommitCoordinator$OutputCommitCoordinatorEndpoint: OutputCommitCoordinator stopped!
26/05/12 11:01:22 INFO SparkContext: Successfully stopped SparkContext
26/05/12 11:01:23 INFO ShutdownHookManager: Shutdown hook called
26/05/12 11:01:23 INFO ShutdownHookManager: Deleting directory /private/var/folders/0p/sx2q3w3d0n12d_0t4x5g96m80000gn/T/spark-395fcaf3-6e86-4137-9d4b-5f1bf31d6a22
26/05/12 11:01:23 INFO ShutdownHookManager: Deleting directory /private/var/folders/0p/sx2q3w3d0n12d_0t4x5g96m80000gn/T/spark-e4dea7d0-1948-43ff-9dc5-2486f107815b
26/05/12 11:01:23 INFO ShutdownHookManager: Deleting directory /private/var/folders/0p/sx2q3w3d0n12d_0t4x5g96m80000gn/T/spark-e4dea7d0-1948-43ff-9dc5-2486f107815b/pyspark-4ed67006-ff84-4dbe-908c-a77a912c8adf
Setting default log level to "WARN".
To adjust logging level use sc.setLogLevel(newLevel). For SparkR, use setLogLevel(newLevel).
26/05/12 11:01:23 WARN NativeCodeLoader: Unable to load native-hadoop library for your platform... using builtin-java classes where applicable
26/05/12 11:01:24 WARN HiveConf: HiveConf of name hive.stats.jdbc.timeout does not exist
26/05/12 11:01:24 WARN HiveConf: HiveConf of name hive.stats.retries.wait does not exist
26/05/12 11:01:25 WARN ObjectStore: Failed to get database global_temp, returning NoSuchObjectException
26/05/12 11:01:26 WARN SessionState: METASTORE_FILTER_HOOK will be ignored, since hive.security.authorization.manager is set to instance of HiveAuthorizerFactory.
