aeroporto_partenza,mese,numero_ritardi_basso,dep_avg_basso,arr_avg_basso,numero_ritardi_medio,dep_avg_medio,arr_avg_medio,numero_ritardo_alto,dep_avg_alto,arr_avg_alto,cause_maggiori
ABE,1,230,-4.59,-9.83,31,34.32,32.5,30,241.3,234.03,"['NAS (46 voli)', 'Carrier (32 voli)', 'Late Aircraft (32 voli)']"
ABE,2,219,-5.38,-13.5,20,29.7,10.11,14,227.93,217.93,"['Carrier (16 voli)', 'NAS (16 voli)', 'Late Aircraft (12 voli)']"
ABE,3,274,-5.41,-13.97,28,30.68,19.89,23,173.43,163.39,"['Late Aircraft (19 voli)', 'NAS (19 voli)', 'Carrier (17 voli)']"
ABE,4,254,-5.6,-13.7,29,33.45,27.66,29,258.66,250.38,"['Carrier (28 voli)', 'Late Aircraft (26 voli)', 'NAS (21 voli)']"
ABE,5,296,-5.91,-10.51,26,30.08,29.58,40,180.63,177.13,"['NAS (36 voli)', 'Late Aircraft (31 voli)', 'Carrier (28 voli)']"
ABE,6,293,-6.15,-13.49,38,27.39,17.22,38,173.92,172.32,"['Carrier (35 voli)', 'Late Aircraft (32 voli)', 'NAS (21 voli)']"
ABE,7,270,-6.11,-9.47,41,34.61,30.15,37,138.08,137.08,"['Carrier (54 voli)', 'Late Aircraft (48 voli)', 'NAS (40 voli)']"
ABE,8,269,-6.22,-12.35,42,32.02,27.98,27,146.96,144.3,"['Late Aircraft (37 voli)', 'NAS (36 voli)', 'Carrier (33 voli)']"
ABE,9,246,-6.26,-13.22,25,37.84,32.88,15,181.93,177.8,"['Late Aircraft (21 voli)', 'Carrier (19 voli)', 'NAS (16 voli)']"
ABE,10,262,-5.34,-14.97,31,26.23,11.97,18,193.17,183.83,"['Carrier (20 voli)', 'Late Aircraft (20 voli)', 'NAS (13 voli)']"
ABE,11,235,-5.57,-12.93,24,31.63,21.75,14,165.21,152.43,"['Late Aircraft (18 voli)', 'Carrier (15 voli)', 'NAS (12 voli)']"
ABE,12,242,-4.22,-9.88,34,32.5,24.58,33,192.33,185.21,"['Carrier (47 voli)', 'Late Aircraft (37 voli)', 'NAS (32 voli)']"
ABI,1,124,-6.23,-3.83,11,38.91,36.73,13,113.46,123.85,"['Late Aircraft (20 voli)', 'NAS (17 voli)', 'Weather (14 voli)']"
ABI,2,132,-6.43,-5.87,8,33.88,33.75,1,99.0,88.0,"['NAS (11 voli)', 'Late Aircraft (7 voli)', 'Carrier (6 voli)']"
ABI,3,120,-4.21,-6.95,13,24.08,27.08,12,132.67,134.08,"['Late Aircraft (17 voli)', 'NAS (16 voli)', 'Weather (8 voli)']"
ABI,4,115,-4.19,-9.9,15,31.47,29.6,12,129.67,126.17,"['Late Aircraft (19 voli)', 'Weather (13 voli)', 'NAS (12 voli)']"
ABI,5,93,-2.91,-7.02,26,27.88,25.04,22,190.68,195.59,"['Late Aircraft (25 voli)', 'NAS (23 voli)', 'Carrier (14 voli)']"
ABI,6,112,-4.65,-10.25,18,28.33,25.72,13,116.54,108.77,"['Late Aircraft (20 voli)', 'NAS (14 voli)', 'Carrier (10 voli)']"
ABI,7,116,-4.23,-8.73,23,30.13,30.87,10,127.0,122.5,"['Late Aircraft (26 voli)', 'NAS (15 voli)', 'Carrier (11 voli)']"
ABI,8,132,-6.14,-8.8,12,27.25,22.67,2,91.5,89.5,"['Late Aircraft (9 voli)', 'Carrier (7 voli)', 'NAS (5 voli)']"
ABI,9,124,-5.33,-8.06,14,28.43,23.43,8,108.88,99.13,"['Late Aircraft (11 voli)', 'Carrier (10 voli)', 'NAS (9 voli)']"
ABI,10,142,-5.69,-12.23,3,32.0,32.0,4,135.5,125.5,"['Carrier (4 voli)', 'Late Aircraft (4 voli)', 'NAS (2 voli)']"
ABI,11,127,-4.5,-9.21,8,31.13,25.5,6,106.17,105.0,"['Weather (8 voli)', 'Late Aircraft (7 voli)', 'NAS (6 voli)']"
ABI,12,131,-4.17,-6.19,7,28.71,21.57,12,111.0,117.08,"['NAS (14 voli)', 'Late Aircraft (12 voli)', 'Carrier (10 voli)']"
ABQ,1,1436,-3.17,-8.06,200,30.94,26.28,116,137.95,134.59,"['Late Aircraft (198 voli)', 'NAS (170 voli)', 'Carrier (145 voli)']"
ABQ,2,1382,-2.79,-7.95,156,31.13,28.93,65,155.35,155.88,"['NAS (131 voli)', 'Late Aircraft (125 voli)', 'Carrier (123 voli)']"
ABQ,3,1488,-2.29,-7.59,251,31.27,25.83,115,151.7,150.59,"['Late Aircraft (232 voli)', 'Carrier (192 voli)', 'NAS (189 voli)']"
ABQ,4,1512,-2.26,-8.35,263,30.96,24.81,94,143.41,142.43,"['Late Aircraft (199 voli)', 'Carrier (176 voli)', 'NAS (141 voli)']"
ABQ,5,1594,-1.87,-7.3,321,31.05,25.33,161,153.47,149.59,"['Late Aircraft (277 voli)', 'Carrier (256 voli)', 'NAS (174 voli)']"
ABQ,6,1617,-2.09,-6.95,310,30.53,25.68,126,147.6,143.38,"['Late Aircraft (273 voli)', 'Carrier (227 voli)', 'NAS (161 voli)']"
ABQ,7,1584,-2.05,-7.07,332,33.04,29.46,168,152.89,150.16,"['Late Aircraft (345 voli)', 'Carrier (292 voli)', 'NAS (207 voli)']"
ABQ,8,1697,-3.27,-8.12,234,30.08,27.2,125,131.06,129.1,"['Late Aircraft (224 voli)', 'Carrier (195 voli)', 'NAS (174 voli)']"
ABQ,9,1727,-3.81,-10.0,221,28.92,22.79,66,127.7,122.7,"['Late Aircraft (150 voli)', 'Carrier (129 voli)', 'NAS (98 voli)']"
ABQ,10,2094,-3.0,-7.94,212,28.51,23.0,75,141.68,137.13,"['Carrier (155 voli)', 'Late Aircraft (135 voli)', 'NAS (127 voli)']"
ABQ,11,1704,-3.48,-6.99,185,30.1,28.39,71,134.52,133.99,"['NAS (176 voli)', 'Carrier (148 voli)', 'Late Aircraft (139 voli)']"
ABQ,12,1655,-3.05,-8.71,223,30.12,23.94,89,158.9,161.71,"['Late Aircraft (189 voli)', 'Carrier (161 voli)', 'NAS (137 voli)']"
ABR,1,44,-3.11,-13.57,5,27.2,7.8,5,130.8,121.4,"['Weather (6 voli)', 'Carrier (5 voli)', 'NAS (1 voli)']"
ABR,2,40,-4.3,-18.0,3,34.0,13.67,2,321.0,304.5,"['Carrier (2 voli)', 'Weather (2 voli)']"
ABR,3,37,-3.54,-16.78,3,27.0,11.67,7,192.29,171.43,"['Carrier (6 voli)', 'Weather (3 voli)']"
ABR,4,53,-5.13,-15.08,1,18.0,-4.0,3,365.67,344.0,"['Carrier (2 voli)', 'Weather (1 voli)']"
ABR,5,53,-4.53,-10.7,3,39.33,36.0,6,140.5,130.67,"['Carrier (7 voli)', 'Weather (2 voli)', 'NAS (1 voli)']"
ABR,6,42,-3.38,1.38,11,37.82,49.55,7,307.57,308.71,"['Carrier (18 voli)', 'NAS (12 voli)', 'Weather (7 voli)']"
ABR,7,48,-1.52,-9.75,6,35.67,32.67,7,132.29,138.29,"['NAS (9 voli)', 'Carrier (9 voli)', 'Weather (3 voli)']"
ABR,8,50,-3.28,-8.62,6,24.5,35.33,6,235.17,249.33,"['NAS (9 voli)', 'Weather (7 voli)', 'Carrier (5 voli)']"
ABR,9,51,-4.88,-14.65,0,NULL,NULL,3,140.33,132.33,"['Carrier (6 voli)']"
ABR,10,50,-4.54,-16.44,6,42.5,29.67,6,193.5,182.33,"['Carrier (10 voli)', 'NAS (1 voli)', 'Weather (1 voli)']"
ABR,11,49,-4.65,-10.65,5,25.8,17.2,3,106.0,90.0,"['Carrier (7 voli)']"
ABR,12,38,-4.05,-6.11,8,34.13,25.5,10,356.8,348.1,"['Carrier (16 voli)', 'NAS (6 voli)', 'Weather (3 voli)']"
ABY,1,50,-4.44,-10.1,5,26.6,18.6,7,304.86,294.14,"['Carrier (8 voli)', 'NAS (3 voli)', 'Weather (2 voli)']"
ABY,2,45,-5.71,-7.69,7,27.71,15.57,6,199.33,194.83,"['Carrier (6 voli)', 'Weather (3 voli)', 'NAS (1 voli)']"
ABY,3,56,-5.43,-9.23,2,43.0,39.0,4,140.5,131.0,"['Carrier (5 voli)', 'Weather (1 voli)']"
ABY,4,49,-6.27,-3.1,7,35.43,39.0,4,130.25,137.0,"['Carrier (13 voli)', 'NAS (9 voli)', 'Weather (1 voli)']"
ABY,5,47,-6.02,-3.6,6,39.0,39.83,8,118.75,115.5,"['Carrier (15 voli)', 'NAS (5 voli)', 'Weather (4 voli)']"
ABY,6,50,-5.74,-6.76,5,45.6,40.0,4,72.0,66.25,"['Carrier (9 voli)', 'NAS (1 voli)', 'Weather (1 voli)']"
ABY,7,39,-5.95,3.29,7,29.43,27.43,13,186.23,188.0,"['Carrier (20 voli)', 'NAS (8 voli)', 'Weather (6 voli)']"
ABY,8,44,-4.55,-5.86,8,29.5,21.13,9,266.44,261.44,"['Carrier (14 voli)', 'Weather (2 voli)', 'NAS (1 voli)']"
ABY,9,46,-6.74,-5.54,6,40.17,41.5,5,101.6,95.8,"['Carrier (9 voli)', 'NAS (4 voli)', 'Weather (4 voli)']"
ABY,10,59,-6.73,-8.37,2,55.5,42.5,1,130.0,117.0,"['Carrier (5 voli)', 'NAS (1 voli)']"
ABY,11,70,-7.83,-7.17,4,38.0,34.75,3,190.0,195.0,"['Carrier (11 voli)', 'NAS (3 voli)', 'Weather (2 voli)']"
ABY,12,54,-6.81,-13.3,6,26.17,22.5,15,195.67,193.87,"['Carrier (19 voli)', 'NAS (11 voli)', 'Late Aircraft (3 voli)']"
ACK,5,95,-10.11,-10.43,10,33.4,33.2,15,160.67,162.64,"['Late Aircraft (19 voli)', 'NAS (15 voli)', 'Carrier (8 voli)']"
ACK,6,248,-8.15,-12.24,33,36.27,39.27,36,175.81,178.14,"['NAS (50 voli)', 'Late Aircraft (46 voli)', 'Carrier (33 voli)']"
ACK,7,312,-7.18,-9.4,64,33.41,32.2,51,137.04,140.27,"['NAS (82 voli)', 'Late Aircraft (73 voli)', 'Carrier (49 voli)']"
ACK,8,344,-5.58,-6.52,34,36.24,35.0,47,179.66,181.4,"['NAS (95 voli)', 'Late Aircraft (67 voli)', 'Carrier (45 voli)']"
ACK,9,154,-9.6,-11.42,11,37.55,40.0,8,116.13,114.5,"['NAS (14 voli)', 'Late Aircraft (13 voli)', 'Carrier (9 voli)']"
ACK,10,64,-9.27,-12.53,4,34.5,28.5,3,168.0,162.0,"['Carrier (4 voli)', 'Late Aircraft (4 voli)', 'NAS (4 voli)']"
ACT,1,63,-6.49,-8.32,12,36.42,34.25,10,272.8,268.8,"['Carrier (14 voli)', 'Weather (11 voli)', 'Late Aircraft (7 voli)']"
ACT,2,80,-4.51,-5.96,3,31.0,36.0,4,82.5,70.25,"['Carrier (9 voli)', 'NAS (9 voli)', 'Late Aircraft (4 voli)']"
ACT,3,79,-3.11,-2.57,7,29.57,29.43,4,75.25,69.75,"['NAS (15 voli)', 'Late Aircraft (13 voli)', 'Weather (4 voli)']"
ACT,4,70,-3.81,-3.81,10,33.8,30.7,6,171.83,179.67,"['NAS (12 voli)', 'Late Aircraft (9 voli)', 'Weather (8 voli)']"
ACT,5,68,-6.18,-5.13,7,34.29,31.14,11,187.64,186.91,"['Carrier (11 voli)', 'Weather (11 voli)', 'NAS (6 voli)']"
ACT,6,57,-4.09,-3.67,15,34.27,29.67,17,149.94,150.88,"['Carrier (18 voli)', 'Late Aircraft (15 voli)', 'NAS (12 voli)']"
ACT,7,74,-6.15,-4.49,8,45.75,41.5,10,139.0,143.3,"['Carrier (12 voli)', 'NAS (9 voli)', 'Weather (4 voli)']"
ACT,8,75,-4.36,-1.88,11,36.73,40.73,5,103.8,107.4,"['Carrier (13 voli)', 'NAS (12 voli)', 'Late Aircraft (9 voli)']"
ACT,9,75,-4.89,-5.84,11,27.09,29.64,4,174.75,166.5,"['Carrier (10 voli)', 'NAS (9 voli)', 'Late Aircraft (8 voli)']"
ACT,10,62,-6.16,-7.42,12,33.58,32.5,18,119.56,115.0,"['Carrier (19 voli)', 'NAS (10 voli)', 'Late Aircraft (9 voli)']"
ACT,11,73,-5.04,-6.81,7,39.86,36.71,4,157.5,153.75,"['Carrier (12 voli)', 'Late Aircraft (5 voli)', 'NAS (2 voli)']"
ACT,12,58,-4.9,-3.4,13,33.46,34.46,16,135.06,136.63,"['Carrier (28 voli)', 'NAS (13 voli)', 'Weather (8 voli)']"
ACV,1,113,-5.41,-10.21,16,32.88,27.31,15,195.13,190.33,"['NAS (15 voli)', 'Late Aircraft (11 voli)', 'Weather (7 voli)']"
ACV,2,91,-5.79,-4.15,22,37.95,40.18,14,282.79,281.07,"['NAS (26 voli)', 'Late Aircraft (16 voli)', 'Carrier (14 voli)']"
ACV,3,100,-4.74,-6.87,29,32.1,31.0,13,205.92,202.46,"['NAS (38 voli)', 'Late Aircraft (10 voli)', 'Carrier (5 voli)']"
ACV,4,91,-3.98,-6.79,14,37.07,48.36,12,146.5,145.58,"['NAS (22 voli)', 'Carrier (7 voli)', 'Late Aircraft (5 voli)']"
ACV,5,96,-3.8,-7.79,13,29.15,30.23,12,168.17,174.42,"['NAS (22 voli)', 'Carrier (6 voli)', 'Late Aircraft (6 voli)']"
ACV,6,95,-4.14,-7.82,10,34.3,39.0,9,191.11,185.78,"['Carrier (14 voli)', 'NAS (11 voli)', 'Late Aircraft (6 voli)']"
ACV,7,119,-4.97,-6.76,11,35.18,38.91,10,332.9,337.8,"['NAS (16 voli)', 'Carrier (14 voli)', 'Late Aircraft (8 voli)']"
ACV,8,114,-4.05,-4.07,16,28.94,30.63,9,184.44,191.11,"['NAS (23 voli)', 'Carrier (10 voli)', 'Late Aircraft (10 voli)']"
ACV,9,117,-5.34,-10.84,8,34.88,31.38,19,285.79,283.37,"['Weather (15 voli)', 'Late Aircraft (12 voli)', 'NAS (9 voli)']"
ACV,10,147,-5.35,-7.61,11,32.91,30.55,20,234.05,234.8,"['Carrier (15 voli)', 'NAS (11 voli)', 'Late Aircraft (10 voli)']"
ACV,11,135,-5.25,-6.07,16,32.69,29.88,18,105.06,107.11,"['NAS (21 voli)', 'Carrier (15 voli)', 'Late Aircraft (14 voli)']"
ACV,12,134,-5.67,-6.13,11,32.18,39.91,7,169.57,164.29,"['Carrier (19 voli)', 'NAS (10 voli)', 'Late Aircraft (4 voli)']"
ACY,1,216,-5.35,-3.69,24,29.38,30.88,9,138.78,134.56,"['NAS (47 voli)', 'Late Aircraft (13 voli)', 'Carrier (13 voli)']"
ACY,2,207,-4.43,-9.45,37,34.32,25.43,16,136.0,134.88,"['NAS (39 voli)', 'Carrier (18 voli)', 'Late Aircraft (17 voli)']"
ACY,3,201,-4.29,-7.79,71,33.18,31.79,34,156.47,157.5,"['NAS (89 voli)', 'Late Aircraft (38 voli)', 'Carrier (30 voli)']"
ACY,4,236,-6.03,-15.25,25,34.48,28.96,15,132.6,130.53,"['NAS (25 voli)', 'Carrier (13 voli)', 'Late Aircraft (12 voli)']"
ACY,5,230,-4.87,-11.1,35,30.91,24.94,13,135.54,134.46,"['NAS (27 voli)', 'Late Aircraft (20 voli)', 'Carrier (9 voli)']"
ACY,6,176,-4.15,-14.18,28,31.46,23.14,29,135.41,129.86,"['NAS (33 voli)', 'Carrier (20 voli)', 'Late Aircraft (16 voli)']"
ACY,7,162,-3.19,-12.31,37,35.84,27.49,17,181.18,171.47,"['Carrier (36 voli)', 'NAS (30 voli)', 'Late Aircraft (21 voli)']"
ACY,8,203,-3.28,-8.57,38,31.47,27.79,27,137.96,136.0,"['NAS (46 voli)', 'Late Aircraft (31 voli)', 'Carrier (21 voli)']"
ACY,9,163,-5.52,-12.9,16,28.94,23.38,8,114.0,113.75,"['NAS (16 voli)', 'Late Aircraft (8 voli)', 'Carrier (7 voli)']"
ACY,10,175,-5.54,-14.53,13,37.62,27.46,6,112.5,97.83,"['Carrier (13 voli)', 'NAS (12 voli)', 'Late Aircraft (11 voli)']"
ACY,11,172,-6.78,-16.78,16,34.38,20.25,6,196.5,179.17,"['NAS (10 voli)', 'Late Aircraft (8 voli)', 'Carrier (7 voli)']"
ACY,12,132,-5.8,-12.94,25,31.6,23.76,17,98.94,89.29,"['NAS (27 voli)', 'Carrier (13 voli)', 'Late Aircraft (9 voli)']"
ADK,1,3,-14.0,-2.0,2,29.5,42.0,0,NULL,NULL,"['Weather (3 voli)', 'Security (2 voli)', 'NAS (2 voli)']"
ADK,2,3,-21.33,-19.0,0,NULL,NULL,0,NULL,NULL,"['Weather (1 voli)']"
ADK,3,2,-25.5,-27.5,0,NULL,NULL,1,103.0,103.0,"['Late Aircraft (1 voli)']"
ADK,4,2,-1.0,-1.0,1,58.0,53.0,1,225.0,217.0,"['Late Aircraft (2 voli)', 'Security (1 voli)', 'Weather (1 voli)']"
ADK,5,2,-20.5,-15.5,2,22.0,17.0,0,NULL,NULL,"['Late Aircraft (1 voli)', 'Security (1 voli)']"
ADK,6,5,-14.2,-12.6,0,NULL,NULL,0,NULL,NULL,"['Weather (1 voli)']"
ADK,7,6,-2.5,-4.83,2,37.5,36.5,0,NULL,NULL,"['Security (2 voli)', 'Late Aircraft (1 voli)', 'NAS (1 voli)']"
ADK,8,6,1.17,-0.67,2,49.0,33.5,1,170.0,135.0,"['Security (2 voli)', 'Late Aircraft (1 voli)']"
ADK,9,5,-0.8,-7.6,2,31.0,16.5,1,70.0,73.0,"['Security (2 voli)', 'NAS (1 voli)', 'Late Aircraft (1 voli)']"
ADK,10,6,-12.17,-15.0,1,29.0,16.0,0,NULL,NULL,"['Carrier (1 voli)', 'Weather (1 voli)']"
ADK,11,6,-9.83,-3.5,0,NULL,NULL,1,61.0,73.0,"['Late Aircraft (1 voli)', 'NAS (1 voli)', 'Weather (1 voli)']"
ADK,12,4,-4.5,2.75,0,NULL,NULL,0,NULL,NULL,"['NAS (1 voli)']"
ADQ,1,36,-13.44,-16.47,8,30.63,27.75,8,92.38,83.75,"['Late Aircraft (9 voli)', 'Carrier (5 voli)', 'Weather (5 voli)']"
ADQ,2,46,-9.2,-12.28,5,33.8,28.6,3,134.33,126.33,"['Late Aircraft (4 voli)', 'NAS (4 voli)', 'Weather (3 voli)']"
ADQ,3,44,-10.89,-13.68,7,26.86,22.43,5,164.0,161.8,"['Late Aircraft (8 voli)', 'Carrier (3 voli)', 'NAS (3 voli)']"
ADQ,4,46,-11.63,-15.59,8,39.38,33.5,2,168.5,165.0,"['Carrier (6 voli)', 'Late Aircraft (4 voli)', 'NAS (2 voli)']"
ADQ,5,65,-8.74,-10.48,4,42.0,40.25,2,62.5,52.5,"['Late Aircraft (4 voli)', 'Carrier (4 voli)', 'NAS (2 voli)']"
ADQ,6,65,-11.95,-11.48,5,36.2,31.8,2,76.5,74.5,"['Carrier (3 voli)', 'Late Aircraft (3 voli)', 'NAS (2 voli)']"
ADQ,7,65,-6.71,-6.58,6,24.67,19.0,6,210.0,212.0,"['NAS (8 voli)', 'Late Aircraft (6 voli)', 'Carrier (5 voli)']"
ADQ,8,73,-8.38,-8.67,8,27.38,24.25,3,100.0,100.0,"['Late Aircraft (7 voli)', 'NAS (6 voli)', 'Carrier (4 voli)']"
ADQ,9,86,-12.55,-11.38,3,43.0,47.67,1,87.0,89.0,"['NAS (7 voli)', 'Late Aircraft (2 voli)', 'Weather (2 voli)']"
ADQ,10,50,-5.5,-6.76,7,31.43,32.29,3,130.33,131.67,"['Late Aircraft (7 voli)', 'NAS (6 voli)', 'Carrier (3 voli)']"
ADQ,11,41,-4.68,-2.56,13,27.46,28.31,3,358.67,357.33,"['NAS (8 voli)', 'Late Aircraft (7 voli)', 'Carrier (6 voli)']"
ADQ,12,52,-7.15,-9.4,3,30.0,29.67,3,169.67,174.67,"['NAS (6 voli)', 'Late Aircraft (4 voli)', 'Weather (4 voli)']"
AEX,1,114,-4.8,-4.56,16,38.5,32.44,16,249.38,259.19,"['NAS (24 voli)', 'Carrier (17 voli)', 'Weather (16 voli)']"
AEX,2,118,-6.07,-8.23,8,33.63,37.75,6,239.67,234.67,"['Carrier (13 voli)', 'NAS (9 voli)', 'Late Aircraft (7 voli)']"
AEX,3,129,-4.52,-9.16,7,34.86,41.43,8,165.25,153.88,"['Weather (11 voli)', 'NAS (8 voli)', 'Carrier (7 voli)']"
AEX,4,119,-5.61,-8.5,10,35.1,33.8,18,266.72,284.56,"['Weather (17 voli)', 'NAS (14 voli)', 'Carrier (9 voli)']"
AEX,5,117,-4.56,-5.96,9,27.56,33.67,23,169.96,166.96,"['Weather (21 voli)', 'Carrier (18 voli)', 'NAS (14 voli)']"
AEX,6,144,-4.78,-10.49,11,26.18,17.18,13,231.23,227.17,"['NAS (10 voli)', 'Carrier (10 voli)', 'Late Aircraft (7 voli)']"
AEX,7,128,-4.5,-9.48,19,29.95,25.21,23,217.39,214.74,"['Carrier (21 voli)', 'Late Aircraft (16 voli)', 'NAS (16 voli)']"
AEX,8,153,-5.43,-11.95,7,29.14,24.71,15,158.0,148.2,"['Carrier (14 voli)', 'Late Aircraft (9 voli)', 'NAS (5 voli)']"
AEX,9,140,-4.26,-8.0,16,29.94,29.88,15,165.2,160.87,"['Carrier (19 voli)', 'NAS (17 voli)', 'Late Aircraft (11 voli)']"
AEX,10,137,-6.62,-14.94,14,34.14,26.5,21,176.19,163.81,"['Carrier (22 voli)', 'Late Aircraft (11 voli)', 'NAS (5 voli)']"
AEX,11,136,-5.53,-10.82,12,28.5,20.17,15,172.73,165.6,"['Carrier (17 voli)', 'Late Aircraft (12 voli)', 'NAS (8 voli)']"
AEX,12,134,-3.98,-9.8,17,31.18,32.76,6,274.33,262.0,"['NAS (18 voli)', 'Carrier (12 voli)', 'Late Aircraft (8 voli)']"
AGS,1,154,-2.27,-5.24,32,29.97,29.0,47,178.3,173.43,"['Carrier (45 voli)', 'NAS (32 voli)', 'Weather (24 voli)']"
AGS,2,185,-3.22,-11.82,24,30.96,21.92,20,144.1,134.65,"['Carrier (24 voli)', 'NAS (8 voli)', 'Weather (8 voli)']"
AGS,3,211,-3.76,-7.96,17,28.0,26.82,19,176.74,170.47,"['Carrier (27 voli)', 'Late Aircraft (20 voli)', 'NAS (17 voli)']"
AGS,4,373,-2.97,-5.55,75,30.84,27.65,32,100.84,101.16,"['NAS (62 voli)', 'Late Aircraft (58 voli)', 'Carrier (57 voli)']"
AGS,5,247,-3.71,-7.45,28,33.0,30.68,33,174.27,177.41,"['NAS (40 voli)', 'Carrier (36 voli)', 'Late Aircraft (27 voli)']"
AGS,6,315,-4.73,-9.28,29,28.45,23.38,21,127.38,124.81,"['NAS (27 voli)', 'Late Aircraft (23 voli)', 'Carrier (20 voli)']"
AGS,7,259,-3.45,-5.04,39,33.69,27.31,60,171.17,171.05,"['Carrier (66 voli)', 'Late Aircraft (63 voli)', 'NAS (60 voli)']"
AGS,8,292,-4.64,-8.4,32,33.53,26.81,26,183.58,177.15,"['Late Aircraft (33 voli)', 'Carrier (32 voli)', 'NAS (27 voli)']"
AGS,9,305,-4.67,-7.42,29,33.21,34.0,38,179.95,177.74,"['NAS (48 voli)', 'Weather (47 voli)', 'Late Aircraft (37 voli)']"
AGS,10,262,-3.73,-8.48,32,28.94,23.97,44,169.02,169.02,"['NAS (41 voli)', 'Carrier (29 voli)', 'Weather (29 voli)']"
AGS,11,281,-2.84,-7.02,27,24.41,21.33,14,134.36,130.64,"['NAS (35 voli)', 'Carrier (29 voli)', 'Late Aircraft (14 voli)']"
AGS,12,210,-1.29,-6.64,39,30.92,23.69,38,190.87,182.05,"['Carrier (55 voli)', 'NAS (45 voli)', 'Late Aircraft (28 voli)']"
AKN,4,4,-25.75,-21.75,0,NULL,NULL,0,NULL,NULL,"[]"
AKN,5,16,-14.5,-12.19,2,25.0,13.0,0,NULL,NULL,"['Late Aircraft (1 voli)', 'Carrier (1 voli)', 'NAS (1 voli)']"
AKN,6,34,-11.91,-8.59,2,23.0,24.5,0,NULL,NULL,"['NAS (4 voli)', 'Late Aircraft (2 voli)', 'Security (1 voli)']"
AKN,7,38,-6.18,-0.29,6,33.33,41.5,2,80.0,81.0,"['NAS (10 voli)', 'Security (7 voli)', 'Late Aircraft (6 voli)']"
AKN,8,29,-10.59,-7.69,6,18.33,20.33,0,NULL,NULL,"['NAS (6 voli)', 'Late Aircraft (5 voli)', 'Carrier (2 voli)']"
AKN,9,23,-14.96,-11.61,6,31.83,30.0,0,NULL,NULL,"['Late Aircraft (4 voli)', 'NAS (2 voli)', 'Carrier (1 voli)']"
ALB,1,614,-3.14,-7.2,110,28.33,28.83,61,139.36,143.87,"['NAS (135 voli)', 'Late Aircraft (92 voli)', 'Carrier (79 voli)']"
ALB,2,653,-3.06,-13.09,80,29.84,18.65,35,143.74,134.97,"['NAS (57 voli)', 'Carrier (50 voli)', 'Late Aircraft (45 voli)']"
ALB,3,725,-2.4,-8.73,131,30.56,25.06,69,177.32,180.82,"['NAS (116 voli)', 'Late Aircraft (115 voli)', 'Carrier (96 voli)']"
ALB,4,786,-3.39,-9.69,112,29.99,23.83,58,246.76,242.57,"['NAS (84 voli)', 'Late Aircraft (81 voli)', 'Carrier (78 voli)']"
ALB,5,770,-3.38,-9.07,137,30.73,22.43,72,135.88,131.26,"['Late Aircraft (117 voli)', 'Carrier (100 voli)', 'NAS (94 voli)']"
ALB,6,769,-3.28,-8.78,135,31.12,23.08,84,186.38,172.11,"['Carrier (119 voli)', 'Late Aircraft (118 voli)', 'NAS (102 voli)']"
ALB,7,707,-2.46,-6.56,161,32.97,30.29,141,159.25,162.76,"['Carrier (210 voli)', 'Late Aircraft (182 voli)', 'NAS (161 voli)']"
ALB,8,792,-2.71,-7.2,151,30.22,29.71,102,169.4,172.08,"['NAS (167 voli)', 'Late Aircraft (155 voli)', 'Carrier (149 voli)']"
ALB,9,899,-4.85,-10.01,95,29.71,24.32,32,187.31,186.39,"['Carrier (77 voli)', 'NAS (75 voli)', 'Late Aircraft (66 voli)']"
ALB,10,878,-3.83,-11.3,118,27.42,16.56,29,177.41,168.86,"['Carrier (62 voli)', 'Late Aircraft (46 voli)', 'NAS (40 voli)']"
ALB,11,748,-3.82,-12.31,69,28.45,17.78,32,165.88,153.88,"['Carrier (51 voli)', 'Late Aircraft (49 voli)', 'NAS (38 voli)']"
ALB,12,701,-2.61,-6.71,142,32.01,25.6,99,203.48,199.54,"['NAS (142 voli)', 'Carrier (130 voli)', 'Late Aircraft (120 voli)']"
ALW,1,42,-5.07,6.52,3,39.0,47.0,4,172.25,187.25,"['Weather (14 voli)', 'Carrier (9 voli)', 'NAS (6 voli)']"
ALW,2,52,-6.77,-0.15,1,49.0,75.0,2,96.0,95.0,"['NAS (9 voli)', 'Late Aircraft (3 voli)', 'Weather (3 voli)']"
ALW,3,60,-7.17,-4.13,1,44.0,44.0,1,63.0,80.0,"['NAS (1 voli)', 'Carrier (1 voli)', 'Late Aircraft (1 voli)']"
ALW,4,59,-6.41,-4.75,0,NULL,NULL,1,78.0,74.0,"['Carrier (1 voli)', 'Late Aircraft (1 voli)']"
ALW,5,57,-5.23,-6.0,3,20.67,20.67,0,NULL,NULL,"['NAS (2 voli)', 'Carrier (1 voli)', 'Late Aircraft (1 voli)']"
ALW,6,52,-3.56,-3.94,3,37.33,33.33,4,92.0,95.5,"['NAS (5 voli)', 'Late Aircraft (5 voli)', 'Carrier (2 voli)']"
ALW,7,50,-3.84,-5.88,10,24.9,25.2,0,NULL,NULL,"['Late Aircraft (9 voli)', 'NAS (4 voli)', 'Carrier (2 voli)']"
ALW,8,53,-6.13,-5.77,6,28.17,31.83,2,94.0,102.5,"['Late Aircraft (11 voli)', 'NAS (9 voli)', 'Carrier (2 voli)']"
ALW,9,52,-5.92,-1.92,6,37.17,44.0,2,91.0,90.5,"['NAS (8 voli)', 'Late Aircraft (7 voli)', 'Carrier (2 voli)']"
AMA,1,299,-4.31,-5.61,40,31.1,30.95,30,173.9,168.53,"['NAS (53 voli)', 'Late Aircraft (50 voli)', 'Carrier (30 voli)']"
AMA,2,333,-5.58,-8.6,29,32.83,31.48,9,104.44,91.0,"['NAS (36 voli)', 'Carrier (22 voli)', 'Late Aircraft (14 voli)']"
AMA,3,363,-5.3,-8.95,33,33.12,32.15,24,139.46,139.29,"['NAS (35 voli)', 'Late Aircraft (34 voli)', 'Carrier (23 voli)']"
AMA,4,307,-4.29,-8.45,29,33.1,30.28,26,147.38,155.54,"['NAS (35 voli)', 'Late Aircraft (33 voli)', 'Carrier (27 voli)']"
AMA,5,295,-3.77,-7.64,58,34.5,32.4,51,156.24,158.06,"['NAS (61 voli)', 'Late Aircraft (58 voli)', 'Carrier (41 voli)']"
AMA,6,340,-3.96,-9.02,60,30.65,27.45,39,179.9,177.28,"['Late Aircraft (58 voli)', 'Carrier (48 voli)', 'NAS (35 voli)']"
AMA,7,362,-3.71,-8.17,71,33.72,29.18,30,140.8,137.27,"['Late Aircraft (72 voli)', 'Carrier (46 voli)', 'NAS (42 voli)']"
AMA,8,381,-5.18,-9.21,50,34.28,32.46,26,150.12,145.69,"['Late Aircraft (41 voli)', 'NAS (36 voli)', 'Carrier (34 voli)']"
AMA,9,374,-4.78,-5.66,29,32.45,33.83,21,125.33,126.38,"['NAS (48 voli)', 'Late Aircraft (37 voli)', 'Carrier (25 voli)']"
AMA,10,403,-4.69,-8.67,42,33.93,28.1,13,140.0,129.85,"['Late Aircraft (35 voli)', 'NAS (20 voli)', 'Carrier (16 voli)']"
AMA,11,337,-3.88,-8.26,35,31.54,26.89,20,153.35,149.65,"['NAS (39 voli)', 'Carrier (29 voli)', 'Late Aircraft (25 voli)']"
AMA,12,347,-3.95,-9.75,33,34.27,25.15,30,160.9,161.47,"['Carrier (34 voli)', 'Late Aircraft (34 voli)', 'NAS (32 voli)']"
ANC,1,716,-3.67,-6.82,165,32.63,26.12,100,135.32,135.0,"['Carrier (189 voli)', 'NAS (138 voli)', 'Late Aircraft (114 voli)']"
ANC,2,869,-5.56,-6.32,96,29.7,24.05,41,211.41,207.12,"['NAS (104 voli)', 'Carrier (60 voli)', 'Late Aircraft (48 voli)']"
ANC,3,998,-5.1,-8.0,152,30.83,24.66,77,140.66,137.07,"['Carrier (111 voli)', 'Late Aircraft (104 voli)', 'NAS (96 voli)']"
ANC,4,1037,-6.3,-10.7,148,32.71,25.11,63,114.65,105.98,"['Late Aircraft (98 voli)', 'Carrier (95 voli)', 'NAS (85 voli)']"
ANC,5,1374,-5.42,-9.83,189,32.68,22.8,54,144.11,133.57,"['Late Aircraft (109 voli)', 'Carrier (105 voli)', 'NAS (83 voli)']"
ANC,6,1729,-4.97,-6.56,239,29.98,25.93,71,153.25,147.54,"['Carrier (195 voli)', 'NAS (190 voli)', 'Late Aircraft (144 voli)']"
ANC,7,1707,-3.05,-5.34,377,30.96,26.4,110,161.44,156.96,"['Carrier (356 voli)', 'NAS (311 voli)', 'Late Aircraft (237 voli)']"
ANC,8,1728,-3.28,-7.26,333,29.18,23.11,87,184.6,175.88,"['Carrier (232 voli)', 'Late Aircraft (204 voli)', 'NAS (185 voli)']"
ANC,9,1392,-4.58,-8.0,160,28.11,20.38,45,149.91,139.56,"['Carrier (101 voli)', 'NAS (91 voli)', 'Late Aircraft (78 voli)']"
ANC,10,1079,-5.23,-7.46,106,27.79,28.54,57,157.98,160.49,"['NAS (119 voli)', 'Carrier (75 voli)', 'Late Aircraft (56 voli)']"
ANC,11,943,-5.16,-7.19,101,31.77,24.58,26,97.35,89.85,"['NAS (78 voli)', 'Carrier (65 voli)', 'Late Aircraft (49 voli)']"
ANC,12,916,-3.99,-7.03,127,28.39,22.78,42,167.6,159.83,"['NAS (101 voli)', 'Carrier (83 voli)', 'Late Aircraft (68 voli)']"
APN,1,26,-7.38,-11.31,3,45.0,37.0,8,178.25,165.38,"['Weather (19 voli)', 'Carrier (5 voli)', 'NAS (4 voli)']"
APN,2,31,-8.26,-18.29,1,40.0,56.0,7,113.57,104.29,"['Weather (4 voli)', 'Carrier (4 voli)', 'NAS (2 voli)']"
APN,3,45,-7.51,-15.02,1,19.0,1.0,3,345.33,328.0,"['Weather (2 voli)', 'Carrier (1 voli)', 'NAS (1 voli)']"
APN,4,41,-8.34,-14.22,1,38.0,42.0,5,210.0,205.2,"['Carrier (4 voli)', 'Weather (3 voli)', 'NAS (2 voli)']"
APN,5,43,-8.35,-12.4,5,30.8,25.8,5,154.4,153.8,"['Carrier (6 voli)', 'NAS (5 voli)', 'Weather (4 voli)']"
APN,6,38,-6.92,-9.82,2,42.5,34.5,9,245.89,238.89,"['Carrier (10 voli)', 'Weather (5 voli)', 'NAS (1 voli)']"
APN,7,40,-5.15,-9.88,4,47.0,40.5,6,145.67,140.0,"['Carrier (9 voli)', 'NAS (3 voli)', 'Weather (3 voli)']"
APN,8,41,-7.8,-13.37,2,48.0,34.5,9,139.11,135.22,"['Carrier (9 voli)', 'NAS (3 voli)', 'Weather (1 voli)']"
APN,9,45,-8.87,-14.98,4,38.25,33.5,4,143.25,138.25,"['Carrier (4 voli)', 'Weather (3 voli)', 'NAS (1 voli)']"
APN,10,46,-9.52,-16.37,1,16.0,5.0,4,149.0,144.75,"['Carrier (3 voli)', 'NAS (1 voli)']"
APN,11,45,-7.11,-13.4,3,27.0,35.67,3,143.33,131.0,"['Carrier (8 voli)', 'NAS (5 voli)']"
APN,12,32,-6.19,-8.31,10,37.8,32.1,8,179.75,178.25,"['Carrier (17 voli)', 'NAS (6 voli)', 'Weather (3 voli)']"
ASE,1,491,-3.09,-8.63,184,32.97,25.74,129,180.81,173.84,"['Weather (168 voli)', 'NAS (143 voli)', 'Late Aircraft (94 voli)']"
ASE,2,413,-3.39,-7.92,175,31.81,24.66,167,158.51,151.67,"['NAS (150 voli)', 'Weather (142 voli)', 'Carrier (89 voli)']"
ASE,3,472,-3.96,-7.46,197,34.29,26.97,186,154.83,152.41,"['Weather (222 voli)', 'NAS (154 voli)', 'Late Aircraft (101 voli)']"
ASE,4,333,-4.66,-7.73,63,35.29,31.17,41,205.68,209.39,"['Carrier (62 voli)', 'NAS (51 voli)', 'Weather (51 voli)']"
ASE,5,124,-6.71,-9.82,29,31.48,24.61,36,154.14,149.11,"['Carrier (29 voli)', 'NAS (25 voli)', 'Weather (19 voli)']"
ASE,6,472,-5.85,-8.54,81,33.65,31.71,73,156.73,153.92,"['NAS (90 voli)', 'Carrier (81 voli)', 'Weather (66 voli)']"
ASE,7,524,-5.43,-8.26,89,32.75,31.24,64,187.73,192.42,"['NAS (89 voli)', 'Carrier (71 voli)', 'Weather (47 voli)']"
ASE,8,447,-5.03,-6.55,102,33.49,30.95,81,145.25,146.21,"['NAS (91 voli)', 'Carrier (88 voli)', 'Late Aircraft (53 voli)']"
ASE,9,380,-6.01,-10.57,61,34.77,30.34,76,145.63,146.74,"['Carrier (70 voli)', 'NAS (49 voli)', 'Weather (35 voli)']"
ASE,10,382,-6.69,-10.78,42,33.57,26.76,33,149.27,143.64,"['Carrier (58 voli)', 'NAS (26 voli)', 'Late Aircraft (18 voli)']"
ASE,11,250,-6.98,-10.49,39,34.33,36.21,45,146.96,147.93,"['Weather (65 voli)', 'NAS (44 voli)', 'Carrier (40 voli)']"
ASE,12,361,-4.47,-11.1,117,35.37,29.18,149,201.6,201.14,"['NAS (130 voli)', 'Weather (120 voli)', 'Carrier (73 voli)']"
ATL,1,20112,-1.72,-6.27,3738,31.4,26.49,1683,144.44,140.07,"['Carrier (3397 voli)', 'NAS (2745 voli)', 'Late Aircraft (2084 voli)']"
ATL,2,21446,-2.51,-6.46,2308,29.51,24.63,663,131.99,125.23,"['Carrier (1976 voli)', 'NAS (1651 voli)', 'Late Aircraft (857 voli)']"
ATL,3,22744,-1.72,-6.2,3960,30.99,26.29,1411,125.86,122.77,"['Carrier (3452 voli)', 'NAS (2609 voli)', 'Late Aircraft (1988 voli)']"
ATL,4,23225,-1.77,-4.74,3649,30.8,27.22,1378,131.91,130.33,"['Carrier (3224 voli)', 'NAS (2782 voli)', 'Late Aircraft (1958 voli)']"
ATL,5,22144,-1.05,-3.04,4907,31.52,31.21,2613,131.93,132.91,"['Carrier (4869 voli)', 'NAS (4781 voli)', 'Late Aircraft (3667 voli)']"
ATL,6,22945,-1.63,-6.64,4427,30.71,25.82,1743,133.63,129.04,"['Carrier (3894 voli)', 'NAS (2690 voli)', 'Late Aircraft (2252 voli)']"
ATL,7,18018,-1.2,-4.36,5556,33.12,32.58,4646,152.29,151.99,"['Carrier (8488 voli)', 'NAS (5135 voli)', 'Late Aircraft (4507 voli)']"
ATL,8,23058,-2.44,-7.33,4003,31.68,27.32,1975,135.7,132.07,"['Carrier (3872 voli)', 'NAS (2840 voli)', 'Late Aircraft (2235 voli)']"
ATL,9,23457,-2.81,-7.28,3135,31.22,27.08,1227,139.76,135.05,"['Carrier (2753 voli)', 'NAS (2092 voli)', 'Late Aircraft (1770 voli)']"
ATL,10,25846,-2.92,-8.26,2747,29.51,22.84,742,129.98,122.63,"['Carrier (2277 voli)', 'NAS (1348 voli)', 'Late Aircraft (1024 voli)']"
ATL,11,24090,-2.99,-7.19,2890,30.02,25.36,846,124.75,121.62,"['Carrier (2381 voli)', 'NAS (1932 voli)', 'Late Aircraft (1257 voli)']"
ATL,12,22164,-1.5,-6.05,4741,31.1,26.42,1817,132.84,127.92,"['Carrier (4260 voli)', 'NAS (2981 voli)', 'Late Aircraft (2761 voli)']"
ATW,1,288,-2.48,-4.98,44,32.59,27.36,61,201.11,192.0,"['NAS (67 voli)', 'Carrier (62 voli)', 'Weather (55 voli)']"
ATW,2,315,-5.67,-11.29,26,34.5,26.92,38,264.55,251.55,"['Carrier (41 voli)', 'NAS (24 voli)', 'Weather (17 voli)']"
ATW,3,390,-4.95,-10.53,47,29.7,26.34,33,216.61,209.33,"['NAS (47 voli)', 'Carrier (41 voli)', 'Late Aircraft (21 voli)']"
ATW,4,408,-6.03,-10.28,34,33.44,23.82,36,339.33,344.94,"['Carrier (42 voli)', 'NAS (28 voli)', 'Late Aircraft (20 voli)']"
ATW,5,411,-4.98,-9.8,47,34.11,32.19,50,177.12,173.92,"['NAS (50 voli)', 'Late Aircraft (39 voli)', 'Carrier (38 voli)']"
ATW,6,383,-5.3,-7.12,53,32.02,32.6,64,173.81,173.19,"['Carrier (69 voli)', 'NAS (58 voli)', 'Late Aircraft (30 voli)']"
ATW,7,404,-4.68,-5.71,56,32.88,33.02,43,128.23,132.91,"['Carrier (95 voli)', 'NAS (67 voli)', 'Late Aircraft (32 voli)']"
ATW,8,390,-5.04,-6.82,38,34.42,30.22,52,157.46,154.27,"['Carrier (65 voli)', 'NAS (49 voli)', 'Late Aircraft (24 voli)']"
ATW,9,403,-6.01,-10.68,47,35.51,30.51,35,121.2,116.34,"['Carrier (56 voli)', 'Late Aircraft (33 voli)', 'NAS (28 voli)']"
ATW,10,460,-5.45,-11.1,29,32.97,23.79,33,145.45,134.36,"['Carrier (58 voli)', 'NAS (25 voli)', 'Late Aircraft (15 voli)']"
ATW,11,433,-4.87,-9.27,46,33.22,27.28,44,167.59,162.43,"['Carrier (54 voli)', 'NAS (36 voli)', 'Weather (30 voli)']"
ATW,12,396,-3.46,-4.87,64,32.53,32.61,77,185.87,184.59,"['Carrier (113 voli)', 'NAS (79 voli)', 'Weather (66 voli)']"
AUS,1,4692,-2.09,-6.27,1105,30.6,26.0,525,150.1,148.84,"['Late Aircraft (1022 voli)', 'Carrier (951 voli)', 'NAS (819 voli)']"
AUS,2,4919,-3.1,-6.25,607,29.4,24.81,216,132.0,128.1,"['NAS (545 voli)', 'Late Aircraft (455 voli)', 'Carrier (432 voli)']"
AUS,3,5318,-2.07,-7.11,1148,31.06,25.57,531,137.22,133.52,"['Late Aircraft (959 voli)', 'Carrier (768 voli)', 'NAS (763 voli)']"
AUS,4,5458,-1.72,-7.3,1191,30.53,25.33,500,151.89,148.63,"['Late Aircraft (989 voli)', 'Carrier (784 voli)', 'NAS (726 voli)']"
AUS,5,4981,-0.41,-4.53,1627,32.2,29.41,1055,162.95,161.57,"['Late Aircraft (1672 voli)', 'Carrier (1423 voli)', 'NAS (1331 voli)']"
AUS,6,5285,-0.89,-5.94,1457,31.52,25.42,690,153.03,146.5,"['Late Aircraft (1221 voli)', 'Carrier (1140 voli)', 'NAS (811 voli)']"
AUS,7,4958,-1.16,-6.73,1613,31.85,26.35,940,148.08,142.99,"['Late Aircraft (1601 voli)', 'Carrier (1372 voli)', 'NAS (983 voli)']"
AUS,8,5619,-3.16,-10.1,905,31.38,25.22,487,164.48,157.13,"['Late Aircraft (753 voli)', 'Carrier (621 voli)', 'NAS (552 voli)']"
AUS,9,5783,-3.21,-8.12,692,29.74,24.13,222,167.4,161.41,"['Late Aircraft (484 voli)', 'NAS (467 voli)', 'Carrier (431 voli)']"
AUS,10,6239,-2.8,-8.2,757,29.88,23.99,262,156.59,151.54,"['Late Aircraft (558 voli)', 'Carrier (528 voli)', 'NAS (471 voli)']"
AUS,11,5676,-2.55,-8.17,735,29.97,23.69,306,145.86,140.06,"['Late Aircraft (560 voli)', 'NAS (508 voli)', 'Carrier (506 voli)']"
AUS,12,5269,-1.96,-8.32,1001,31.15,24.24,515,145.83,141.88,"['Late Aircraft (852 voli)', 'Carrier (756 voli)', 'NAS (649 voli)']"
AVL,1,622,-4.52,-8.68,112,30.64,28.46,63,154.03,148.29,"['NAS (107 voli)', 'Late Aircraft (89 voli)', 'Carrier (87 voli)']"
AVL,2,653,-5.47,-9.52,45,29.8,25.13,25,267.72,265.0,"['NAS (54 voli)', 'Carrier (37 voli)', 'Late Aircraft (36 voli)']"
AVL,3,688,-4.09,-8.47,90,32.16,25.66,51,172.96,171.98,"['NAS (101 voli)', 'Late Aircraft (77 voli)', 'Carrier (51 voli)']"
AVL,4,791,-4.68,-7.5,126,31.84,26.2,59,158.14,155.42,"['NAS (118 voli)', 'Late Aircraft (100 voli)', 'Carrier (91 voli)']"
AVL,5,805,-3.12,-6.16,180,31.13,28.31,117,178.71,181.35,"['NAS (194 voli)', 'Late Aircraft (183 voli)', 'Carrier (153 voli)']"
AVL,6,792,-1.84,-6.72,232,30.52,26.48,137,155.89,155.86,"['Carrier (204 voli)', 'Late Aircraft (203 voli)', 'NAS (195 voli)']"
AVL,7,756,-2.09,-5.75,242,32.64,31.21,194,167.59,169.01,"['Carrier (260 voli)', 'Late Aircraft (257 voli)', 'NAS (222 voli)']"
AVL,8,800,-3.8,-7.68,211,31.98,31.02,129,155.92,158.98,"['NAS (210 voli)', 'Late Aircraft (205 voli)', 'Carrier (189 voli)']"
AVL,9,768,-2.92,-7.37,146,28.55,22.76,70,166.09,159.84,"['NAS (141 voli)', 'Weather (140 voli)', 'Late Aircraft (125 voli)']"
AVL,10,772,-7.3,-10.48,88,31.89,25.91,62,168.94,158.77,"['NAS (112 voli)', 'Late Aircraft (97 voli)', 'Carrier (88 voli)']"
AVL,11,670,-4.85,-8.15,75,32.15,26.97,43,193.84,185.52,"['NAS (87 voli)', 'Late Aircraft (72 voli)', 'Carrier (63 voli)']"
AVL,12,537,-3.14,-8.84,115,32.05,23.98,71,154.2,146.97,"['Carrier (103 voli)', 'Late Aircraft (102 voli)', 'NAS (87 voli)']"
AVP,1,83,-3.48,-11.37,7,37.29,35.86,21,286.9,277.57,"['Late Aircraft (19 voli)', 'Carrier (16 voli)', 'NAS (14 voli)']"
AVP,2,89,-3.76,-14.84,8,28.38,7.63,9,220.56,201.78,"['Late Aircraft (9 voli)', 'NAS (5 voli)', 'Carrier (4 voli)']"
AVP,3,89,-5.17,-9.83,11,28.36,20.18,7,204.86,187.14,"['Carrier (10 voli)', 'NAS (10 voli)', 'Late Aircraft (7 voli)']"
AVP,4,62,-3.39,-12.0,12,39.08,41.92,11,158.18,149.18,"['Carrier (17 voli)', 'Late Aircraft (16 voli)', 'NAS (12 voli)']"
AVP,5,83,-1.64,-5.29,27,31.7,25.41,26,174.69,181.08,"['Late Aircraft (39 voli)', 'NAS (28 voli)', 'Carrier (25 voli)']"
AVP,6,109,-4.19,-11.39,21,33.05,22.24,12,111.0,109.42,"['Late Aircraft (21 voli)', 'Carrier (12 voli)', 'NAS (11 voli)']"
AVP,7,97,-2.48,-6.7,18,27.39,27.72,20,140.4,134.37,"['Late Aircraft (31 voli)', 'NAS (21 voli)', 'Carrier (13 voli)']"
AVP,8,102,-4.39,-4.94,23,33.78,48.09,17,173.06,172.18,"['Late Aircraft (35 voli)', 'NAS (32 voli)', 'Carrier (20 voli)']"
AVP,9,98,-5.05,-10.4,6,27.83,40.0,12,262.17,256.67,"['NAS (12 voli)', 'Carrier (12 voli)', 'Late Aircraft (12 voli)']"
AVP,10,121,-4.73,-10.36,6,33.0,41.5,5,92.2,91.0,"['NAS (11 voli)', 'Carrier (9 voli)', 'Late Aircraft (9 voli)']"
AVP,11,115,-4.35,-9.81,13,31.69,22.31,6,227.0,230.5,"['Late Aircraft (12 voli)', 'NAS (8 voli)', 'Carrier (6 voli)']"
AVP,12,111,-4.6,-10.09,14,27.93,22.21,10,131.2,123.9,"['Carrier (13 voli)', 'Late Aircraft (11 voli)', 'NAS (9 voli)']"
AZA,1,387,-6.33,-9.44,51,32.9,28.36,27,226.0,226.46,"['NAS (46 voli)', 'Carrier (46 voli)', 'Late Aircraft (28 voli)']"
AZA,2,380,-6.26,-13.14,26,31.77,19.4,11,186.73,177.82,"['Carrier (19 voli)', 'NAS (16 voli)', 'Late Aircraft (11 voli)']"
AZA,3,499,-6.05,-12.32,45,30.0,22.51,19,247.11,243.37,"['Carrier (41 voli)', 'NAS (21 voli)', 'Late Aircraft (19 voli)']"
AZA,4,399,-5.3,-13.36,23,25.57,17.52,3,79.67,74.33,"['NAS (16 voli)', 'Carrier (10 voli)', 'Late Aircraft (9 voli)']"
AZA,5,414,-5.79,-11.36,29,29.66,26.28,7,107.57,100.57,"['Carrier (23 voli)', 'Late Aircraft (13 voli)', 'NAS (13 voli)']"
AZA,6,407,-5.74,-8.27,54,29.09,28.83,38,176.39,174.65,"['Carrier (58 voli)', 'NAS (48 voli)', 'Late Aircraft (43 voli)']"
AZA,7,416,-5.85,-5.73,77,28.56,29.29,46,158.37,162.46,"['Carrier (89 voli)', 'NAS (85 voli)', 'Late Aircraft (65 voli)']"
AZA,8,313,-6.18,-9.43,54,33.63,30.61,18,101.11,102.56,"['Carrier (40 voli)', 'Late Aircraft (37 voli)', 'NAS (34 voli)']"
AZA,9,274,-6.41,-11.56,30,30.73,26.77,13,106.15,105.08,"['Carrier (32 voli)', 'Late Aircraft (18 voli)', 'NAS (16 voli)']"
AZA,10,415,-5.56,-10.29,30,29.33,23.5,9,85.22,82.75,"['Carrier (21 voli)', 'NAS (17 voli)', 'Late Aircraft (16 voli)']"
AZA,11,395,-5.41,-12.78,45,25.53,19.78,22,118.41,115.05,"['Late Aircraft (32 voli)', 'NAS (32 voli)', 'Carrier (31 voli)']"
AZA,12,464,-4.86,-8.49,89,32.02,28.01,39,145.62,146.62,"['NAS (80 voli)', 'Late Aircraft (72 voli)', 'Carrier (65 voli)']"
AZO,1,56,-3.68,-7.41,8,37.88,30.0,7,150.14,137.43,"['Weather (17 voli)', 'Carrier (13 voli)', 'NAS (6 voli)']"
AZO,2,70,-5.06,-13.71,2,38.0,29.0,2,101.0,96.0,"['Carrier (3 voli)', 'NAS (2 voli)', 'Weather (1 voli)']"
AZO,3,79,-5.75,-15.46,3,23.0,21.0,2,154.5,151.0,"['Carrier (3 voli)', 'NAS (3 voli)', 'Weather (2 voli)']"
AZO,4,81,-5.47,-9.09,2,24.0,32.0,3,173.67,162.0,"['Carrier (4 voli)', 'Weather (2 voli)', 'NAS (1 voli)']"
AZO,5,76,-4.82,-7.66,4,34.25,32.75,7,123.71,114.57,"['Carrier (13 voli)', 'NAS (4 voli)', 'Weather (3 voli)']"
AZO,6,66,-4.38,-6.71,5,35.0,30.0,11,169.27,161.18,"['Carrier (15 voli)', 'Weather (5 voli)', 'NAS (4 voli)']"
AZO,7,64,-4.48,-7.47,11,32.73,22.18,10,253.9,249.4,"['Carrier (15 voli)', 'NAS (2 voli)', 'Weather (2 voli)']"
AZO,8,61,-4.15,-10.13,8,40.38,32.38,12,138.25,131.33,"['Carrier (16 voli)', 'Weather (4 voli)']"
AZO,9,71,-5.62,-8.63,3,42.67,36.67,6,143.33,141.67,"['Carrier (9 voli)', 'NAS (3 voli)', 'Weather (2 voli)']"
AZO,10,78,-6.62,-10.81,5,39.2,30.4,5,115.0,104.6,"['Carrier (9 voli)', 'Weather (1 voli)']"
AZO,11,65,-6.25,-15.54,8,40.63,30.13,10,148.0,152.5,"['Carrier (13 voli)', 'Weather (6 voli)', 'NAS (6 voli)']"
AZO,12,61,-3.93,-9.98,4,30.5,26.5,8,148.88,152.63,"['Carrier (13 voli)', 'NAS (9 voli)', 'Weather (7 voli)']"
BDL,1,1132,-2.4,-3.95,213,30.47,29.75,123,196.11,203.36,"['NAS (301 voli)', 'Late Aircraft (213 voli)', 'Carrier (201 voli)']"
BDL,2,1201,-2.8,-9.91,156,28.28,18.05,79,169.53,160.58,"['NAS (142 voli)', 'Carrier (122 voli)', 'Late Aircraft (114 voli)']"
BDL,3,1279,-3.42,-10.51,207,30.2,23.97,141,164.03,160.84,"['Late Aircraft (212 voli)', 'NAS (178 voli)', 'Carrier (167 voli)']"
BDL,4,1499,-3.0,-9.05,222,30.07,21.42,118,175.13,173.26,"['Late Aircraft (192 voli)', 'NAS (185 voli)', 'Carrier (174 voli)']"
BDL,5,1387,-2.72,-8.42,276,30.42,25.18,161,180.65,178.53,"['Late Aircraft (279 voli)', 'NAS (225 voli)', 'Carrier (207 voli)']"
BDL,6,1348,-2.95,-8.5,282,33.08,30.52,170,168.66,168.47,"['Late Aircraft (287 voli)', 'NAS (249 voli)', 'Carrier (210 voli)']"
BDL,7,1314,-2.33,-5.34,312,33.7,29.95,210,146.7,146.02,"['Carrier (365 voli)', 'Late Aircraft (348 voli)', 'NAS (315 voli)']"
BDL,8,1442,-2.59,-6.92,304,30.89,26.46,174,141.89,142.43,"['NAS (282 voli)', 'Late Aircraft (272 voli)', 'Carrier (264 voli)']"
BDL,9,1547,-4.06,-9.8,168,29.75,21.79,66,164.06,156.14,"['Carrier (122 voli)', 'Late Aircraft (122 voli)', 'NAS (108 voli)']"
BDL,10,1675,-3.36,-10.52,182,28.92,17.96,59,190.53,177.49,"['Carrier (132 voli)', 'Late Aircraft (106 voli)', 'NAS (82 voli)']"
BDL,11,1443,-3.52,-10.46,192,29.2,19.9,60,158.5,152.12,"['Carrier (143 voli)', 'NAS (115 voli)', 'Late Aircraft (114 voli)']"
BDL,12,1451,-2.2,-7.07,265,30.54,25.1,119,138.47,135.19,"['NAS (250 voli)', 'Carrier (246 voli)', 'Late Aircraft (212 voli)']"
BET,1,36,-4.97,-3.94,15,30.47,33.4,7,110.43,114.14,"['Security (17 voli)', 'Late Aircraft (14 voli)', 'NAS (14 voli)']"
BET,2,34,-1.62,2.53,16,35.63,42.88,6,81.83,86.83,"['NAS (24 voli)', 'Security (12 voli)', 'Late Aircraft (11 voli)']"
BET,3,36,-2.08,3.0,16,26.56,25.81,10,132.0,131.9,"['Security (17 voli)', 'NAS (16 voli)', 'Late Aircraft (12 voli)']"
BET,4,46,-3.3,-1.78,10,35.6,33.4,3,97.0,97.33,"['Late Aircraft (10 voli)', 'NAS (9 voli)', 'Security (6 voli)']"
BET,5,44,-2.89,-1.39,17,27.35,24.35,1,72.0,60.0,"['Security (12 voli)', 'NAS (9 voli)', 'Late Aircraft (5 voli)']"
BET,6,49,-9.04,-1.53,9,23.22,29.11,2,143.0,162.5,"['NAS (12 voli)', 'Security (6 voli)', 'Late Aircraft (5 voli)']"
BET,7,44,-5.64,1.34,15,28.87,29.53,1,72.0,72.0,"['NAS (12 voli)', 'Late Aircraft (9 voli)', 'Carrier (7 voli)']"
BET,8,50,-4.84,-0.96,7,30.86,33.86,5,150.2,156.0,"['Late Aircraft (12 voli)', 'NAS (11 voli)', 'Carrier (7 voli)']"
BET,9,53,-8.57,-2.87,4,24.5,24.75,3,82.67,88.33,"['NAS (9 voli)', 'Carrier (5 voli)', 'Late Aircraft (5 voli)']"
BET,10,53,-4.34,-1.6,7,28.0,28.86,2,69.5,79.0,"['NAS (9 voli)', 'Late Aircraft (5 voli)', 'Carrier (4 voli)']"
BET,11,50,-6.44,-0.4,3,25.33,21.33,3,86.33,88.0,"['NAS (5 voli)', 'Carrier (4 voli)', 'Weather (3 voli)']"
BET,12,43,-5.63,-1.91,14,27.79,29.43,3,82.67,82.33,"['NAS (15 voli)', 'Late Aircraft (10 voli)', 'Security (9 voli)']"
BFF,1,43,-8.02,-9.47,2,25.0,47.0,2,247.5,252.0,"['Late Aircraft (3 voli)', 'NAS (3 voli)', 'Weather (3 voli)']"
BFF,2,40,-8.58,-10.9,5,42.8,33.4,4,336.75,342.75,"['Carrier (5 voli)', 'NAS (3 voli)', 'Weather (3 voli)']"
BFF,3,42,-8.26,-11.86,0,NULL,NULL,1,108.0,111.0,"['Weather (4 voli)', 'NAS (4 voli)', 'Late Aircraft (1 voli)']"
BFF,4,41,-7.78,-4.56,6,36.5,39.17,2,529.0,551.5,"['NAS (6 voli)', 'Late Aircraft (5 voli)', 'Carrier (4 voli)']"
BFF,5,47,-9.38,-6.36,2,54.5,43.0,2,154.0,142.0,"['NAS (3 voli)', 'Weather (2 voli)', 'Late Aircraft (1 voli)']"
BFF,6,43,-7.72,-7.3,6,34.33,27.67,2,85.5,84.0,"['Carrier (6 voli)', 'NAS (3 voli)', 'Late Aircraft (2 voli)']"
BFF,7,44,-8.5,-10.57,3,22.0,14.67,3,321.67,322.33,"['Late Aircraft (4 voli)', 'Carrier (3 voli)', 'NAS (3 voli)']"
BFF,8,42,-7.31,-8.74,2,49.5,41.5,7,340.29,339.14,"['NAS (5 voli)', 'Late Aircraft (4 voli)', 'Carrier (3 voli)']"
BFF,9,44,-8.91,-7.89,4,34.5,25.25,2,140.5,136.0,"['Carrier (4 voli)', 'NAS (3 voli)', 'Weather (2 voli)']"
BFF,10,45,-8.96,-8.49,1,37.0,28.0,5,284.4,272.4,"['Late Aircraft (3 voli)', 'Carrier (2 voli)', 'NAS (2 voli)']"
BFF,11,41,-7.41,-5.05,4,49.75,54.0,4,117.5,114.75,"['Carrier (6 voli)', 'NAS (5 voli)', 'Late Aircraft (3 voli)']"
BFF,12,48,-7.1,-5.9,3,23.0,22.67,1,93.0,82.0,"['Carrier (6 voli)', 'NAS (3 voli)']"
BFL,1,147,-5.53,-10.34,11,37.18,34.27,10,191.2,184.6,"['Carrier (13 voli)', 'NAS (10 voli)', 'Late Aircraft (7 voli)']"
BFL,2,141,-6.16,-13.21,14,30.86,24.86,6,165.0,155.5,"['Carrier (9 voli)', 'NAS (8 voli)', 'Late Aircraft (5 voli)']"
BFL,3,146,-4.84,-10.45,12,25.67,17.33,15,162.8,155.71,"['NAS (13 voli)', 'Carrier (11 voli)', 'Late Aircraft (5 voli)']"
BFL,4,134,-4.69,-10.45,19,33.47,29.84,9,155.78,157.13,"['Carrier (11 voli)', 'NAS (10 voli)', 'Weather (5 voli)']"
BFL,5,156,-3.31,-8.43,18,30.72,25.61,23,148.17,144.3,"['Carrier (21 voli)', 'NAS (21 voli)', 'Late Aircraft (13 voli)']"
BFL,6,184,-4.64,-3.72,20,36.95,38.0,15,126.47,129.93,"['NAS (29 voli)', 'Carrier (27 voli)', 'Late Aircraft (25 voli)']"
BFL,7,233,-5.58,-8.87,15,32.2,28.43,16,188.94,184.5,"['Late Aircraft (23 voli)', 'NAS (17 voli)', 'Carrier (16 voli)']"
BFL,8,237,-5.31,-8.21,14,31.14,32.69,14,139.64,137.79,"['NAS (20 voli)', 'Carrier (18 voli)', 'Late Aircraft (13 voli)']"
BFL,9,197,-5.75,-14.18,17,31.24,24.41,7,177.57,174.86,"['Carrier (15 voli)', 'NAS (9 voli)', 'Late Aircraft (4 voli)']"
BFL,10,233,-5.01,-11.48,15,34.8,24.8,7,266.57,254.57,"['Carrier (18 voli)', 'Late Aircraft (6 voli)', 'NAS (5 voli)']"
BFL,11,213,-5.74,-11.02,26,40.54,31.73,12,145.67,138.58,"['Carrier (32 voli)', 'NAS (12 voli)', 'Late Aircraft (10 voli)']"
BFL,12,223,-4.5,-11.25,11,36.64,36.09,18,125.17,120.11,"['Carrier (20 voli)', 'NAS (16 voli)', 'Late Aircraft (9 voli)']"
BGM,1,22,-3.73,-5.73,0,NULL,NULL,2,169.5,176.5,"['NAS (7 voli)', 'Weather (4 voli)', 'Late Aircraft (2 voli)']"
BGM,2,17,-5.06,-20.94,1,28.0,127.0,1,337.0,317.0,"['Carrier (2 voli)', 'Late Aircraft (1 voli)', 'NAS (1 voli)']"
BGM,3,24,-2.54,-7.25,0,NULL,NULL,3,623.67,592.67,"['Carrier (4 voli)', 'Late Aircraft (2 voli)', 'NAS (2 voli)']"
BGM,4,26,-2.38,-3.77,2,22.0,7.5,1,248.0,239.0,"['NAS (4 voli)', 'Carrier (2 voli)', 'Late Aircraft (1 voli)']"
BGM,5,27,-5.19,-3.59,1,29.0,14.0,3,202.67,206.0,"['NAS (4 voli)', 'Carrier (3 voli)', 'Late Aircraft (2 voli)']"
BGM,6,25,-4.24,-2.56,3,30.0,22.0,2,191.0,327.0,"['Carrier (3 voli)', 'NAS (1 voli)']"
BGM,7,25,-1.4,0.16,1,45.0,44.0,3,281.67,274.0,"['Carrier (8 voli)', 'NAS (2 voli)']"
BGM,8,25,-3.2,-7.2,2,29.0,18.5,0,NULL,NULL,"['Carrier (4 voli)', 'NAS (4 voli)']"
BGM,9,28,-4.21,-11.93,0,NULL,NULL,0,NULL,NULL,"[]"
BGM,10,31,-5.9,-10.58,0,NULL,NULL,0,NULL,NULL,"[]"
BGM,11,24,-5.5,-14.21,4,33.5,59.75,2,128.0,117.5,"['Late Aircraft (5 voli)', 'Carrier (4 voli)', 'NAS (4 voli)']"
BGM,12,16,-3.38,-11.69,6,31.33,48.33,2,121.5,141.5,"['Carrier (6 voli)', 'Late Aircraft (6 voli)', 'NAS (6 voli)']"
BGR,1,128,-6.64,-10.34,23,30.22,26.04,12,172.67,168.5,"['NAS (25 voli)', 'Weather (21 voli)', 'Late Aircraft (17 voli)']"
BGR,2,123,-5.78,-11.02,18,26.33,14.33,14,193.71,190.5,"['NAS (23 voli)', 'Late Aircraft (14 voli)', 'Carrier (9 voli)']"
BGR,3,148,-6.11,-16.39,26,32.73,26.08,22,198.36,192.68,"['NAS (28 voli)', 'Late Aircraft (23 voli)', 'Carrier (14 voli)']"
BGR,4,159,-6.89,-11.31,15,31.2,36.71,7,176.71,168.57,"['NAS (19 voli)', 'Late Aircraft (13 voli)', 'Carrier (11 voli)']"
BGR,5,172,-6.28,-12.76,7,32.14,38.0,13,141.77,138.0,"['NAS (16 voli)', 'Carrier (11 voli)', 'Late Aircraft (9 voli)']"
BGR,6,365,-5.13,-7.69,59,35.66,37.31,46,203.65,196.42,"['NAS (93 voli)', 'Late Aircraft (67 voli)', 'Carrier (50 voli)']"
BGR,7,398,-3.68,-5.86,83,33.53,34.99,58,175.22,175.28,"['NAS (113 voli)', 'Late Aircraft (93 voli)', 'Carrier (84 voli)']"
BGR,8,452,-3.58,-6.96,78,32.83,37.87,42,237.79,236.29,"['NAS (134 voli)', 'Late Aircraft (75 voli)', 'Carrier (57 voli)']"
BGR,9,486,-5.48,-11.06,45,29.16,24.87,22,136.09,125.68,"['Late Aircraft (41 voli)', 'NAS (36 voli)', 'Carrier (28 voli)']"
BGR,10,413,-4.96,-13.61,44,29.93,19.2,31,199.39,191.29,"['Carrier (38 voli)', 'Late Aircraft (32 voli)', 'NAS (27 voli)']"
BGR,11,220,-5.9,-13.97,15,31.4,23.2,12,156.33,151.83,"['NAS (20 voli)', 'Late Aircraft (18 voli)', 'Carrier (9 voli)']"
BGR,12,173,-5.52,-9.23,23,29.52,25.35,28,199.89,200.3,"['NAS (35 voli)', 'Late Aircraft (27 voli)', 'Carrier (22 voli)']"
BHM,1,981,-4.25,-8.43,129,31.16,26.57,120,157.11,154.18,"['Late Aircraft (163 voli)', 'NAS (123 voli)', 'Carrier (101 voli)']"
BHM,2,1049,-4.38,-8.55,100,29.08,23.98,45,146.76,141.82,"['Late Aircraft (85 voli)', 'NAS (76 voli)', 'Carrier (71 voli)']"
BHM,3,1122,-3.82,-8.17,137,29.01,23.5,75,128.15,125.43,"['Late Aircraft (141 voli)', 'NAS (116 voli)', 'Carrier (97 voli)']"
BHM,4,1186,-3.87,-7.02,145,31.2,29.23,72,147.36,146.39,"['Late Aircraft (137 voli)', 'NAS (122 voli)', 'Carrier (90 voli)']"
BHM,5,1069,-2.43,-6.0,216,31.51,29.94,191,167.36,167.45,"['Late Aircraft (260 voli)', 'NAS (224 voli)', 'Carrier (205 voli)']"
BHM,6,1120,-2.57,-7.37,199,31.89,26.9,107,144.07,140.83,"['Late Aircraft (190 voli)', 'Carrier (156 voli)', 'NAS (138 voli)']"
BHM,7,979,-2.24,-5.97,248,33.28,30.43,170,149.68,148.08,"['Late Aircraft (262 voli)', 'Carrier (257 voli)', 'NAS (188 voli)']"
BHM,8,1146,-3.33,-7.57,141,30.81,26.85,106,178.04,174.35,"['Late Aircraft (145 voli)', 'Carrier (121 voli)', 'NAS (118 voli)']"
BHM,9,1182,-3.81,-6.82,149,30.81,28.34,63,136.19,133.58,"['Late Aircraft (120 voli)', 'NAS (119 voli)', 'Carrier (96 voli)']"
BHM,10,1413,-3.98,-8.14,107,31.44,24.07,58,142.57,135.84,"['Carrier (99 voli)', 'Late Aircraft (88 voli)', 'NAS (85 voli)']"
BHM,11,1316,-4.09,-8.59,115,31.85,27.13,65,145.38,139.84,"['Carrier (112 voli)', 'NAS (95 voli)', 'Late Aircraft (94 voli)']"
BHM,12,1134,-2.41,-7.7,177,30.59,23.19,123,149.72,144.81,"['Carrier (158 voli)', 'Late Aircraft (152 voli)', 'NAS (128 voli)']"
BIH,1,26,-4.12,-17.28,7,31.71,26.71,7,102.0,87.86,"['Late Aircraft (6 voli)', 'NAS (5 voli)', 'Carrier (2 voli)']"
BIH,2,19,1.89,-4.42,13,36.15,34.33,9,109.56,93.67,"['NAS (11 voli)', 'Late Aircraft (9 voli)', 'Weather (9 voli)']"
BIH,3,30,-2.77,-2.93,14,31.29,20.93,4,113.0,125.75,"['NAS (19 voli)', 'Late Aircraft (6 voli)', 'Weather (3 voli)']"
BIH,4,2,-9.5,-16.0,2,51.0,40.0,1,226.0,217.0,"['Late Aircraft (2 voli)', 'NAS (1 voli)']"
BIH,7,14,-6.43,-23.64,1,46.0,30.0,5,240.6,217.0,"['Late Aircraft (5 voli)', 'Weather (2 voli)']"
BIH,8,28,-9.21,-19.07,0,NULL,NULL,0,NULL,NULL,"[]"
BIH,9,8,-4.38,-7.25,0,NULL,NULL,2,75.0,62.0,"['Late Aircraft (2 voli)']"
BIH,10,2,-4.5,-11.5,0,NULL,NULL,0,NULL,NULL,"[]"
BIH,12,23,-2.39,-9.87,3,34.0,18.0,6,131.0,126.17,"['Late Aircraft (6 voli)', 'NAS (4 voli)', 'Weather (1 voli)']"
BIL,1,225,-6.1,-3.94,22,31.36,32.36,26,133.88,152.92,"['NAS (47 voli)', 'Carrier (24 voli)', 'Weather (23 voli)']"
BIL,2,224,-6.38,-3.77,16,32.88,42.31,4,95.75,110.5,"['NAS (32 voli)', 'Carrier (20 voli)', 'Late Aircraft (7 voli)']"
BIL,3,242,-6.34,-7.48,12,28.75,29.75,17,150.59,153.76,"['NAS (40 voli)', 'Carrier (20 voli)', 'Late Aircraft (11 voli)']"
BIL,4,282,-7.71,-12.28,22,39.05,38.41,9,156.0,157.89,"['NAS (22 voli)', 'Late Aircraft (16 voli)', 'Carrier (14 voli)']"
BIL,5,280,-5.68,-8.86,24,35.67,32.58,32,239.66,236.69,"['Carrier (40 voli)', 'Late Aircraft (21 voli)', 'NAS (19 voli)']"
BIL,6,323,-5.25,-8.31,40,31.55,30.15,25,151.04,151.96,"['NAS (40 voli)', 'Late Aircraft (39 voli)', 'Carrier (38 voli)']"
BIL,7,330,-5.32,-8.39,46,30.41,27.76,32,103.81,96.69,"['Late Aircraft (47 voli)', 'Carrier (42 voli)', 'NAS (37 voli)']"
BIL,8,358,-5.29,-7.87,32,33.81,34.06,19,188.16,194.44,"['Carrier (41 voli)', 'NAS (37 voli)', 'Late Aircraft (26 voli)']"
BIL,9,343,-6.71,-9.79,19,34.84,26.84,10,225.2,219.8,"['Carrier (19 voli)', 'Late Aircraft (13 voli)', 'NAS (9 voli)']"
BIL,10,325,-6.09,-8.44,25,29.12,29.52,15,212.13,208.6,"['Carrier (23 voli)', 'NAS (20 voli)', 'Late Aircraft (18 voli)']"
BIL,11,279,-5.68,-8.83,28,32.86,30.81,18,130.89,137.35,"['NAS (32 voli)', 'Carrier (27 voli)', 'Late Aircraft (19 voli)']"
BIL,12,295,-6.22,-11.51,25,32.28,23.36,17,169.06,156.53,"['Carrier (23 voli)', 'NAS (20 voli)', 'Late Aircraft (16 voli)']"
BIS,1,193,-3.68,-6.01,33,27.21,31.24,27,325.15,319.89,"['Carrier (36 voli)', 'NAS (33 voli)', 'Weather (21 voli)']"
BIS,2,182,-3.94,-11.09,24,28.42,18.0,21,202.48,200.24,"['Carrier (24 voli)', 'NAS (23 voli)', 'Weather (9 voli)']"
BIS,3,217,-3.92,-9.72,27,28.74,23.19,7,103.29,96.57,"['NAS (26 voli)', 'Carrier (13 voli)', 'Weather (10 voli)']"
BIS,4,222,-4.78,-11.05,17,31.12,21.65,13,127.77,133.08,"['Carrier (17 voli)', 'Late Aircraft (8 voli)', 'NAS (8 voli)']"
BIS,5,279,-4.57,-9.86,20,31.9,24.15,28,157.57,154.22,"['Carrier (29 voli)', 'NAS (27 voli)', 'Weather (13 voli)']"
BIS,6,247,-4.21,-6.82,41,34.41,34.88,33,167.27,167.73,"['Carrier (59 voli)', 'NAS (55 voli)', 'Late Aircraft (20 voli)']"
BIS,7,278,-3.6,-5.9,41,30.51,31.22,31,157.0,153.0,"['Carrier (56 voli)', 'NAS (42 voli)', 'Late Aircraft (22 voli)']"
BIS,8,290,-4.64,-7.6,34,34.29,36.41,19,140.16,132.79,"['Carrier (35 voli)', 'NAS (29 voli)', 'Late Aircraft (15 voli)']"
BIS,9,277,-4.67,-11.07,37,35.16,26.08,12,123.25,92.0,"['Carrier (25 voli)', 'NAS (17 voli)', 'Late Aircraft (10 voli)']"
BIS,10,299,-4.24,-13.35,19,30.84,18.47,14,184.64,173.5,"['Carrier (20 voli)', 'Late Aircraft (11 voli)', 'NAS (7 voli)']"
BIS,11,258,-2.67,-3.88,40,29.05,28.98,26,162.42,160.54,"['Carrier (53 voli)', 'NAS (52 voli)', 'Weather (17 voli)']"
BIS,12,256,-2.95,-7.32,47,32.4,31.04,43,146.49,140.23,"['Carrier (65 voli)', 'NAS (50 voli)', 'Weather (21 voli)']"
BJI,1,42,-4.69,-7.38,11,35.91,33.18,7,228.71,240.86,"['Carrier (13 voli)', 'NAS (9 voli)', 'Weather (5 voli)']"
BJI,2,50,-6.24,-12.2,1,24.0,-2.0,3,292.0,293.67,"['Weather (3 voli)', 'Carrier (2 voli)', 'NAS (1 voli)']"
BJI,3,53,-7.45,-16.32,2,38.0,41.0,5,169.6,163.2,"['Carrier (4 voli)', 'Weather (4 voli)', 'NAS (2 voli)']"
BJI,4,47,-7.94,-17.94,2,47.0,42.5,3,151.33,140.33,"['Carrier (4 voli)', 'NAS (1 voli)', 'Weather (1 voli)']"
BJI,5,53,-7.49,-16.87,4,32.25,23.25,3,245.0,239.67,"['Carrier (5 voli)', 'NAS (1 voli)', 'Weather (1 voli)']"
BJI,6,44,-6.45,-3.07,3,35.67,29.33,11,257.55,259.73,"['Carrier (14 voli)', 'NAS (9 voli)', 'Weather (5 voli)']"
BJI,7,50,-3.06,-4.44,6,23.33,26.0,6,171.0,162.67,"['Carrier (12 voli)', 'NAS (5 voli)', 'Weather (3 voli)']"
BJI,8,53,-5.09,-7.11,6,19.5,28.67,3,175.0,181.0,"['Carrier (9 voli)', 'NAS (5 voli)', 'Weather (1 voli)']"
BJI,9,47,-7.85,-16.36,3,29.67,16.0,5,104.6,97.6,"['Carrier (7 voli)', 'NAS (2 voli)', 'Weather (1 voli)']"
BJI,10,48,-6.75,-21.17,3,34.0,18.33,6,268.0,252.17,"['Carrier (7 voli)']"
BJI,11,50,-7.38,-13.4,5,23.2,20.2,3,264.0,253.0,"['Carrier (8 voli)', 'NAS (2 voli)']"
BJI,12,38,-5.18,-7.58,12,32.83,37.92,9,194.22,187.56,"['Carrier (19 voli)', 'NAS (9 voli)', 'Weather (4 voli)']"
BLI,1,162,-2.51,-5.22,20,29.8,31.1,16,230.25,243.69,"['Carrier (24 voli)', 'NAS (23 voli)', 'Late Aircraft (13 voli)']"
BLI,2,186,-4.05,-4.82,9,26.56,22.78,3,157.0,162.0,"['NAS (19 voli)', 'Carrier (8 voli)', 'Late Aircraft (6 voli)']"
BLI,3,218,-3.36,-2.16,20,27.45,23.55,13,116.92,110.31,"['NAS (26 voli)', 'Carrier (24 voli)', 'Late Aircraft (19 voli)']"
BLI,4,205,-3.34,-7.14,24,23.83,18.21,12,123.42,120.0,"['Carrier (22 voli)', 'NAS (19 voli)', 'Late Aircraft (15 voli)']"
BLI,5,216,-3.38,-9.06,21,24.71,16.86,6,169.83,167.33,"['Late Aircraft (12 voli)', 'Carrier (11 voli)', 'NAS (8 voli)']"
BLI,6,219,-2.27,-5.02,42,26.0,17.95,3,140.0,131.67,"['NAS (23 voli)', 'Carrier (20 voli)', 'Late Aircraft (19 voli)']"
BLI,7,229,-1.86,-6.89,35,25.94,18.49,11,128.91,117.1,"['Carrier (28 voli)', 'Late Aircraft (23 voli)', 'NAS (13 voli)']"
BLI,8,154,-2.43,-3.48,24,33.25,32.96,4,115.5,112.75,"['NAS (25 voli)', 'Carrier (19 voli)', 'Late Aircraft (15 voli)']"
BLI,9,122,-3.66,-3.9,20,35.9,34.3,9,216.22,223.33,"['NAS (31 voli)', 'Late Aircraft (23 voli)', 'Carrier (18 voli)']"
BLI,10,142,-4.37,-5.25,22,31.91,31.77,10,137.2,135.4,"['Carrier (20 voli)', 'NAS (19 voli)', 'Late Aircraft (12 voli)']"
BLI,11,142,-3.96,-6.75,10,32.7,28.8,4,129.75,126.25,"['Carrier (10 voli)', 'Late Aircraft (8 voli)', 'NAS (7 voli)']"
BLI,12,140,-3.54,-7.21,18,30.94,21.22,10,209.2,206.4,"['Carrier (17 voli)', 'NAS (12 voli)', 'Weather (10 voli)']"
BLV,1,36,-4.94,-10.75,9,33.11,34.44,5,169.0,185.8,"['Late Aircraft (11 voli)', 'NAS (8 voli)', 'Carrier (7 voli)']"
BLV,2,35,-8.06,-13.4,4,33.75,27.0,11,306.36,314.36,"['Late Aircraft (11 voli)', 'Carrier (7 voli)', 'NAS (7 voli)']"
BLV,3,52,-4.1,-9.92,13,28.31,25.23,14,182.71,182.14,"['Late Aircraft (19 voli)', 'Carrier (13 voli)', 'NAS (8 voli)']"
BLV,4,59,-5.66,-16.93,5,26.8,20.2,3,231.33,233.67,"['NAS (4 voli)', 'Carrier (3 voli)', 'Late Aircraft (3 voli)']"
BLV,5,66,-4.03,-11.92,17,35.41,29.38,5,144.8,166.0,"['Late Aircraft (16 voli)', 'NAS (13 voli)', 'Carrier (11 voli)']"
BLV,6,101,-6.09,-7.93,20,39.1,34.4,16,158.0,149.44,"['Late Aircraft (31 voli)', 'Carrier (15 voli)', 'NAS (11 voli)']"
BLV,7,84,-6.68,-6.1,33,32.76,35.82,20,190.7,190.0,"['Late Aircraft (39 voli)', 'Carrier (32 voli)', 'NAS (28 voli)']"
BLV,8,65,-9.2,-13.66,13,36.38,33.46,16,178.56,169.94,"['Late Aircraft (22 voli)', 'Carrier (18 voli)', 'NAS (12 voli)']"
BLV,9,49,-10.76,-16.8,4,40.25,31.0,6,203.0,198.0,"['Late Aircraft (6 voli)', 'Carrier (3 voli)', 'NAS (3 voli)']"
BLV,10,54,-9.43,-13.8,4,33.0,42.75,5,357.2,350.2,"['Late Aircraft (8 voli)', 'Weather (6 voli)', 'NAS (5 voli)']"
BLV,11,46,-7.67,-16.13,10,35.1,33.3,2,91.0,109.0,"['Late Aircraft (9 voli)', 'NAS (4 voli)', 'Carrier (2 voli)']"
BLV,12,37,-2.24,-9.38,18,33.0,23.81,14,275.36,267.08,"['Late Aircraft (15 voli)', 'Carrier (15 voli)', 'NAS (10 voli)']"
BMI,1,98,-3.4,-3.31,13,38.46,53.54,17,206.06,179.94,"['NAS (30 voli)', 'Late Aircraft (21 voli)', 'Weather (19 voli)']"
BMI,2,103,-5.36,-10.08,11,27.91,26.18,7,165.43,155.29,"['NAS (10 voli)', 'Late Aircraft (8 voli)', 'Carrier (7 voli)']"
BMI,3,115,-5.33,-6.75,12,31.08,28.58,10,130.9,134.1,"['NAS (16 voli)', 'Late Aircraft (13 voli)', 'Carrier (11 voli)']"
BMI,4,122,-5.56,-9.76,6,33.17,37.83,8,129.13,135.88,"['NAS (14 voli)', 'Late Aircraft (12 voli)', 'Carrier (6 voli)']"
BMI,5,120,-4.88,-5.32,19,35.21,36.42,17,117.47,129.24,"['NAS (29 voli)', 'Late Aircraft (21 voli)', 'Carrier (10 voli)']"
BMI,6,121,-4.12,-11.59,17,34.88,29.82,14,149.57,144.86,"['Late Aircraft (24 voli)', 'Carrier (12 voli)', 'NAS (12 voli)']"
BMI,7,119,-5.55,-10.03,17,29.0,28.24,20,221.9,218.25,"['Carrier (21 voli)', 'Late Aircraft (21 voli)', 'NAS (20 voli)']"
BMI,8,129,-5.88,-12.57,8,34.5,33.88,9,210.56,198.89,"['Late Aircraft (11 voli)', 'Carrier (10 voli)', 'NAS (7 voli)']"
BMI,9,123,-4.8,-10.4,7,34.71,28.43,1,465.0,471.0,"['NAS (14 voli)', 'Late Aircraft (5 voli)', 'Carrier (4 voli)']"
BMI,10,118,-5.65,-16.6,3,29.67,15.67,6,188.33,174.83,"['Carrier (7 voli)', 'NAS (2 voli)', 'Weather (2 voli)']"
BMI,11,105,-5.11,-14.03,12,27.58,18.75,6,195.67,214.6,"['NAS (11 voli)', 'Carrier (8 voli)', 'Late Aircraft (4 voli)']"
BMI,12,123,-2.76,-8.06,10,31.3,27.3,7,138.14,135.29,"['NAS (15 voli)', 'Late Aircraft (10 voli)', 'Carrier (10 voli)']"
BNA,1,5089,-2.21,-6.69,1110,31.06,27.18,570,158.11,163.9,"['Late Aircraft (990 voli)', 'NAS (923 voli)', 'Carrier (866 voli)']"
BNA,2,5880,-3.08,-8.49,663,28.52,22.03,203,153.58,144.37,"['NAS (507 voli)', 'Late Aircraft (436 voli)', 'Carrier (398 voli)']"
BNA,3,6389,-2.74,-8.57,1097,30.26,24.0,495,136.98,132.62,"['Late Aircraft (870 voli)', 'NAS (767 voli)', 'Carrier (750 voli)']"
BNA,4,6613,-2.58,-8.31,1041,30.43,23.69,417,143.07,138.7,"['Late Aircraft (821 voli)', 'Carrier (654 voli)', 'NAS (621 voli)']"
BNA,5,6027,-1.02,-5.33,1601,31.65,28.22,994,142.25,141.71,"['Late Aircraft (1643 voli)', 'NAS (1292 voli)', 'Carrier (1272 voli)']"
BNA,6,6443,-1.27,-6.68,1493,30.9,25.48,789,140.12,136.36,"['Late Aircraft (1332 voli)', 'Carrier (1121 voli)', 'NAS (963 voli)']"
BNA,7,6217,-1.5,-6.27,1781,31.31,25.98,901,139.85,135.16,"['Late Aircraft (1701 voli)', 'Carrier (1497 voli)', 'NAS (1104 voli)']"
BNA,8,6846,-2.36,-7.01,1160,31.04,26.0,533,157.11,153.32,"['Late Aircraft (999 voli)', 'NAS (858 voli)', 'Carrier (797 voli)']"
BNA,9,6838,-2.54,-7.35,946,30.58,24.81,343,139.18,134.45,"['Late Aircraft (720 voli)', 'Carrier (687 voli)', 'NAS (665 voli)']"
BNA,10,7590,-2.38,-8.88,929,29.2,21.68,251,144.25,137.83,"['Carrier (611 voli)', 'Late Aircraft (591 voli)', 'NAS (512 voli)']"
BNA,11,6861,-2.91,-9.79,795,30.07,21.88,263,138.83,133.03,"['Carrier (526 voli)', 'Late Aircraft (490 voli)', 'NAS (423 voli)']"
BNA,12,6158,-1.66,-8.34,1221,30.03,23.27,439,140.24,136.67,"['Late Aircraft (910 voli)', 'Carrier (826 voli)', 'NAS (711 voli)']"
BOI,1,1228,-2.94,-4.22,194,32.03,34.19,108,160.32,163.93,"['NAS (244 voli)', 'Carrier (185 voli)', 'Late Aircraft (168 voli)']"
BOI,2,1232,-3.61,-8.17,119,30.26,24.64,72,161.69,161.44,"['NAS (122 voli)', 'Carrier (100 voli)', 'Late Aircraft (89 voli)']"
BOI,3,1496,-3.95,-6.14,138,30.89,27.71,62,123.95,123.05,"['NAS (152 voli)', 'Carrier (116 voli)', 'Late Aircraft (93 voli)']"
BOI,4,1539,-4.01,-6.85,173,30.05,27.45,62,154.73,150.94,"['NAS (130 voli)', 'Carrier (127 voli)', 'Late Aircraft (88 voli)']"
BOI,5,1677,-3.6,-6.43,235,30.31,26.89,81,139.86,138.16,"['NAS (175 voli)', 'Carrier (150 voli)', 'Late Aircraft (140 voli)']"
BOI,6,1676,-3.55,-6.36,251,31.35,27.85,109,152.82,149.88,"['NAS (188 voli)', 'Late Aircraft (182 voli)', 'Carrier (181 voli)']"
BOI,7,1737,-3.02,-6.57,224,30.04,26.79,135,145.08,141.2,"['Carrier (246 voli)', 'Late Aircraft (195 voli)', 'NAS (169 voli)']"
BOI,8,1762,-4.05,-6.47,212,30.94,29.57,103,130.86,130.0,"['Carrier (178 voli)', 'NAS (169 voli)', 'Late Aircraft (143 voli)']"
BOI,9,1737,-3.86,-8.11,206,31.5,27.78,80,125.44,121.96,"['NAS (137 voli)', 'Carrier (137 voli)', 'Late Aircraft (121 voli)']"
BOI,10,1762,-4.32,-8.51,138,30.74,27.77,58,166.95,164.53,"['Carrier (126 voli)', 'NAS (105 voli)', 'Late Aircraft (92 voli)']"
BOI,11,1655,-4.21,-7.8,149,29.92,25.41,62,173.27,173.58,"['Carrier (146 voli)', 'NAS (119 voli)', 'Late Aircraft (82 voli)']"
BOI,12,1508,-3.01,-8.27,228,30.04,22.89,116,148.57,146.88,"['Carrier (181 voli)', 'NAS (159 voli)', 'Late Aircraft (152 voli)']"
BOS,1,6572,-2.94,-6.9,1303,32.37,27.51,923,147.26,148.06,"['NAS (1579 voli)', 'Carrier (1435 voli)', 'Late Aircraft (956 voli)']"
BOS,2,6820,-3.22,-11.63,996,31.06,18.3,488,137.38,126.83,"['Carrier (880 voli)', 'NAS (760 voli)', 'Late Aircraft (517 voli)']"
BOS,3,7942,-3.54,-11.45,1311,31.57,20.86,714,134.08,123.91,"['Carrier (1125 voli)', 'NAS (953 voli)', 'Late Aircraft (796 voli)']"
BOS,4,8618,-3.55,-8.39,1276,31.78,24.0,846,137.0,130.99,"['NAS (1302 voli)', 'Carrier (1200 voli)', 'Late Aircraft (942 voli)']"
BOS,5,9216,-3.19,-8.82,1753,32.03,25.78,1043,142.07,137.39,"['Carrier (1629 voli)', 'NAS (1591 voli)', 'Late Aircraft (1305 voli)']"
BOS,6,8945,-3.06,-7.61,1699,31.77,27.72,1219,141.38,137.77,"['NAS (1841 voli)', 'Carrier (1824 voli)', 'Late Aircraft (1446 voli)']"
BOS,7,8645,-2.75,-7.35,1868,32.75,28.24,1483,137.99,132.6,"['Carrier (2303 voli)', 'NAS (2015 voli)', 'Late Aircraft (1610 voli)']"
BOS,8,8754,-2.58,-7.63,1893,32.31,27.59,1515,142.09,138.25,"['Carrier (2210 voli)', 'NAS (2181 voli)', 'Late Aircraft (1701 voli)']"
BOS,9,9590,-4.06,-10.31,1236,31.86,22.69,744,130.71,119.54,"['Carrier (1190 voli)', 'Late Aircraft (964 voli)', 'NAS (902 voli)']"
BOS,10,10242,-3.5,-9.85,1231,31.22,21.85,497,129.18,121.91,"['Carrier (1103 voli)', 'NAS (946 voli)', 'Late Aircraft (744 voli)']"
BOS,11,8982,-4.16,-11.41,1070,31.38,21.14,570,127.25,115.53,"['Carrier (928 voli)', 'NAS (806 voli)', 'Late Aircraft (674 voli)']"
BOS,12,8195,-2.55,-7.72,1691,32.23,26.0,1050,137.28,134.71,"['Carrier (1692 voli)', 'NAS (1682 voli)', 'Late Aircraft (1339 voli)']"
BPT,1,43,-2.47,-8.4,10,32.0,24.1,7,218.29,216.71,"['Carrier (9 voli)', 'Weather (8 voli)', 'Late Aircraft (6 voli)']"
BPT,2,56,-5.5,-5.98,1,17.0,16.0,1,168.0,149.0,"['NAS (6 voli)', 'Carrier (2 voli)', 'Late Aircraft (2 voli)']"
BPT,3,47,-4.79,-9.98,4,29.25,19.75,9,178.89,176.78,"['Weather (9 voli)', 'Late Aircraft (6 voli)', 'NAS (4 voli)']"
BPT,4,35,-6.8,-12.26,5,42.0,37.8,10,144.8,160.5,"['Weather (8 voli)', 'NAS (7 voli)', 'Carrier (5 voli)']"
BPT,5,51,-6.53,-7.43,1,15.0,6.0,8,207.38,209.88,"['Weather (7 voli)', 'Carrier (6 voli)', 'NAS (3 voli)']"
BPT,6,52,-9.13,-15.62,1,20.0,18.0,4,123.75,124.25,"['Carrier (3 voli)', 'Late Aircraft (2 voli)', 'Weather (2 voli)']"
BPT,7,53,-8.08,-7.77,3,30.67,21.0,1,362.0,344.0,"['NAS (7 voli)', 'Weather (4 voli)', 'Carrier (1 voli)']"
BPT,8,58,-7.71,-9.09,2,26.0,15.0,2,76.5,86.0,"['Carrier (6 voli)', 'Late Aircraft (1 voli)', 'NAS (1 voli)']"
BPT,9,49,-7.96,-18.51,5,33.6,24.0,0,NULL,NULL,"['Carrier (2 voli)', 'Late Aircraft (2 voli)', 'NAS (1 voli)']"
BPT,10,38,-6.63,-17.47,4,43.25,35.75,5,271.0,255.2,"['Carrier (4 voli)', 'Late Aircraft (2 voli)', 'Weather (2 voli)']"
BPT,11,52,-7.48,-13.79,1,18.0,8.0,2,232.0,223.0,"['Weather (2 voli)', 'Carrier (2 voli)', 'NAS (2 voli)']"
BPT,12,52,-6.42,-7.81,2,49.5,43.0,2,223.0,222.0,"['Weather (7 voli)', 'Carrier (4 voli)', 'NAS (4 voli)']"
BQK,1,40,-5.03,-6.95,6,40.5,35.17,15,106.4,116.2,"['Carrier (15 voli)', 'NAS (8 voli)', 'Weather (7 voli)']"
BQK,2,52,-4.63,-4.42,2,31.0,35.5,4,224.75,221.5,"['Carrier (6 voli)', 'NAS (5 voli)', 'Weather (2 voli)']"
BQK,3,55,-5.6,-1.69,2,28.5,52.0,4,103.5,98.75,"['Carrier (8 voli)', 'NAS (4 voli)', 'Late Aircraft (2 voli)']"
BQK,4,51,-3.51,2.92,4,37.25,32.5,5,187.6,184.4,"['Carrier (10 voli)', 'NAS (7 voli)', 'Weather (4 voli)']"
BQK,5,38,-5.74,-0.47,9,32.11,30.44,14,193.29,194.71,"['Carrier (18 voli)', 'NAS (6 voli)', 'Weather (3 voli)']"
BQK,6,48,-4.73,-5.9,5,43.6,33.0,7,146.43,141.29,"['Carrier (11 voli)', 'NAS (4 voli)', 'Weather (3 voli)']"
BQK,7,51,-5.61,-3.41,1,16.0,39.0,10,149.1,163.0,"['Carrier (16 voli)', 'NAS (6 voli)', 'Weather (2 voli)']"
BQK,8,49,-5.94,-6.96,5,39.4,33.0,8,182.63,177.63,"['Carrier (15 voli)', 'NAS (3 voli)', 'Weather (1 voli)']"
BQK,9,55,-5.47,2.71,4,32.25,21.75,0,NULL,NULL,"['Carrier (8 voli)', 'Weather (4 voli)', 'NAS (3 voli)']"
BQK,10,68,-7.32,-10.38,5,32.2,25.6,8,132.13,127.38,"['Carrier (8 voli)', 'NAS (3 voli)', 'Weather (3 voli)']"
BQK,11,74,-7.35,-5.91,5,36.2,45.2,7,127.86,130.86,"['Carrier (12 voli)', 'NAS (9 voli)', 'Late Aircraft (4 voli)']"
BQK,12,64,-6.22,-1.55,7,33.71,37.57,8,213.38,222.0,"['Carrier (17 voli)', 'NAS (14 voli)', 'Late Aircraft (3 voli)']"
BQN,1,171,-7.08,-8.81,30,28.73,27.1,15,215.4,213.53,"['Late Aircraft (34 voli)', 'NAS (27 voli)', 'Carrier (21 voli)']"
BQN,2,151,-8.48,-7.77,18,32.33,32.0,16,156.56,159.07,"['Late Aircraft (28 voli)', 'NAS (22 voli)', 'Carrier (16 voli)']"
BQN,3,147,-7.06,-8.51,48,29.9,26.48,30,159.77,155.93,"['Late Aircraft (65 voli)', 'Carrier (39 voli)', 'NAS (32 voli)']"
BQN,4,173,-6.53,-11.88,24,30.54,24.75,14,161.36,156.5,"['Carrier (19 voli)', 'NAS (18 voli)', 'Late Aircraft (17 voli)']"
BQN,5,174,-3.76,-11.28,38,30.71,19.3,21,122.1,115.24,"['Late Aircraft (38 voli)', 'Carrier (27 voli)', 'NAS (11 voli)']"
BQN,6,110,-2.49,-9.82,46,33.85,27.76,37,174.32,167.43,"['Late Aircraft (70 voli)', 'Carrier (44 voli)', 'NAS (27 voli)']"
BQN,7,120,-3.87,-11.83,33,28.42,17.48,23,162.78,156.26,"['Late Aircraft (37 voli)', 'Carrier (19 voli)', 'NAS (12 voli)']"
BQN,8,107,-3.39,-10.0,40,30.13,22.5,23,171.7,171.18,"['Late Aircraft (47 voli)', 'Carrier (29 voli)', 'NAS (29 voli)']"
BQN,9,103,-4.65,-12.33,15,27.27,18.4,17,229.47,222.88,"['Carrier (17 voli)', 'Late Aircraft (15 voli)', 'NAS (10 voli)']"
BQN,10,110,-6.11,-10.53,16,30.44,21.63,7,121.86,114.71,"['Late Aircraft (14 voli)', 'NAS (7 voli)', 'Weather (7 voli)']"
BQN,11,114,-3.07,-8.76,32,33.44,30.25,13,134.54,129.67,"['Late Aircraft (35 voli)', 'Carrier (27 voli)', 'NAS (20 voli)']"
BQN,12,140,-6.06,-9.84,40,30.25,23.5,26,163.35,158.4,"['Late Aircraft (51 voli)', 'Carrier (31 voli)', 'NAS (22 voli)']"
BRD,1,36,-7.97,-17.08,1,17.0,3.0,12,107.83,96.0,"['Carrier (9 voli)', 'Weather (3 voli)', 'NAS (2 voli)']"
BRD,2,36,-7.33,-20.81,1,21.0,11.0,2,157.0,140.0,"['Carrier (1 voli)', 'Weather (1 voli)']"
BRD,3,35,-6.37,-12.26,5,42.4,43.6,3,104.33,106.33,"['Carrier (7 voli)', 'NAS (6 voli)', 'Weather (5 voli)']"
BRD,4,41,-8.95,-18.24,2,30.0,14.0,1,119.0,105.0,"['Carrier (2 voli)']"
BRD,5,48,-8.98,-16.85,2,32.5,14.0,1,119.0,119.0,"['Carrier (2 voli)']"
BRD,6,41,-8.27,4.9,6,33.33,51.67,5,308.8,316.4,"['Carrier (13 voli)', 'NAS (12 voli)', 'Weather (3 voli)']"
BRD,7,48,-5.69,-0.58,11,30.0,30.91,3,93.0,91.67,"['Carrier (9 voli)', 'NAS (9 voli)', 'Weather (5 voli)']"
BRD,8,57,-7.09,-4.75,4,31.5,48.0,1,351.0,358.0,"['Carrier (10 voli)', 'NAS (7 voli)', 'Weather (1 voli)']"
BRD,9,48,-10.04,-13.92,1,31.0,37.0,4,93.0,95.0,"['Carrier (5 voli)', 'NAS (4 voli)', 'Weather (1 voli)']"
BRD,10,37,-9.65,-19.78,3,23.67,15.33,2,68.5,69.5,"['Carrier (2 voli)', 'Weather (1 voli)', 'NAS (1 voli)']"
BRD,11,43,-10.86,-19.67,4,29.0,25.0,2,554.5,570.0,"['Carrier (4 voli)', 'NAS (3 voli)', 'Weather (1 voli)']"
BRD,12,30,-8.27,-12.73,5,27.4,27.0,10,221.4,216.9,"['Carrier (11 voli)', 'NAS (8 voli)', 'Weather (6 voli)']"
BRO,1,88,-4.4,-9.36,12,23.0,19.67,8,107.38,111.38,"['Late Aircraft (14 voli)', 'NAS (10 voli)', 'Weather (6 voli)']"
BRO,2,104,-6.08,-7.81,4,29.25,24.25,0,NULL,NULL,"['Late Aircraft (3 voli)', 'NAS (2 voli)', 'Carrier (1 voli)']"
BRO,3,152,-3.59,-6.64,14,29.14,22.5,12,214.75,210.75,"['Late Aircraft (14 voli)', 'Carrier (13 voli)', 'NAS (12 voli)']"
BRO,4,120,-5.53,-9.1,13,31.38,30.31,16,186.56,197.88,"['NAS (21 voli)', 'Late Aircraft (15 voli)', 'Weather (9 voli)']"
BRO,5,132,-4.61,-5.59,24,31.54,34.54,21,193.14,200.05,"['NAS (31 voli)', 'Weather (25 voli)', 'Carrier (20 voli)']"
BRO,6,161,-5.2,-9.09,17,30.88,27.76,20,141.75,142.65,"['Carrier (23 voli)', 'Late Aircraft (22 voli)', 'NAS (22 voli)']"
BRO,7,150,-4.61,-6.77,27,30.22,33.19,16,161.5,162.25,"['NAS (28 voli)', 'Late Aircraft (25 voli)', 'Carrier (20 voli)']"
BRO,8,172,-6.52,-10.66,19,32.79,31.79,2,182.5,175.0,"['Late Aircraft (14 voli)', 'NAS (12 voli)', 'Carrier (8 voli)']"
BRO,9,140,-6.08,-8.73,11,34.91,29.64,4,126.25,119.25,"['NAS (7 voli)', 'Late Aircraft (6 voli)', 'Carrier (5 voli)']"
BRO,10,180,-6.22,-10.81,11,32.36,24.73,5,135.8,126.4,"['Carrier (10 voli)', 'Late Aircraft (8 voli)', 'NAS (5 voli)']"
BRO,11,110,-6.23,-9.4,12,36.17,33.83,6,177.17,182.17,"['NAS (10 voli)', 'Late Aircraft (9 voli)', 'Weather (8 voli)']"
BRO,12,99,-4.61,-6.49,13,36.23,37.23,16,122.5,129.63,"['Carrier (22 voli)', 'NAS (15 voli)', 'Late Aircraft (12 voli)']"
BRW,1,13,-6.08,-7.77,6,44.17,45.5,3,206.0,206.0,"['Late Aircraft (7 voli)', 'Weather (6 voli)', 'Carrier (5 voli)']"
BRW,2,22,-6.32,-1.91,3,42.67,48.0,3,113.67,117.33,"['NAS (6 voli)', 'Late Aircraft (5 voli)', 'Weather (2 voli)']"
BRW,3,20,-3.2,-1.9,7,29.43,32.43,1,234.0,240.0,"['Carrier (6 voli)', 'NAS (5 voli)', 'Late Aircraft (3 voli)']"
BRW,4,25,-8.36,-5.36,5,41.0,41.2,1,90.0,90.0,"['NAS (5 voli)', 'Security (5 voli)', 'Late Aircraft (3 voli)']"
BRW,5,24,-7.29,-3.83,6,28.33,29.17,1,291.0,285.0,"['NAS (4 voli)', 'Late Aircraft (4 voli)', 'Security (3 voli)']"
BRW,6,22,-3.77,-1.68,7,31.14,32.14,0,NULL,NULL,"['NAS (6 voli)', 'Security (5 voli)', 'Late Aircraft (5 voli)']"
BRW,7,23,-2.57,-1.09,6,22.0,22.83,0,NULL,NULL,"['Security (5 voli)', 'NAS (4 voli)', 'Weather (2 voli)']"
BRW,8,22,-4.27,1.36,9,29.89,36.33,0,NULL,NULL,"['NAS (10 voli)', 'Security (8 voli)', 'Late Aircraft (7 voli)']"
BRW,9,22,-5.64,-2.68,6,23.0,27.0,2,85.0,81.5,"['Late Aircraft (7 voli)', 'NAS (5 voli)', 'Carrier (2 voli)']"
BRW,10,22,-2.95,-3.64,7,34.0,34.29,1,66.0,70.0,"['Late Aircraft (7 voli)', 'NAS (4 voli)', 'Weather (3 voli)']"
BRW,11,18,-9.44,-9.78,8,27.5,21.0,1,83.0,77.0,"['Late Aircraft (5 voli)', 'Weather (3 voli)', 'Carrier (1 voli)']"
BRW,12,16,0.56,-0.94,11,27.18,29.91,2,90.5,90.0,"['Late Aircraft (10 voli)', 'NAS (7 voli)', 'Carrier (6 voli)']"
BTM,1,38,-11.05,-12.87,3,30.67,28.33,2,302.0,290.5,"['Carrier (3 voli)', 'Weather (3 voli)', 'NAS (2 voli)']"
BTM,2,48,-12.75,-13.75,0,NULL,NULL,1,100.0,105.0,"['NAS (2 voli)', 'Carrier (1 voli)', 'Weather (1 voli)']"
BTM,3,38,-10.66,-19.63,4,33.25,29.0,1,202.0,237.0,"['Carrier (4 voli)', 'NAS (2 voli)', 'Weather (2 voli)']"
BTM,4,25,-10.16,-19.44,2,35.5,22.0,1,67.0,49.0,"['Carrier (2 voli)', 'Security (1 voli)']"
BTM,5,42,-9.29,-17.17,2,40.5,30.5,0,NULL,NULL,"['Carrier (2 voli)']"
BTM,6,40,-12.03,-16.73,7,37.0,29.29,3,428.67,430.67,"['Carrier (8 voli)', 'NAS (2 voli)', 'Weather (2 voli)']"
BTM,7,46,-9.39,-17.46,3,38.67,30.33,3,115.0,107.0,"['Carrier (5 voli)', 'Weather (1 voli)']"
BTM,8,55,-11.64,-18.38,0,NULL,NULL,1,103.0,80.0,"['Carrier (1 voli)', 'Weather (1 voli)']"
BTM,9,51,-10.98,-13.37,1,35.0,26.0,1,80.0,69.0,"['Carrier (2 voli)', 'Weather (1 voli)']"
BTM,10,42,-11.19,-20.21,0,NULL,NULL,0,NULL,NULL,"[]"
BTM,11,32,-8.13,-13.47,0,NULL,NULL,1,84.0,69.0,"['Carrier (4 voli)', 'NAS (2 voli)']"
BTM,12,26,-8.88,-19.38,2,28.5,4.5,2,588.5,576.5,"['Carrier (3 voli)']"
BTR,1,262,-4.68,-6.73,49,33.16,29.39,49,156.1,154.65,"['NAS (53 voli)', 'Late Aircraft (45 voli)', 'Carrier (41 voli)']"
BTR,2,330,-4.9,-7.86,27,28.11,25.7,20,211.6,207.6,"['Carrier (33 voli)', 'NAS (25 voli)', 'Late Aircraft (21 voli)']"
BTR,3,297,-3.48,-8.25,41,24.63,18.68,22,162.68,170.09,"['NAS (33 voli)', 'Carrier (31 voli)', 'Late Aircraft (22 voli)']"
BTR,4,329,-4.9,-7.45,45,28.13,30.38,40,187.53,183.38,"['NAS (47 voli)', 'Carrier (40 voli)', 'Late Aircraft (38 voli)']"
BTR,5,330,-3.05,-3.58,50,32.18,33.92,49,146.35,154.61,"['NAS (69 voli)', 'Late Aircraft (60 voli)', 'Carrier (47 voli)']"
BTR,6,342,-4.55,-8.59,42,28.31,23.21,35,183.06,183.44,"['Late Aircraft (36 voli)', 'Carrier (30 voli)', 'NAS (30 voli)']"
BTR,7,305,-2.91,-8.03,56,34.57,30.38,50,156.0,157.76,"['Carrier (73 voli)', 'Late Aircraft (67 voli)', 'NAS (50 voli)']"
BTR,8,338,-5.19,-9.7,40,32.68,27.88,27,107.0,100.04,"['Late Aircraft (41 voli)', 'Carrier (34 voli)', 'NAS (26 voli)']"
BTR,9,315,-3.77,-9.2,40,32.85,25.43,27,126.67,123.78,"['Late Aircraft (46 voli)', 'Carrier (34 voli)', 'NAS (34 voli)']"
BTR,10,369,-4.9,-10.57,28,29.29,23.54,18,170.78,167.06,"['NAS (26 voli)', 'Carrier (26 voli)', 'Late Aircraft (20 voli)']"
BTR,11,354,-3.69,-10.03,42,26.4,23.14,17,101.29,100.59,"['NAS (30 voli)', 'Carrier (28 voli)', 'Late Aircraft (21 voli)']"
BTR,12,277,-2.05,-6.02,49,28.45,22.51,29,189.66,187.62,"['Late Aircraft (46 voli)', 'Carrier (38 voli)', 'NAS (37 voli)']"
BTV,1,357,-4.06,-8.6,44,31.95,31.3,51,198.39,195.35,"['NAS (72 voli)', 'Late Aircraft (52 voli)', 'Carrier (52 voli)']"
BTV,2,320,-4.03,-13.18,28,33.64,22.54,25,174.84,157.0,"['NAS (35 voli)', 'Carrier (27 voli)', 'Late Aircraft (22 voli)']"
BTV,3,349,-4.93,-10.79,29,33.93,28.86,17,203.94,203.94,"['NAS (48 voli)', 'Carrier (26 voli)', 'Late Aircraft (21 voli)']"
BTV,4,413,-6.43,-10.57,23,34.39,29.78,26,167.81,166.27,"['NAS (50 voli)', 'Late Aircraft (27 voli)', 'Weather (13 voli)']"
BTV,5,496,-5.87,-10.5,41,32.34,29.22,42,138.1,141.22,"['NAS (50 voli)', 'Late Aircraft (48 voli)', 'Carrier (31 voli)']"
BTV,6,581,-5.06,-10.99,74,32.58,28.75,63,158.83,156.02,"['NAS (82 voli)', 'Late Aircraft (68 voli)', 'Carrier (63 voli)']"
BTV,7,569,-4.35,-6.87,83,31.08,28.23,85,204.85,207.33,"['NAS (124 voli)', 'Carrier (104 voli)', 'Late Aircraft (92 voli)']"
BTV,8,659,-4.01,-6.29,86,30.78,35.37,64,168.67,172.0,"['NAS (142 voli)', 'Carrier (94 voli)', 'Late Aircraft (93 voli)']"
BTV,9,762,-5.75,-8.7,49,31.53,27.27,36,151.19,145.67,"['NAS (68 voli)', 'Carrier (50 voli)', 'Late Aircraft (38 voli)']"
BTV,10,739,-5.31,-10.63,68,33.53,27.74,35,166.77,154.37,"['Carrier (67 voli)', 'NAS (59 voli)', 'Late Aircraft (56 voli)']"
BTV,11,493,-5.11,-11.66,31,38.13,31.87,33,158.39,147.09,"['NAS (49 voli)', 'Carrier (32 voli)', 'Late Aircraft (30 voli)']"
BTV,12,482,-3.16,-4.57,83,32.12,29.35,49,156.82,154.37,"['NAS (122 voli)', 'Carrier (67 voli)', 'Late Aircraft (59 voli)']"
BUF,1,959,-2.69,-4.36,167,31.57,33.4,139,174.42,181.19,"['NAS (311 voli)', 'Weather (275 voli)', 'Late Aircraft (188 voli)']"
BUF,2,1170,-3.5,-11.61,152,27.44,18.01,64,179.33,171.84,"['NAS (122 voli)', 'Carrier (98 voli)', 'Late Aircraft (90 voli)']"
BUF,3,1419,-3.62,-8.93,182,30.3,24.52,128,138.85,137.0,"['NAS (214 voli)', 'Late Aircraft (185 voli)', 'Carrier (127 voli)']"
BUF,4,1448,-3.62,-9.76,173,31.62,26.69,87,159.68,155.88,"['Late Aircraft (150 voli)', 'NAS (143 voli)', 'Carrier (121 voli)']"
BUF,5,1454,-3.58,-9.16,219,32.41,30.11,143,156.43,154.15,"['Late Aircraft (211 voli)', 'Carrier (192 voli)', 'NAS (191 voli)']"
BUF,6,1453,-3.28,-8.39,245,31.96,30.0,167,154.96,152.17,"['Late Aircraft (276 voli)', 'NAS (237 voli)', 'Carrier (214 voli)']"
BUF,7,1443,-2.66,-5.07,313,32.77,31.44,200,165.3,168.35,"['Late Aircraft (350 voli)', 'NAS (326 voli)', 'Carrier (304 voli)']"
BUF,8,1484,-2.25,-6.28,314,31.09,28.06,169,147.16,148.29,"['Late Aircraft (312 voli)', 'NAS (303 voli)', 'Carrier (224 voli)']"
BUF,9,1709,-4.31,-9.09,168,29.15,24.5,62,127.08,125.15,"['NAS (132 voli)', 'Late Aircraft (122 voli)', 'Carrier (112 voli)']"
BUF,10,1705,-4.0,-11.3,173,29.79,20.69,62,131.48,121.85,"['Late Aircraft (118 voli)', 'Carrier (113 voli)', 'NAS (71 voli)']"
BUF,11,1454,-3.37,-11.19,134,30.96,21.66,69,128.13,118.52,"['Carrier (106 voli)', 'Late Aircraft (94 voli)', 'NAS (88 voli)']"
BUF,12,1255,-2.26,-5.92,255,31.07,29.78,157,152.62,155.08,"['NAS (306 voli)', 'Late Aircraft (214 voli)', 'Carrier (213 voli)']"
BUR,1,1888,-3.42,-7.94,246,31.95,25.85,125,126.08,121.71,"['Late Aircraft (200 voli)', 'NAS (197 voli)', 'Carrier (175 voli)']"
BUR,2,1617,-3.05,-9.56,244,31.87,24.65,122,140.22,134.2,"['NAS (180 voli)', 'Late Aircraft (172 voli)', 'Carrier (117 voli)']"
BUR,3,1702,-2.53,-6.9,322,33.28,29.43,177,128.97,127.89,"['NAS (298 voli)', 'Late Aircraft (229 voli)', 'Carrier (160 voli)']"
BUR,4,1812,-3.15,-8.73,261,31.7,26.08,139,112.42,113.61,"['NAS (232 voli)', 'Late Aircraft (199 voli)', 'Carrier (103 voli)']"
BUR,5,1831,-2.71,-8.05,310,32.62,28.39,158,112.84,108.68,"['NAS (264 voli)', 'Late Aircraft (255 voli)', 'Carrier (132 voli)']"
BUR,6,2027,-1.74,-7.52,441,31.15,24.31,171,121.04,115.32,"['Late Aircraft (366 voli)', 'Carrier (232 voli)', 'NAS (227 voli)']"
BUR,7,2206,-2.72,-8.55,419,31.28,25.22,189,137.13,131.44,"['Late Aircraft (378 voli)', 'Carrier (285 voli)', 'NAS (240 voli)']"
BUR,8,2268,-3.7,-8.28,298,32.24,27.68,139,138.14,134.67,"['Late Aircraft (255 voli)', 'NAS (246 voli)', 'Carrier (200 voli)']"
BUR,9,2154,-3.75,-8.42,330,31.56,28.04,180,138.74,134.8,"['Late Aircraft (297 voli)', 'NAS (260 voli)', 'Carrier (176 voli)']"
BUR,10,2368,-3.32,-7.99,334,31.01,27.29,151,132.11,129.17,"['NAS (269 voli)', 'Late Aircraft (262 voli)', 'Carrier (179 voli)']"
BUR,11,2302,-3.53,-9.44,293,30.82,24.26,107,121.09,120.53,"['Late Aircraft (229 voli)', 'NAS (188 voli)', 'Carrier (156 voli)']"
BUR,12,2144,-2.67,-9.1,382,30.08,23.24,176,120.47,114.01,"['Late Aircraft (349 voli)', 'Carrier (232 voli)', 'NAS (211 voli)']"
BWI,1,4720,0.4,-4.76,1736,30.33,26.2,546,120.69,125.22,"['Carrier (1407 voli)', 'Late Aircraft (1224 voli)', 'NAS (1199 voli)']"
BWI,2,5278,-0.59,-9.09,980,28.26,18.43,204,116.65,106.52,"['Carrier (593 voli)', 'NAS (466 voli)', 'Late Aircraft (464 voli)']"
BWI,3,5425,0.08,-7.87,1768,30.68,24.07,628,123.31,120.59,"['Carrier (1340 voli)', 'Late Aircraft (1237 voli)', 'NAS (935 voli)']"
BWI,4,5871,0.1,-5.54,1674,29.41,23.44,520,126.37,120.55,"['Carrier (1261 voli)', 'Late Aircraft (1121 voli)', 'NAS (968 voli)']"
BWI,5,5497,0.5,-4.46,2210,30.35,25.57,813,121.96,118.8,"['Carrier (1731 voli)', 'Late Aircraft (1687 voli)', 'NAS (1249 voli)']"
BWI,6,5561,0.83,-5.39,2301,30.45,24.13,763,125.66,120.06,"['Carrier (1792 voli)', 'Late Aircraft (1598 voli)', 'NAS (1087 voli)']"
BWI,7,4929,1.26,-3.21,2692,31.39,27.76,1238,129.11,125.16,"['Carrier (2596 voli)', 'Late Aircraft (2380 voli)', 'NAS (1595 voli)']"
BWI,8,5502,0.78,-5.21,2218,30.48,26.84,911,134.9,133.67,"['Carrier (1794 voli)', 'Late Aircraft (1741 voli)', 'NAS (1426 voli)']"
BWI,9,6489,-0.4,-7.0,1343,28.4,20.55,276,121.74,115.57,"['Carrier (858 voli)', 'Late Aircraft (722 voli)', 'NAS (609 voli)']"
BWI,10,6470,-0.08,-9.08,1383,28.29,16.91,219,121.79,110.35,"['Carrier (783 voli)', 'Late Aircraft (638 voli)', 'NAS (364 voli)']"
BWI,11,6199,-0.93,-9.79,1027,28.14,18.21,250,120.62,109.86,"['Carrier (595 voli)', 'Late Aircraft (507 voli)', 'NAS (401 voli)']"
BWI,12,5528,0.31,-8.3,1648,29.55,19.65,476,118.33,108.81,"['Carrier (1129 voli)', 'Late Aircraft (1024 voli)', 'NAS (599 voli)']"
BZN,1,612,-5.03,-8.48,97,32.09,30.93,76,242.84,241.74,"['Late Aircraft (102 voli)', 'NAS (99 voli)', 'Carrier (79 voli)']"
BZN,2,645,-5.22,-5.14,55,34.93,38.4,65,182.97,195.23,"['NAS (135 voli)', 'Late Aircraft (63 voli)', 'Carrier (54 voli)']"
BZN,3,700,-4.24,-6.54,92,31.78,25.23,49,130.63,128.65,"['NAS (101 voli)', 'Late Aircraft (74 voli)', 'Carrier (56 voli)']"
BZN,4,542,-5.24,-7.01,49,33.12,28.02,26,110.23,107.46,"['NAS (55 voli)', 'Late Aircraft (43 voli)', 'Carrier (37 voli)']"
BZN,5,574,-4.37,-7.8,71,30.0,26.37,52,162.12,161.92,"['NAS (77 voli)', 'Late Aircraft (64 voli)', 'Carrier (48 voli)']"
BZN,6,795,-3.41,-8.42,134,31.52,25.46,72,121.83,114.94,"['Late Aircraft (116 voli)', 'NAS (109 voli)', 'Carrier (81 voli)']"
BZN,7,856,-3.47,-7.18,173,33.06,32.47,101,159.64,158.44,"['NAS (182 voli)', 'Late Aircraft (170 voli)', 'Carrier (145 voli)']"
BZN,8,843,-2.78,-6.52,152,32.93,29.77,82,164.22,163.13,"['NAS (148 voli)', 'Late Aircraft (127 voli)', 'Carrier (107 voli)']"
BZN,9,764,-3.31,-7.79,82,30.07,25.83,29,109.9,104.86,"['NAS (68 voli)', 'Late Aircraft (62 voli)', 'Carrier (59 voli)']"
BZN,10,615,-4.83,-10.87,61,28.84,22.11,20,152.2,143.7,"['NAS (42 voli)', 'Late Aircraft (37 voli)', 'Carrier (33 voli)']"
BZN,11,477,-5.29,-8.75,52,31.56,26.21,31,175.29,186.73,"['NAS (63 voli)', 'Carrier (40 voli)', 'Late Aircraft (32 voli)']"
BZN,12,593,-4.11,-10.69,82,32.39,23.33,45,200.82,193.09,"['Late Aircraft (68 voli)', 'Carrier (55 voli)', 'NAS (50 voli)']"
CAE,1,370,-4.94,-9.72,40,33.7,29.43,42,157.93,153.6,"['Late Aircraft (56 voli)', 'NAS (46 voli)', 'Carrier (30 voli)']"
CAE,2,417,-5.4,-10.54,29,32.17,24.62,16,163.69,157.13,"['Carrier (33 voli)', 'Late Aircraft (26 voli)', 'NAS (26 voli)']"
CAE,3,430,-4.81,-10.37,51,31.45,23.84,28,167.36,157.5,"['Late Aircraft (45 voli)', 'Carrier (43 voli)', 'NAS (31 voli)']"
CAE,4,472,-4.78,-7.46,44,31.64,34.18,22,127.41,125.73,"['Late Aircraft (47 voli)', 'NAS (42 voli)', 'Carrier (37 voli)']"
CAE,5,461,-4.75,-7.33,62,32.89,30.48,51,161.73,145.76,"['NAS (77 voli)', 'Late Aircraft (69 voli)', 'Carrier (67 voli)']"
CAE,6,458,-4.35,-9.64,52,34.87,31.02,31,189.03,193.17,"['NAS (48 voli)', 'Carrier (45 voli)', 'Late Aircraft (39 voli)']"
CAE,7,411,-4.6,-7.17,53,32.25,31.64,70,186.69,189.64,"['Carrier (94 voli)', 'NAS (80 voli)', 'Late Aircraft (77 voli)']"
CAE,8,482,-4.83,-7.34,51,32.96,32.68,35,156.83,157.2,"['NAS (64 voli)', 'Carrier (54 voli)', 'Late Aircraft (51 voli)']"
CAE,9,492,-5.16,-6.6,47,35.02,30.6,46,160.61,160.5,"['NAS (65 voli)', 'Carrier (60 voli)', 'Late Aircraft (53 voli)']"
CAE,10,573,-5.47,-8.41,55,31.15,24.02,18,131.67,123.39,"['NAS (42 voli)', 'Carrier (35 voli)', 'Late Aircraft (33 voli)']"
CAE,11,511,-4.32,-6.6,57,27.91,22.46,28,183.96,172.52,"['NAS (61 voli)', 'Carrier (50 voli)', 'Late Aircraft (40 voli)']"
CAE,12,480,-3.34,-5.36,63,35.59,30.38,31,162.48,158.43,"['NAS (78 voli)', 'Carrier (71 voli)', 'Late Aircraft (56 voli)']"
CAK,1,177,-5.66,-7.6,21,33.38,28.48,32,148.34,143.63,"['NAS (35 voli)', 'Late Aircraft (28 voli)', 'Carrier (27 voli)']"
CAK,2,195,-6.82,-12.8,16,32.06,19.75,13,139.54,126.54,"['Carrier (17 voli)', 'NAS (12 voli)', 'Late Aircraft (7 voli)']"
CAK,3,220,-7.45,-9.85,21,38.1,26.95,12,144.08,142.5,"['NAS (23 voli)', 'Carrier (17 voli)', 'Late Aircraft (15 voli)']"
CAK,4,234,-6.18,-6.37,20,32.55,32.0,23,185.13,179.35,"['Carrier (27 voli)', 'NAS (26 voli)', 'Late Aircraft (22 voli)']"
CAK,5,237,-7.19,-7.76,22,37.77,41.36,38,138.63,142.66,"['NAS (40 voli)', 'Late Aircraft (29 voli)', 'Carrier (25 voli)']"
CAK,6,243,-5.02,-8.26,37,33.22,30.03,41,148.61,144.0,"['Late Aircraft (45 voli)', 'Carrier (32 voli)', 'NAS (28 voli)']"
CAK,7,221,-6.14,-5.57,40,34.18,32.45,59,130.8,132.64,"['Carrier (70 voli)', 'Late Aircraft (55 voli)', 'NAS (54 voli)']"
CAK,8,230,-6.95,-5.15,23,33.09,30.5,40,185.63,180.48,"['NAS (53 voli)', 'Late Aircraft (37 voli)', 'Carrier (34 voli)']"
CAK,9,209,-6.99,-9.2,21,30.05,25.33,34,163.74,159.32,"['Carrier (34 voli)', 'Late Aircraft (34 voli)', 'NAS (28 voli)']"
CAK,10,225,-7.36,-10.43,15,27.13,19.0,17,123.0,116.88,"['Carrier (21 voli)', 'Late Aircraft (15 voli)', 'NAS (15 voli)']"
CAK,11,221,-5.99,-9.5,12,33.42,23.08,23,160.7,154.61,"['Carrier (35 voli)', 'NAS (23 voli)', 'Late Aircraft (18 voli)']"
CAK,12,193,-4.24,-8.88,37,32.86,26.62,41,183.51,176.65,"['Late Aircraft (48 voli)', 'Carrier (43 voli)', 'NAS (28 voli)']"
CDC,1,42,-7.17,-12.98,3,25.67,18.67,4,154.25,151.0,"['Weather (5 voli)', 'NAS (3 voli)', 'Carrier (3 voli)']"
CDC,2,47,-6.64,-17.64,2,38.5,18.0,0,NULL,NULL,"['Carrier (1 voli)']"
CDC,3,43,-7.53,-10.79,1,36.0,33.0,3,83.33,75.0,"['Weather (7 voli)', 'Carrier (3 voli)']"
CDC,4,45,-6.53,-10.0,2,48.5,40.5,4,138.5,126.75,"['Carrier (6 voli)', 'Security (1 voli)']"
CDC,5,47,-6.17,-9.13,4,42.5,33.75,2,475.5,462.5,"['Carrier (5 voli)', 'Weather (1 voli)', 'NAS (1 voli)']"
CDC,6,43,-7.07,-13.49,3,28.67,32.33,6,225.17,219.0,"['Carrier (7 voli)', 'NAS (2 voli)', 'Weather (2 voli)']"
CDC,7,42,-8.19,-13.52,3,26.33,18.33,6,175.67,172.0,"['Carrier (6 voli)', 'Weather (2 voli)', 'NAS (1 voli)']"
CDC,8,50,-8.64,-14.08,1,30.0,18.0,1,92.0,87.0,"['Carrier (2 voli)', 'Weather (1 voli)']"
CDC,9,50,-10.62,-12.28,1,59.0,44.0,2,110.5,101.0,"['Carrier (3 voli)']"
CDC,10,48,-10.67,-14.27,1,17.0,5.0,3,132.0,136.67,"['Carrier (3 voli)', 'NAS (2 voli)', 'Weather (1 voli)']"
CDC,11,46,-9.98,-13.04,3,37.0,29.33,3,106.33,109.0,"['Carrier (5 voli)', 'NAS (1 voli)']"
CDC,12,40,-10.05,-18.73,3,29.0,19.67,3,124.33,110.67,"['Carrier (6 voli)', 'NAS (2 voli)', 'Weather (1 voli)']"
CDV,1,38,-11.76,-10.97,10,29.8,40.78,6,140.17,90.4,"['Late Aircraft (13 voli)', 'NAS (13 voli)', 'Weather (3 voli)']"
CDV,2,39,-13.74,-13.18,7,30.0,25.83,1,213.0,206.0,"['Late Aircraft (6 voli)', 'Carrier (3 voli)']"
CDV,3,49,-13.41,-14.45,7,36.14,34.57,4,95.75,94.0,"['Late Aircraft (11 voli)', 'NAS (4 voli)', 'Carrier (1 voli)']"
CDV,4,44,-13.61,-15.86,5,34.0,31.75,2,178.0,173.5,"['Late Aircraft (7 voli)', 'Weather (1 voli)', 'Carrier (1 voli)']"
CDV,5,52,-11.44,-10.88,5,33.6,36.75,2,100.0,92.0,"['Late Aircraft (6 voli)', 'Carrier (4 voli)', 'NAS (2 voli)']"
CDV,6,54,-6.63,-5.56,4,34.75,45.5,2,73.0,62.0,"['NAS (7 voli)', 'Late Aircraft (6 voli)', 'Security (2 voli)']"
CDV,7,49,-6.31,-4.76,11,31.82,33.27,1,228.0,233.0,"['NAS (11 voli)', 'Late Aircraft (9 voli)', 'Carrier (7 voli)']"
CDV,8,41,-3.73,-4.39,16,31.06,31.69,3,126.67,133.5,"['Late Aircraft (14 voli)', 'NAS (7 voli)', 'Carrier (5 voli)']"
CDV,9,46,-3.5,-2.2,10,27.9,21.5,3,104.67,101.0,"['Late Aircraft (11 voli)', 'NAS (7 voli)', 'Carrier (6 voli)']"
CDV,10,50,-10.36,-9.04,7,22.43,21.86,1,118.0,109.0,"['Late Aircraft (7 voli)', 'NAS (6 voli)', 'Weather (1 voli)']"
CDV,11,51,-13.0,-14.61,3,34.67,41.33,1,73.0,84.0,"['Late Aircraft (4 voli)', 'NAS (4 voli)', 'Carrier (1 voli)']"
CDV,12,45,-9.42,-10.09,10,32.8,32.33,3,112.0,126.0,"['Late Aircraft (6 voli)', 'NAS (5 voli)', 'Security (3 voli)']"
CHA,1,324,-3.16,-5.83,69,32.28,28.32,47,144.02,142.17,"['Late Aircraft (69 voli)', 'NAS (55 voli)', 'Carrier (48 voli)']"
CHA,2,421,-4.66,-8.61,36,31.47,23.61,18,132.22,123.78,"['Carrier (40 voli)', 'NAS (34 voli)', 'Late Aircraft (29 voli)']"
CHA,3,453,-4.19,-9.8,54,31.72,25.66,43,173.88,168.51,"['Carrier (51 voli)', 'Late Aircraft (51 voli)', 'NAS (39 voli)']"
CHA,4,467,-3.72,-4.64,72,29.89,26.89,41,166.88,162.05,"['Carrier (72 voli)', 'NAS (69 voli)', 'Late Aircraft (68 voli)']"
CHA,5,409,-3.4,-6.54,99,29.85,26.84,61,166.57,167.66,"['NAS (90 voli)', 'Carrier (78 voli)', 'Late Aircraft (76 voli)']"
CHA,6,432,-3.09,-9.31,67,30.51,26.06,40,111.43,106.95,"['Carrier (65 voli)', 'Late Aircraft (60 voli)', 'NAS (46 voli)']"
CHA,7,357,-2.52,-6.44,82,36.32,35.38,63,208.52,202.59,"['Carrier (97 voli)', 'Late Aircraft (93 voli)', 'NAS (77 voli)']"
CHA,8,434,-4.21,-7.94,64,32.5,28.08,32,137.59,136.88,"['Carrier (55 voli)', 'NAS (49 voli)', 'Late Aircraft (48 voli)']"
CHA,9,493,-4.83,-10.28,48,32.46,28.52,36,205.25,201.81,"['Carrier (48 voli)', 'Late Aircraft (46 voli)', 'NAS (38 voli)']"
CHA,10,536,-3.68,-10.27,53,31.53,25.23,18,179.11,169.5,"['Carrier (41 voli)', 'Late Aircraft (34 voli)', 'NAS (27 voli)']"
CHA,11,576,-4.77,-9.51,52,28.63,20.98,32,201.09,201.53,"['NAS (53 voli)', 'Carrier (46 voli)', 'Late Aircraft (40 voli)']"
CHA,12,445,-2.64,-8.3,77,30.08,25.66,57,139.11,136.75,"['Late Aircraft (78 voli)', 'Carrier (75 voli)', 'NAS (74 voli)']"
CHO,1,171,-5.89,-7.51,15,33.27,35.33,23,126.96,125.3,"['NAS (41 voli)', 'Weather (22 voli)', 'Carrier (21 voli)']"
CHO,2,203,-5.32,-7.47,9,30.56,22.89,8,219.38,217.5,"['NAS (29 voli)', 'Carrier (18 voli)', 'Late Aircraft (9 voli)']"
CHO,3,215,-5.35,-13.78,12,33.67,32.42,13,125.0,120.23,"['NAS (15 voli)', 'Carrier (11 voli)', 'Late Aircraft (11 voli)']"
CHO,4,223,-5.35,-9.66,23,37.3,33.87,16,222.94,218.13,"['NAS (31 voli)', 'Late Aircraft (21 voli)', 'Carrier (20 voli)']"
CHO,5,221,-3.35,-7.97,20,29.0,26.9,28,179.29,179.85,"['NAS (40 voli)', 'Carrier (30 voli)', 'Late Aircraft (27 voli)']"
CHO,6,210,-3.85,-9.88,18,37.22,31.56,12,227.17,223.42,"['NAS (34 voli)', 'Carrier (22 voli)', 'Late Aircraft (10 voli)']"
CHO,7,177,-3.86,-8.04,29,32.86,32.72,31,178.58,174.81,"['NAS (43 voli)', 'Carrier (32 voli)', 'Late Aircraft (29 voli)']"
CHO,8,185,-4.26,-6.86,25,34.88,41.8,25,145.8,140.32,"['NAS (47 voli)', 'Carrier (32 voli)', 'Late Aircraft (30 voli)']"
CHO,9,218,-5.07,-9.07,16,33.63,33.0,12,226.33,219.08,"['NAS (24 voli)', 'Carrier (23 voli)', 'Late Aircraft (13 voli)']"
CHO,10,320,-4.44,-7.35,22,32.32,32.32,12,116.92,114.17,"['NAS (42 voli)', 'Carrier (24 voli)', 'Late Aircraft (20 voli)']"
CHO,11,257,-4.65,-9.01,10,27.1,24.3,11,183.91,180.73,"['NAS (24 voli)', 'Carrier (15 voli)', 'Late Aircraft (10 voli)']"
CHO,12,188,-3.35,-8.06,32,28.31,26.13,25,170.28,170.12,"['NAS (43 voli)', 'Carrier (29 voli)', 'Late Aircraft (28 voli)']"
CHS,1,1321,-4.24,-10.15,180,33.99,29.39,151,164.76,164.17,"['Late Aircraft (206 voli)', 'NAS (177 voli)', 'Carrier (164 voli)']"
CHS,2,1435,-4.63,-9.44,141,31.01,24.54,77,177.4,171.43,"['NAS (115 voli)', 'Late Aircraft (114 voli)', 'Carrier (109 voli)']"
CHS,3,1639,-3.79,-9.05,234,30.43,22.85,134,164.22,160.49,"['Late Aircraft (226 voli)', 'NAS (163 voli)', 'Carrier (148 voli)']"
CHS,4,1779,-3.71,-7.63,230,31.09,26.1,139,155.43,152.86,"['Late Aircraft (242 voli)', 'NAS (212 voli)', 'Carrier (179 voli)']"
CHS,5,1828,-3.2,-6.62,296,31.07,29.44,210,162.5,164.23,"['Late Aircraft (351 voli)', 'NAS (342 voli)', 'Carrier (240 voli)']"
CHS,6,1820,-3.17,-7.47,317,31.23,28.42,168,177.68,175.5,"['Late Aircraft (301 voli)', 'NAS (299 voli)', 'Carrier (248 voli)']"
CHS,7,1699,-3.0,-6.34,349,32.5,32.81,291,155.7,156.91,"['Late Aircraft (434 voli)', 'Carrier (401 voli)', 'NAS (391 voli)']"
CHS,8,1660,-4.05,-8.34,303,30.73,26.88,197,141.28,139.7,"['NAS (303 voli)', 'Late Aircraft (295 voli)', 'Carrier (223 voli)']"
CHS,9,1844,-4.73,-9.31,208,30.47,27.41,91,145.11,142.51,"['NAS (169 voli)', 'Late Aircraft (151 voli)', 'Carrier (138 voli)']"
CHS,10,1964,-4.06,-9.51,167,28.53,20.1,60,171.02,165.0,"['Late Aircraft (117 voli)', 'NAS (108 voli)', 'Carrier (98 voli)']"
CHS,11,1697,-4.3,-7.95,151,30.06,25.4,72,148.68,146.63,"['NAS (133 voli)', 'Late Aircraft (116 voli)', 'Carrier (107 voli)']"
CHS,12,1535,-3.16,-7.11,238,32.26,26.69,136,139.87,135.27,"['Late Aircraft (216 voli)', 'NAS (206 voli)', 'Carrier (199 voli)']"
CID,1,317,-2.38,-5.12,78,32.22,25.49,96,245.08,243.91,"['Weather (112 voli)', 'NAS (93 voli)', 'Carrier (83 voli)']"
CID,2,422,-4.76,-12.73,48,30.63,22.0,21,185.48,170.43,"['Carrier (31 voli)', 'Late Aircraft (31 voli)', 'NAS (29 voli)']"
CID,3,485,-4.65,-12.47,50,30.88,24.43,37,180.97,175.89,"['NAS (51 voli)', 'Late Aircraft (47 voli)', 'Carrier (40 voli)']"
CID,4,499,-4.57,-7.99,54,31.31,32.04,36,177.56,181.75,"['NAS (82 voli)', 'Carrier (50 voli)', 'Late Aircraft (47 voli)']"
CID,5,481,-3.9,-5.75,73,29.75,28.62,92,155.13,159.32,"['NAS (114 voli)', 'Late Aircraft (80 voli)', 'Carrier (75 voli)']"
CID,6,527,-3.78,-3.89,77,34.03,31.95,62,208.31,207.52,"['Carrier (102 voli)', 'NAS (83 voli)', 'Late Aircraft (75 voli)']"
CID,7,534,-3.5,-3.59,96,32.51,34.44,69,216.22,215.93,"['Carrier (125 voli)', 'NAS (108 voli)', 'Late Aircraft (87 voli)']"
CID,8,620,-4.15,-4.09,87,31.83,36.77,58,178.09,178.25,"['NAS (123 voli)', 'Carrier (108 voli)', 'Late Aircraft (59 voli)']"
CID,9,625,-4.78,-8.33,55,30.62,24.0,27,106.37,103.78,"['NAS (54 voli)', 'Carrier (53 voli)', 'Late Aircraft (33 voli)']"
CID,10,641,-4.71,-8.6,47,29.94,24.77,43,132.7,122.81,"['Carrier (61 voli)', 'NAS (47 voli)', 'Late Aircraft (41 voli)']"
CID,11,571,-4.36,-6.66,45,31.47,30.02,35,187.63,186.62,"['Carrier (71 voli)', 'NAS (57 voli)', 'Late Aircraft (31 voli)']"
CID,12,426,-1.76,-7.15,102,29.9,20.88,60,194.5,192.71,"['Carrier (87 voli)', 'NAS (77 voli)', 'Weather (65 voli)']"
CIU,1,36,-4.31,-8.06,3,39.33,14.5,13,249.46,250.08,"['Carrier (12 voli)', 'Weather (10 voli)', 'NAS (6 voli)']"
CIU,2,42,-4.83,-11.5,5,31.0,20.2,9,299.0,278.78,"['Carrier (14 voli)', 'NAS (2 voli)', 'Weather (2 voli)']"
CIU,3,49,-3.96,-12.67,1,21.0,19.0,7,229.43,214.0,"['Carrier (6 voli)', 'Weather (4 voli)', 'NAS (1 voli)']"
CIU,4,51,-5.94,-12.76,2,15.5,1.0,7,161.43,145.86,"['Carrier (8 voli)']"
CIU,5,53,-5.23,-13.94,3,31.67,22.67,5,202.6,197.6,"['Carrier (7 voli)', 'NAS (2 voli)', 'Weather (1 voli)']"
CIU,6,45,-5.51,-9.93,7,28.14,27.14,7,256.29,260.86,"['Carrier (8 voli)', 'NAS (7 voli)', 'Weather (6 voli)']"
CIU,7,50,-3.44,-4.52,4,35.25,30.5,7,167.71,159.57,"['Carrier (9 voli)', 'NAS (3 voli)', 'Weather (2 voli)']"
CIU,8,56,-4.63,-3.75,5,29.2,29.8,1,113.0,119.0,"['Carrier (7 voli)', 'NAS (5 voli)', 'Weather (2 voli)']"
CIU,9,50,-4.34,-10.86,0,NULL,NULL,8,113.0,110.25,"['Carrier (4 voli)', 'Weather (4 voli)', 'NAS (2 voli)']"
CIU,10,49,-4.88,-9.37,4,42.0,33.75,7,204.86,196.57,"['Carrier (11 voli)', 'NAS (3 voli)', 'Weather (1 voli)']"
CIU,11,50,-6.16,-9.74,4,31.25,32.25,2,125.0,121.0,"['Carrier (7 voli)', 'NAS (4 voli)', 'Weather (1 voli)']"
CIU,12,27,-2.33,-0.37,12,29.75,25.5,17,181.59,176.76,"['Carrier (28 voli)', 'NAS (13 voli)', 'Weather (4 voli)']"
CKB,1,13,-5.85,-5.77,1,36.0,31.0,1,1220.0,1235.0,"['Late Aircraft (1 voli)', 'NAS (1 voli)']"
CKB,2,9,-3.56,-11.22,3,29.33,25.33,1,202.0,200.0,"['Carrier (3 voli)', 'Late Aircraft (3 voli)', 'NAS (1 voli)']"
CKB,3,14,-1.43,-9.0,2,20.5,4.5,2,110.5,105.0,"['NAS (3 voli)', 'Carrier (1 voli)', 'Late Aircraft (1 voli)']"
CKB,4,12,-1.0,-8.42,1,37.0,23.0,3,103.67,117.33,"['Late Aircraft (3 voli)', 'Carrier (2 voli)', 'NAS (1 voli)']"
CKB,5,11,3.73,2.18,5,33.0,33.6,3,105.67,113.67,"['Late Aircraft (5 voli)', 'NAS (4 voli)', 'Carrier (3 voli)']"
CKB,6,21,-5.76,-5.81,8,43.0,45.0,2,120.5,117.0,"['Late Aircraft (10 voli)', 'Carrier (7 voli)', 'NAS (5 voli)']"
CKB,7,18,-4.72,-9.06,9,31.11,36.0,6,280.67,284.0,"['Late Aircraft (15 voli)', 'Carrier (11 voli)', 'NAS (9 voli)']"
CKB,8,11,-0.64,1.55,6,31.83,31.17,3,549.33,560.33,"['NAS (5 voli)', 'Carrier (4 voli)', 'Security (3 voli)']"
CKB,9,6,-2.67,3.83,3,21.33,24.67,0,NULL,NULL,"['Carrier (2 voli)', 'Late Aircraft (2 voli)', 'NAS (2 voli)']"
CKB,10,4,1.75,-2.25,2,25.0,12.5,2,72.0,76.0,"['Late Aircraft (3 voli)', 'Carrier (2 voli)', 'NAS (2 voli)']"
CKB,11,7,5.0,-2.43,1,17.0,12.0,1,78.0,79.0,"['Late Aircraft (2 voli)', 'NAS (2 voli)', 'Carrier (1 voli)']"
CKB,12,4,0.25,-6.0,3,20.33,16.67,3,113.33,111.33,"['Late Aircraft (5 voli)', 'Carrier (4 voli)', 'NAS (2 voli)']"
CLE,1,2098,-3.72,-7.77,388,31.58,27.98,272,169.54,166.47,"['Carrier (420 voli)', 'NAS (416 voli)', 'Late Aircraft (356 voli)']"
CLE,2,2347,-4.48,-12.35,249,30.63,19.28,102,131.73,122.57,"['NAS (167 voli)', 'Late Aircraft (165 voli)', 'Carrier (154 voli)']"
CLE,3,2585,-3.84,-9.83,375,32.49,24.83,248,143.85,139.24,"['NAS (349 voli)', 'Late Aircraft (322 voli)', 'Carrier (297 voli)']"
CLE,4,2653,-3.82,-9.97,339,32.06,24.29,187,153.3,148.26,"['Late Aircraft (289 voli)', 'Carrier (254 voli)', 'NAS (246 voli)']"
CLE,5,2859,-3.29,-7.74,406,32.31,28.66,289,149.08,147.53,"['NAS (427 voli)', 'Late Aircraft (378 voli)', 'Carrier (345 voli)']"
CLE,6,2788,-2.74,-8.11,493,31.44,26.47,330,156.18,150.52,"['Carrier (425 voli)', 'Late Aircraft (418 voli)', 'NAS (409 voli)']"
CLE,7,2711,-3.14,-7.68,518,31.76,27.61,397,162.64,158.33,"['Carrier (560 voli)', 'Late Aircraft (508 voli)', 'NAS (503 voli)']"
CLE,8,2748,-3.37,-8.26,434,31.07,26.89,236,167.83,168.91,"['NAS (446 voli)', 'Late Aircraft (346 voli)', 'Carrier (333 voli)']"
CLE,9,3033,-4.37,-9.88,250,31.34,27.4,100,166.27,162.28,"['NAS (223 voli)', 'Late Aircraft (196 voli)', 'Carrier (172 voli)']"
CLE,10,3074,-4.71,-11.28,229,30.48,22.82,117,143.07,134.56,"['Carrier (189 voli)', 'NAS (170 voli)', 'Late Aircraft (157 voli)']"
CLE,11,2655,-4.54,-10.79,247,30.97,21.96,139,139.77,133.8,"['NAS (214 voli)', 'Carrier (181 voli)', 'Late Aircraft (151 voli)']"
CLE,12,2400,-2.45,-7.23,432,31.1,25.05,222,124.85,122.18,"['NAS (417 voli)', 'Carrier (353 voli)', 'Late Aircraft (327 voli)']"
CLL,1,71,-5.66,-8.45,7,27.71,32.57,10,178.8,183.1,"['Weather (11 voli)', 'Carrier (8 voli)', 'NAS (8 voli)']"
CLL,2,80,-6.56,-7.61,3,21.0,30.33,2,174.0,163.0,"['NAS (9 voli)', 'Carrier (5 voli)', 'Late Aircraft (4 voli)']"
CLL,3,82,-6.84,-14.65,3,41.0,34.33,3,147.67,161.67,"['Late Aircraft (4 voli)', 'NAS (4 voli)', 'Weather (3 voli)']"
CLL,4,72,-5.03,-10.76,3,24.67,26.0,11,179.73,189.82,"['NAS (13 voli)', 'Late Aircraft (11 voli)', 'Weather (7 voli)']"
CLL,5,64,-5.17,-6.47,7,31.43,31.14,14,262.43,264.07,"['NAS (12 voli)', 'Weather (10 voli)', 'Carrier (8 voli)']"
CLL,6,70,-5.49,-10.77,11,33.27,32.82,7,146.14,148.0,"['Late Aircraft (11 voli)', 'NAS (9 voli)', 'Carrier (5 voli)']"
CLL,7,59,-4.27,-7.68,19,29.21,22.68,11,119.36,116.45,"['Late Aircraft (21 voli)', 'NAS (9 voli)', 'Carrier (9 voli)']"
CLL,8,75,-7.01,-8.67,11,31.64,26.45,6,222.83,218.5,"['Late Aircraft (11 voli)', 'NAS (7 voli)', 'Carrier (6 voli)']"
CLL,9,74,-5.95,-9.04,10,26.3,20.6,6,135.33,127.5,"['NAS (10 voli)', 'Late Aircraft (10 voli)', 'Carrier (4 voli)']"
CLL,10,103,-7.04,-12.3,5,36.4,35.6,9,187.89,183.0,"['Carrier (8 voli)', 'Late Aircraft (7 voli)', 'NAS (7 voli)']"
CLL,11,71,-6.96,-11.85,10,31.1,21.7,8,151.88,148.29,"['Late Aircraft (7 voli)', 'Carrier (6 voli)', 'Weather (5 voli)']"
CLL,12,66,-7.48,-10.95,9,35.78,28.89,13,137.85,134.69,"['Carrier (13 voli)', 'Weather (7 voli)', 'Late Aircraft (5 voli)']"
CLT,1,11532,-1.84,-6.14,2628,32.29,27.96,1655,136.27,132.78,"['Late Aircraft (2574 voli)', 'Carrier (2306 voli)', 'NAS (2004 voli)']"
CLT,2,12802,-2.36,-6.67,1887,30.84,25.97,711,125.89,120.13,"['Carrier (1704 voli)', 'NAS (1466 voli)', 'Late Aircraft (1429 voli)']"
CLT,3,12894,-1.53,-5.82,2785,31.1,26.55,1400,136.52,132.14,"['Carrier (2548 voli)', 'Late Aircraft (2478 voli)', 'NAS (2032 voli)']"
CLT,4,13610,-1.61,-4.4,2844,31.49,28.8,1487,133.41,130.54,"['Carrier (2734 voli)', 'Late Aircraft (2668 voli)', 'NAS (2400 voli)']"
CLT,5,12047,-0.86,-1.53,4002,32.69,33.66,2814,142.87,143.02,"['Late Aircraft (4640 voli)', 'Carrier (4504 voli)', 'NAS (4258 voli)']"
CLT,6,12550,-1.13,-6.26,3448,32.53,27.94,2258,146.13,141.31,"['Carrier (3511 voli)', 'Late Aircraft (3450 voli)', 'NAS (2398 voli)']"
CLT,7,9867,-0.72,-4.77,4024,33.84,31.08,4342,153.01,149.58,"['Late Aircraft (5917 voli)', 'Carrier (4897 voli)', 'NAS (3496 voli)']"
CLT,8,12464,-1.38,-6.16,3559,32.12,28.67,2400,149.48,145.1,"['Late Aircraft (3613 voli)', 'Carrier (3434 voli)', 'NAS (2590 voli)']"
CLT,9,14007,-1.97,-6.95,2554,31.47,26.46,1484,140.36,134.66,"['Late Aircraft (2429 voli)', 'Carrier (2126 voli)', 'NAS (1921 voli)']"
CLT,10,15379,-1.75,-7.98,2677,29.85,22.79,964,146.8,138.86,"['Carrier (2114 voli)', 'Late Aircraft (1957 voli)', 'NAS (1693 voli)']"
CLT,11,14719,-2.5,-6.99,1766,30.61,26.35,648,123.57,117.55,"['Carrier (1726 voli)', 'NAS (1586 voli)', 'Late Aircraft (1221 voli)']"
CLT,12,13111,-1.44,-5.56,2910,31.74,26.82,1473,131.92,126.08,"['Carrier (2765 voli)', 'Late Aircraft (2565 voli)', 'NAS (2104 voli)']"
CMH,1,2388,-3.16,-7.44,351,31.24,26.3,173,154.21,154.37,"['NAS (385 voli)', 'Carrier (260 voli)', 'Late Aircraft (253 voli)']"
CMH,2,2440,-3.49,-9.73,307,30.22,24.08,108,132.0,126.94,"['NAS (254 voli)', 'Carrier (176 voli)', 'Late Aircraft (149 voli)']"
CMH,3,2724,-2.88,-9.37,398,31.86,23.78,192,137.31,135.33,"['NAS (343 voli)', 'Late Aircraft (285 voli)', 'Carrier (280 voli)']"
CMH,4,2795,-3.12,-8.68,300,30.8,23.73,177,129.88,125.06,"['NAS (256 voli)', 'Late Aircraft (251 voli)', 'Carrier (237 voli)']"
CMH,5,2805,-2.54,-7.72,428,32.12,28.79,284,131.52,133.9,"['NAS (405 voli)', 'Late Aircraft (388 voli)', 'Carrier (347 voli)']"
CMH,6,2887,-2.53,-8.73,406,30.66,24.54,247,145.87,142.66,"['Carrier (328 voli)', 'NAS (326 voli)', 'Late Aircraft (322 voli)']"
CMH,7,2831,-3.17,-7.98,484,31.4,27.72,348,152.86,150.53,"['Carrier (501 voli)', 'NAS (446 voli)', 'Late Aircraft (436 voli)']"
CMH,8,2917,-3.1,-8.6,407,31.28,27.44,265,163.9,162.49,"['NAS (402 voli)', 'Late Aircraft (354 voli)', 'Carrier (338 voli)']"
CMH,9,3056,-4.05,-8.59,265,30.42,25.59,134,164.64,161.36,"['NAS (250 voli)', 'Late Aircraft (200 voli)', 'Carrier (184 voli)']"
CMH,10,3307,-4.17,-10.7,268,29.53,20.66,97,164.44,156.95,"['NAS (174 voli)', 'Carrier (172 voli)', 'Late Aircraft (162 voli)']"
CMH,11,3073,-3.78,-10.51,271,29.89,22.61,134,126.02,124.62,"['NAS (261 voli)', 'Carrier (211 voli)', 'Late Aircraft (163 voli)']"
CMH,12,2756,-1.89,-9.23,474,31.13,24.31,184,152.87,147.83,"['Carrier (341 voli)', 'NAS (332 voli)', 'Late Aircraft (294 voli)']"
CMI,1,70,-3.59,-8.73,17,30.29,28.88,12,179.08,173.58,"['Weather (27 voli)', 'Late Aircraft (13 voli)', 'NAS (11 voli)']"
CMI,2,96,-4.32,-11.39,11,35.55,34.0,2,141.0,139.5,"['Late Aircraft (6 voli)', 'NAS (6 voli)', 'Carrier (4 voli)']"
CMI,3,97,-3.66,-11.23,12,30.0,34.25,10,264.8,250.0,"['Late Aircraft (11 voli)', 'NAS (11 voli)', 'Carrier (9 voli)']"
CMI,4,97,-3.38,-9.48,12,29.58,18.58,8,314.38,316.25,"['Carrier (13 voli)', 'NAS (12 voli)', 'Late Aircraft (9 voli)']"
CMI,5,81,-3.7,-5.78,19,32.89,28.58,21,171.38,176.24,"['NAS (25 voli)', 'Late Aircraft (23 voli)', 'Carrier (17 voli)']"
CMI,6,81,-3.68,-13.11,15,31.67,28.6,14,200.07,191.21,"['Late Aircraft (17 voli)', 'Carrier (12 voli)', 'NAS (11 voli)']"
CMI,7,93,-4.6,-11.1,21,34.81,33.24,6,126.5,124.2,"['Late Aircraft (15 voli)', 'Carrier (13 voli)', 'NAS (9 voli)']"
CMI,8,102,-4.0,-13.47,13,28.85,17.69,9,123.22,114.89,"['Late Aircraft (13 voli)', 'Carrier (7 voli)', 'NAS (3 voli)']"
CMI,9,86,-3.57,-6.43,8,32.0,17.38,13,229.15,223.62,"['NAS (15 voli)', 'Late Aircraft (11 voli)', 'Carrier (8 voli)']"
CMI,10,105,-4.9,-14.7,5,33.2,31.8,1,244.0,254.0,"['Carrier (5 voli)', 'NAS (5 voli)', 'Late Aircraft (2 voli)']"
CMI,11,70,-4.8,-14.51,6,34.67,28.33,4,194.25,205.5,"['NAS (7 voli)', 'Carrier (5 voli)', 'Late Aircraft (5 voli)']"
CMI,12,68,-3.28,-8.4,10,42.7,33.0,7,143.29,133.57,"['Carrier (11 voli)', 'NAS (10 voli)', 'Late Aircraft (7 voli)']"
CMX,1,31,-5.48,-6.94,2,24.5,33.0,9,112.78,97.22,"['Weather (15 voli)', 'Carrier (6 voli)', 'Late Aircraft (5 voli)']"
CMX,2,42,-8.67,-10.74,3,42.0,29.67,3,82.0,79.33,"['Carrier (7 voli)', 'NAS (3 voli)', 'Weather (3 voli)']"
CMX,3,48,-8.08,-12.17,5,38.4,28.6,4,254.75,247.0,"['Carrier (5 voli)', 'NAS (5 voli)', 'Late Aircraft (3 voli)']"
CMX,4,40,-9.0,-11.6,5,40.8,29.6,12,111.08,104.08,"['Late Aircraft (7 voli)', 'Weather (7 voli)', 'Carrier (5 voli)']"
CMX,5,36,-6.47,-8.14,11,30.0,26.4,11,221.64,217.91,"['Late Aircraft (10 voli)', 'Carrier (9 voli)', 'NAS (7 voli)']"
CMX,6,48,-7.69,-10.15,5,44.8,33.4,6,121.5,121.5,"['Late Aircraft (6 voli)', 'Carrier (5 voli)', 'NAS (4 voli)']"
CMX,7,54,-8.13,-6.09,2,56.0,45.5,6,177.67,178.17,"['Carrier (5 voli)', 'Late Aircraft (2 voli)', 'NAS (2 voli)']"
CMX,8,38,-7.16,-6.16,13,38.46,35.62,11,98.91,98.09,"['Carrier (12 voli)', 'NAS (11 voli)', 'Late Aircraft (8 voli)']"
CMX,9,44,-7.3,-3.95,12,30.83,30.08,4,188.0,176.5,"['Carrier (11 voli)', 'Late Aircraft (8 voli)', 'NAS (3 voli)']"
CMX,10,53,-6.11,-1.45,7,35.29,28.71,2,156.0,141.0,"['Carrier (9 voli)', 'Late Aircraft (6 voli)', 'NAS (4 voli)']"
CMX,11,42,-8.62,-8.86,6,34.0,37.0,7,353.43,348.14,"['Carrier (7 voli)', 'NAS (6 voli)', 'Weather (5 voli)']"
CMX,12,35,-5.09,6.14,9,35.22,38.22,10,217.5,209.5,"['NAS (12 voli)', 'Weather (12 voli)', 'Carrier (11 voli)']"
CNY,1,25,-10.44,-13.84,1,47.0,35.0,2,161.5,145.5,"['Weather (2 voli)', 'Late Aircraft (2 voli)', 'Carrier (1 voli)']"
COD,5,20,-2.5,-6.05,5,30.4,23.2,3,98.0,93.67,"['NAS (5 voli)', 'Late Aircraft (3 voli)', 'Weather (2 voli)']"
COD,6,67,-4.31,-6.79,15,33.07,36.14,11,156.73,147.82,"['Carrier (19 voli)', 'NAS (12 voli)', 'Late Aircraft (8 voli)']"
COD,7,89,-4.96,-13.67,16,31.94,23.31,12,188.42,182.83,"['Late Aircraft (10 voli)', 'Carrier (9 voli)', 'NAS (7 voli)']"
COD,8,75,-5.27,-9.59,17,28.94,22.94,18,162.56,158.22,"['NAS (18 voli)', 'Carrier (14 voli)', 'Late Aircraft (8 voli)']"
COD,9,55,-3.6,-13.16,16,31.63,23.0,10,171.9,160.1,"['Carrier (12 voli)', 'NAS (5 voli)', 'Late Aircraft (5 voli)']"
COD,10,49,-3.76,-13.88,7,32.43,30.0,1,83.0,91.0,"['Carrier (4 voli)', 'NAS (4 voli)', 'Weather (2 voli)']"
COD,11,41,-5.17,-10.78,4,41.5,29.25,8,167.63,168.13,"['Carrier (9 voli)', 'NAS (8 voli)', 'Weather (6 voli)']"
COD,12,47,-6.21,-14.49,4,25.5,11.5,1,96.0,78.0,"['Carrier (5 voli)', 'NAS (2 voli)', 'Late Aircraft (1 voli)']"
COS,1,759,-3.29,-6.08,106,31.06,24.68,64,182.33,170.98,"['NAS (97 voli)', 'Carrier (82 voli)', 'Late Aircraft (82 voli)']"
COS,2,691,-3.38,-7.78,76,35.88,35.72,48,187.56,191.04,"['NAS (99 voli)', 'Late Aircraft (70 voli)', 'Carrier (56 voli)']"
COS,3,783,-3.2,-7.67,96,30.57,30.77,46,124.0,120.82,"['NAS (103 voli)', 'Late Aircraft (79 voli)', 'Carrier (69 voli)']"
COS,4,805,-3.64,-8.82,96,32.03,29.56,51,132.73,131.88,"['Late Aircraft (79 voli)', 'NAS (74 voli)', 'Carrier (73 voli)']"
COS,5,793,-2.7,-8.93,139,32.19,28.78,104,154.64,154.25,"['Late Aircraft (123 voli)', 'Carrier (116 voli)', 'NAS (111 voli)']"
COS,6,926,-3.23,-7.56,145,30.89,26.76,75,129.27,128.75,"['Late Aircraft (122 voli)', 'Carrier (121 voli)', 'NAS (104 voli)']"
COS,7,922,-2.89,-8.0,180,30.52,26.5,91,158.02,156.58,"['Late Aircraft (157 voli)', 'Carrier (143 voli)', 'NAS (115 voli)']"
COS,8,882,-3.89,-9.42,123,32.48,26.96,106,150.78,142.14,"['Late Aircraft (118 voli)', 'Carrier (112 voli)', 'NAS (88 voli)']"
COS,9,879,-4.1,-9.71,112,32.13,23.18,50,186.68,181.32,"['Carrier (73 voli)', 'Late Aircraft (63 voli)', 'NAS (56 voli)']"
COS,10,974,-4.02,-10.29,87,31.32,23.13,56,142.59,133.98,"['Carrier (77 voli)', 'Late Aircraft (50 voli)', 'NAS (46 voli)']"
COS,11,847,-3.66,-7.19,78,33.55,32.22,53,131.02,131.13,"['NAS (111 voli)', 'Carrier (95 voli)', 'Late Aircraft (62 voli)']"
COS,12,822,-4.1,-11.68,119,30.17,22.36,51,157.76,156.76,"['Late Aircraft (81 voli)', 'Carrier (77 voli)', 'NAS (44 voli)']"
COU,1,76,-3.18,-7.14,12,29.5,31.92,17,151.18,149.94,"['Weather (32 voli)', 'NAS (23 voli)', 'Late Aircraft (12 voli)']"
COU,2,107,-4.28,-9.07,12,22.42,13.5,4,106.25,102.5,"['NAS (10 voli)', 'Late Aircraft (7 voli)', 'Carrier (5 voli)']"
COU,3,120,-4.26,-7.93,15,31.07,26.53,9,98.22,106.56,"['NAS (14 voli)', 'Late Aircraft (10 voli)', 'Weather (9 voli)']"
COU,4,104,-4.04,-4.31,11,38.36,38.36,6,102.17,115.5,"['NAS (15 voli)', 'Late Aircraft (12 voli)', 'Weather (9 voli)']"
COU,5,104,-2.9,0.7,21,30.0,42.81,19,138.84,144.53,"['NAS (36 voli)', 'Late Aircraft (30 voli)', 'Carrier (27 voli)']"
COU,6,103,-3.4,-9.0,31,29.77,23.39,27,102.41,97.7,"['Late Aircraft (39 voli)', 'Carrier (25 voli)', 'NAS (21 voli)']"
COU,7,128,-3.22,-2.88,30,33.47,29.97,23,120.17,121.04,"['Late Aircraft (46 voli)', 'NAS (28 voli)', 'Carrier (21 voli)']"
COU,8,145,-5.1,-7.71,23,28.39,21.61,6,250.5,246.0,"['Carrier (19 voli)', 'NAS (15 voli)', 'Late Aircraft (14 voli)']"
COU,9,107,-3.81,-7.19,17,31.88,22.88,6,156.83,152.67,"['NAS (15 voli)', 'Carrier (14 voli)', 'Late Aircraft (14 voli)']"
COU,10,141,-4.52,-11.55,16,29.25,20.69,6,126.33,114.17,"['Carrier (13 voli)', 'NAS (10 voli)', 'Late Aircraft (6 voli)']"
COU,11,99,-2.21,-5.95,23,29.04,36.0,8,218.88,213.38,"['NAS (19 voli)', 'Carrier (13 voli)', 'Weather (12 voli)']"
COU,12,90,-1.12,-5.23,26,30.92,34.04,21,229.71,229.0,"['Carrier (29 voli)', 'NAS (24 voli)', 'Late Aircraft (18 voli)']"
CPR,1,55,-4.87,-8.4,2,23.0,7.0,2,146.5,131.5,"['Carrier (4 voli)', 'Late Aircraft (1 voli)', 'NAS (1 voli)']"
CPR,2,22,-3.82,-15.09,0,NULL,NULL,0,NULL,NULL,"[]"
CPR,3,27,-2.96,-13.11,3,27.0,17.67,0,NULL,NULL,"['Carrier (2 voli)', 'NAS (1 voli)']"
CPR,4,30,-2.83,-16.2,0,NULL,NULL,0,NULL,NULL,"[]"
CPR,5,76,-5.13,-12.82,6,26.0,11.17,6,224.0,206.5,"['Carrier (4 voli)', 'NAS (4 voli)', 'Weather (4 voli)']"
CPR,6,145,-3.72,-10.81,38,28.95,18.45,17,159.06,152.47,"['Carrier (23 voli)', 'NAS (17 voli)', 'Late Aircraft (16 voli)']"
CPR,7,195,-5.4,-13.27,17,36.47,22.65,13,157.31,145.23,"['Carrier (19 voli)', 'Late Aircraft (9 voli)', 'NAS (7 voli)']"
CPR,8,180,-3.98,-11.79,26,29.96,17.0,21,142.81,137.33,"['Carrier (18 voli)', 'NAS (14 voli)', 'Late Aircraft (11 voli)']"
CPR,9,178,-5.97,-14.33,11,28.64,21.09,10,128.7,112.5,"['Carrier (13 voli)', 'Late Aircraft (5 voli)', 'NAS (5 voli)']"
CPR,10,162,-5.8,-11.48,19,35.95,30.37,7,250.43,253.43,"['Carrier (24 voli)', 'NAS (9 voli)', 'Late Aircraft (4 voli)']"
CPR,11,151,-5.98,-8.31,13,37.08,35.77,13,134.38,132.85,"['Carrier (20 voli)', 'NAS (16 voli)', 'Late Aircraft (13 voli)']"
CPR,12,151,-6.14,-11.27,11,31.0,13.18,5,182.0,180.0,"['Carrier (16 voli)', 'NAS (6 voli)', 'Late Aircraft (3 voli)']"
CRP,1,250,-5.24,-8.55,27,29.0,32.41,33,141.3,151.06,"['Late Aircraft (46 voli)', 'NAS (41 voli)', 'Weather (18 voli)']"
CRP,2,286,-6.4,-8.03,23,31.57,28.3,4,128.75,119.25,"['NAS (18 voli)', 'Late Aircraft (11 voli)', 'Carrier (10 voli)']"
CRP,3,278,-5.66,-9.46,32,33.0,27.78,14,156.43,160.93,"['Late Aircraft (29 voli)', 'NAS (20 voli)', 'Carrier (17 voli)']"
CRP,4,267,-4.5,-8.73,22,33.18,33.05,22,141.14,148.05,"['NAS (36 voli)', 'Late Aircraft (32 voli)', 'Carrier (11 voli)']"
CRP,5,217,-3.14,-3.23,48,33.73,33.15,48,151.42,159.55,"['NAS (76 voli)', 'Late Aircraft (72 voli)', 'Weather (37 voli)']"
CRP,6,231,-3.85,-5.91,50,32.88,29.54,27,154.37,158.11,"['Late Aircraft (50 voli)', 'NAS (38 voli)', 'Carrier (27 voli)']"
CRP,7,278,-3.49,-4.83,46,31.35,30.17,32,124.06,134.42,"['Late Aircraft (67 voli)', 'NAS (52 voli)', 'Weather (30 voli)']"
CRP,8,293,-4.79,-6.07,15,34.07,30.33,10,157.9,156.2,"['NAS (23 voli)', 'Late Aircraft (15 voli)', 'Carrier (14 voli)']"
CRP,9,278,-5.17,-7.05,19,28.05,24.05,7,210.71,210.43,"['NAS (27 voli)', 'Late Aircraft (16 voli)', 'Carrier (8 voli)']"
CRP,10,296,-4.92,-9.28,21,30.19,23.62,7,96.29,89.71,"['NAS (18 voli)', 'Late Aircraft (13 voli)', 'Carrier (13 voli)']"
CRP,11,289,-4.81,-9.4,27,32.63,28.42,11,170.0,170.82,"['Weather (17 voli)', 'Carrier (16 voli)', 'Late Aircraft (15 voli)']"
CRP,12,234,-3.39,-7.84,28,33.32,29.04,27,185.44,191.74,"['NAS (31 voli)', 'Late Aircraft (27 voli)', 'Carrier (23 voli)']"
CRW,1,156,-3.96,-4.22,35,31.0,28.88,46,218.91,223.28,"['NAS (53 voli)', 'Carrier (45 voli)', 'Weather (34 voli)']"
CRW,2,196,-4.83,-8.96,20,23.6,18.05,22,223.82,212.27,"['Carrier (35 voli)', 'NAS (16 voli)', 'Late Aircraft (9 voli)']"
CRW,3,206,-4.92,-9.99,23,28.17,23.35,16,188.06,180.0,"['NAS (24 voli)', 'Carrier (22 voli)', 'Late Aircraft (22 voli)']"
CRW,4,206,-4.33,-7.02,36,32.47,25.09,17,159.53,151.88,"['Carrier (41 voli)', 'NAS (27 voli)', 'Late Aircraft (24 voli)']"
CRW,5,206,-3.99,-8.08,43,35.26,32.07,32,205.19,211.13,"['NAS (41 voli)', 'Carrier (32 voli)', 'Late Aircraft (28 voli)']"
CRW,6,228,-4.61,-10.85,21,32.9,27.05,35,207.51,199.26,"['Carrier (40 voli)', 'NAS (20 voli)', 'Late Aircraft (16 voli)']"
CRW,7,182,-4.38,-9.15,41,34.27,34.78,56,185.39,180.96,"['Carrier (62 voli)', 'NAS (38 voli)', 'Late Aircraft (32 voli)']"
CRW,8,205,-4.57,-7.08,46,31.59,26.8,33,134.67,132.06,"['Carrier (49 voli)', 'NAS (42 voli)', 'Late Aircraft (28 voli)']"
CRW,9,221,-6.23,-11.86,25,32.16,28.4,38,182.76,181.05,"['Carrier (34 voli)', 'Late Aircraft (26 voli)', 'NAS (19 voli)']"
CRW,10,272,-6.22,-7.95,26,30.5,23.31,18,145.89,133.0,"['NAS (36 voli)', 'Carrier (29 voli)', 'Late Aircraft (22 voli)']"
CRW,11,223,-5.37,-8.85,40,31.35,23.53,14,187.0,180.79,"['Carrier (27 voli)', 'NAS (24 voli)', 'Late Aircraft (21 voli)']"
CRW,12,169,-3.54,-8.38,31,28.97,21.58,38,129.66,124.3,"['Carrier (45 voli)', 'NAS (29 voli)', 'Late Aircraft (27 voli)']"
CSG,1,59,-2.36,-3.27,7,37.43,36.43,14,211.5,211.29,"['Carrier (22 voli)', 'NAS (14 voli)', 'Weather (5 voli)']"
CSG,2,67,-3.24,-6.45,4,31.75,26.25,7,184.57,177.0,"['Carrier (11 voli)', 'NAS (3 voli)', 'Weather (3 voli)']"
CSG,3,78,-3.42,-9.08,6,25.33,21.0,3,103.33,99.33,"['Carrier (9 voli)', 'NAS (5 voli)', 'Late Aircraft (2 voli)']"
CSG,4,74,-3.69,-11.91,4,34.75,30.75,6,157.17,156.33,"['Carrier (9 voli)', 'NAS (3 voli)']"
CSG,5,65,-3.09,-11.28,10,38.4,31.4,12,136.92,135.83,"['Carrier (14 voli)', 'NAS (8 voli)', 'Weather (8 voli)']"
CSG,6,67,-3.78,-7.66,9,30.56,24.89,6,113.83,111.33,"['Carrier (10 voli)', 'NAS (7 voli)', 'Late Aircraft (5 voli)']"
CSG,7,58,-3.55,-6.72,7,32.43,32.0,13,138.77,135.69,"['Late Aircraft (15 voli)', 'Carrier (12 voli)', 'NAS (8 voli)']"
CSG,8,67,-5.63,-12.0,8,35.0,29.63,5,130.8,133.6,"['NAS (9 voli)', 'Carrier (8 voli)', 'Late Aircraft (6 voli)']"
CSG,9,69,-4.61,-11.72,4,25.0,23.0,4,135.25,126.75,"['Carrier (6 voli)', 'NAS (5 voli)', 'Late Aircraft (5 voli)']"
CSG,10,77,-4.84,-12.55,4,26.25,14.5,3,141.0,131.0,"['Carrier (5 voli)', 'Late Aircraft (4 voli)', 'NAS (2 voli)']"
CSG,11,71,-5.46,-10.07,5,42.0,41.4,4,489.0,498.75,"['Late Aircraft (8 voli)', 'Carrier (7 voli)', 'NAS (6 voli)']"
CSG,12,65,-3.46,-10.45,4,32.0,26.75,4,106.0,109.0,"['Late Aircraft (7 voli)', 'NAS (5 voli)', 'Carrier (2 voli)']"
CVG,1,2283,-3.58,-6.93,305,32.32,27.69,224,160.08,165.29,"['NAS (384 voli)', 'Carrier (276 voli)', 'Late Aircraft (251 voli)']"
CVG,2,2432,-4.09,-10.2,225,28.9,21.65,105,132.05,128.47,"['NAS (214 voli)', 'Carrier (145 voli)', 'Late Aircraft (125 voli)']"
CVG,3,2861,-3.92,-9.59,329,31.98,27.18,196,145.05,142.53,"['NAS (317 voli)', 'Late Aircraft (276 voli)', 'Carrier (219 voli)']"
CVG,4,2902,-3.67,-9.33,352,32.09,25.66,197,159.5,157.03,"['NAS (300 voli)', 'Late Aircraft (269 voli)', 'Carrier (260 voli)']"
CVG,5,2836,-2.93,-7.24,465,31.52,27.81,301,152.72,152.48,"['NAS (466 voli)', 'Late Aircraft (397 voli)', 'Carrier (368 voli)']"
CVG,6,2804,-2.95,-7.4,442,32.81,28.59,285,165.39,163.79,"['NAS (412 voli)', 'Carrier (394 voli)', 'Late Aircraft (362 voli)']"
CVG,7,2605,-3.13,-6.46,507,32.72,30.56,435,162.73,160.94,"['Carrier (631 voli)', 'NAS (536 voli)', 'Late Aircraft (508 voli)']"
CVG,8,2722,-3.91,-8.13,408,32.52,31.74,307,143.39,142.88,"['NAS (450 voli)', 'Carrier (392 voli)', 'Late Aircraft (374 voli)']"
CVG,9,2829,-4.02,-7.87,280,32.43,28.41,151,151.97,150.74,"['NAS (290 voli)', 'Carrier (241 voli)', 'Late Aircraft (223 voli)']"
CVG,10,3095,-4.25,-9.69,232,30.18,25.2,126,142.9,138.36,"['Carrier (216 voli)', 'NAS (191 voli)', 'Late Aircraft (170 voli)']"
CVG,11,2716,-4.48,-9.66,231,30.65,26.87,145,130.68,130.63,"['NAS (274 voli)', 'Carrier (234 voli)', 'Late Aircraft (163 voli)']"
CVG,12,2458,-2.58,-7.62,413,31.29,25.51,213,160.58,156.93,"['NAS (358 voli)', 'Carrier (332 voli)', 'Late Aircraft (279 voli)']"
CWA,1,49,-5.12,-13.82,0,NULL,NULL,6,175.67,160.83,"['Late Aircraft (5 voli)', 'Carrier (2 voli)', 'Weather (2 voli)']"
CWA,2,45,-6.24,-18.73,3,44.0,41.33,1,157.0,181.0,"['NAS (2 voli)', 'Late Aircraft (1 voli)', 'Carrier (1 voli)']"
CWA,3,49,-4.76,-14.8,0,NULL,NULL,3,211.33,203.0,"['Carrier (3 voli)', 'Late Aircraft (3 voli)', 'NAS (1 voli)']"
CWA,4,56,-6.93,-16.55,2,36.0,17.5,0,NULL,NULL,"['Carrier (1 voli)', 'NAS (1 voli)']"
CWA,5,59,-5.44,-11.17,2,37.0,41.0,1,91.0,109.0,"['NAS (5 voli)', 'Weather (2 voli)', 'Late Aircraft (1 voli)']"
CWA,6,48,-4.85,2.35,5,26.0,35.0,7,118.14,123.29,"['NAS (17 voli)', 'Late Aircraft (10 voli)', 'Carrier (3 voli)']"
CWA,7,55,-4.27,-0.98,3,40.33,39.0,3,127.0,116.67,"['Carrier (5 voli)', 'NAS (4 voli)', 'Late Aircraft (3 voli)']"
CWA,8,51,-5.55,-1.73,7,27.29,20.0,3,162.67,153.0,"['NAS (7 voli)', 'Late Aircraft (6 voli)', 'Carrier (4 voli)']"
CWA,9,54,-4.7,-9.59,1,17.0,12.0,1,201.0,186.0,"['NAS (2 voli)', 'Carrier (1 voli)', 'Late Aircraft (1 voli)']"
CWA,10,54,-6.91,-18.44,6,28.17,17.17,1,91.0,70.0,"['Carrier (3 voli)', 'Late Aircraft (2 voli)', 'NAS (1 voli)']"
CWA,11,52,-6.67,-14.88,2,33.5,19.5,1,155.0,126.0,"['Carrier (3 voli)', 'NAS (2 voli)', 'Late Aircraft (1 voli)']"
CWA,12,36,-4.78,-13.58,7,28.29,30.29,7,166.86,150.86,"['Late Aircraft (10 voli)', 'Carrier (8 voli)', 'NAS (6 voli)']"
CYS,1,28,-6.64,-22.36,5,30.2,5.0,2,170.0,149.5,"['Weather (4 voli)', 'Carrier (2 voli)', 'Late Aircraft (1 voli)']"
CYS,2,32,-5.28,-19.16,2,32.5,31.5,5,158.2,165.2,"['NAS (4 voli)', 'Weather (4 voli)', 'Late Aircraft (2 voli)']"
CYS,3,50,-6.82,-15.92,0,NULL,NULL,2,292.5,287.0,"['Weather (4 voli)', 'NAS (3 voli)', 'Carrier (2 voli)']"
CYS,4,48,-6.1,-8.21,4,30.25,32.5,3,341.0,359.67,"['NAS (7 voli)', 'Weather (5 voli)', 'Late Aircraft (2 voli)']"
CYS,5,50,-6.4,-11.0,3,32.33,27.0,4,180.75,172.75,"['NAS (4 voli)', 'Carrier (2 voli)', 'Weather (2 voli)']"
CYS,6,43,-5.16,-19.93,3,25.67,23.0,3,512.0,501.0,"['Carrier (4 voli)', 'Late Aircraft (1 voli)', 'NAS (1 voli)']"
CYS,7,47,-6.43,-17.83,1,27.0,9.0,5,168.2,155.8,"['Carrier (2 voli)', 'Late Aircraft (2 voli)', 'Weather (1 voli)']"
CYS,8,44,-6.14,-14.84,1,30.0,15.0,5,187.0,186.6,"['Late Aircraft (5 voli)', 'NAS (3 voli)', 'Weather (1 voli)']"
CYS,9,49,-6.9,-14.27,2,27.0,31.5,5,166.2,159.4,"['Late Aircraft (5 voli)', 'NAS (3 voli)', 'Carrier (2 voli)']"
CYS,10,52,-7.25,-15.52,1,37.0,48.0,4,135.25,128.25,"['Carrier (3 voli)', 'Late Aircraft (2 voli)', 'NAS (2 voli)']"
CYS,11,46,-5.98,-9.87,3,38.33,36.67,1,140.0,130.0,"['Carrier (4 voli)', 'Weather (4 voli)', 'NAS (3 voli)']"
CYS,12,54,-7.26,-12.91,1,26.0,7.0,1,284.0,281.0,"['NAS (1 voli)', 'Carrier (1 voli)', 'Late Aircraft (1 voli)']"
DAB,1,170,-3.36,-11.8,13,32.15,23.69,15,213.6,204.4,"['Late Aircraft (17 voli)', 'Carrier (14 voli)', 'NAS (6 voli)']"
DAB,2,196,-4.91,-11.02,21,31.05,21.9,9,167.0,157.56,"['Carrier (13 voli)', 'Late Aircraft (13 voli)', 'NAS (5 voli)']"
DAB,3,217,-4.22,-7.87,25,36.48,27.08,14,131.5,134.71,"['Late Aircraft (27 voli)', 'Carrier (13 voli)', 'NAS (13 voli)']"
DAB,4,218,-5.18,-9.58,13,31.0,26.15,13,296.23,287.23,"['Late Aircraft (19 voli)', 'Carrier (12 voli)', 'NAS (10 voli)']"
DAB,5,199,-3.65,-7.31,38,29.63,28.71,31,126.39,124.97,"['Late Aircraft (44 voli)', 'NAS (32 voli)', 'Carrier (30 voli)']"
DAB,6,207,-4.86,-12.41,18,34.22,29.0,12,135.33,126.75,"['Late Aircraft (18 voli)', 'Carrier (13 voli)', 'Weather (7 voli)']"
DAB,7,168,-5.37,-9.35,34,35.65,36.82,29,193.97,198.28,"['Late Aircraft (47 voli)', 'NAS (33 voli)', 'Carrier (25 voli)']"
DAB,8,196,-5.3,-12.33,17,37.88,29.47,17,147.18,144.88,"['Late Aircraft (25 voli)', 'Weather (19 voli)', 'NAS (16 voli)']"
DAB,9,184,-6.09,-12.93,21,31.9,25.76,14,145.07,133.5,"['Late Aircraft (22 voli)', 'Carrier (13 voli)', 'Weather (8 voli)']"
DAB,10,203,-7.68,-13.84,6,31.0,18.83,6,128.0,111.83,"['Weather (19 voli)', 'Late Aircraft (7 voli)', 'Carrier (6 voli)']"
DAB,11,193,-6.82,-12.89,11,30.09,22.18,4,134.0,131.5,"['Late Aircraft (9 voli)', 'NAS (7 voli)', 'Carrier (2 voli)']"
DAB,12,193,-5.21,-10.96,26,33.96,26.88,15,161.27,154.47,"['Carrier (29 voli)', 'Late Aircraft (24 voli)', 'NAS (12 voli)']"
DAL,1,4204,0.14,-7.11,1237,30.72,24.41,339,113.25,110.42,"['Late Aircraft (963 voli)', 'Carrier (915 voli)', 'NAS (562 voli)']"
DAL,2,4573,-0.62,-6.8,776,28.86,22.57,150,103.15,96.84,"['Carrier (535 voli)', 'Late Aircraft (482 voli)', 'NAS (396 voli)']"
DAL,3,4552,-0.13,-7.41,1223,30.24,24.96,413,110.72,106.4,"['Late Aircraft (988 voli)', 'Carrier (798 voli)', 'NAS (613 voli)']"
DAL,4,4393,0.21,-6.88,1102,30.3,25.01,497,136.53,133.63,"['Late Aircraft (1009 voli)', 'Carrier (819 voli)', 'NAS (585 voli)']"
DAL,5,3707,1.24,-3.55,1471,31.71,28.46,818,137.84,135.59,"['Late Aircraft (1583 voli)', 'Carrier (1338 voli)', 'NAS (931 voli)']"
DAL,6,4241,0.89,-3.97,1426,30.56,25.37,567,119.22,115.36,"['Late Aircraft (1258 voli)', 'Carrier (1167 voli)', 'NAS (684 voli)']"
DAL,7,4203,0.76,-5.21,1584,30.28,24.92,580,111.7,107.93,"['Late Aircraft (1396 voli)', 'Carrier (1239 voli)', 'NAS (636 voli)']"
DAL,8,4592,-0.77,-7.04,968,30.7,24.68,293,109.5,105.22,"['Late Aircraft (758 voli)', 'Carrier (659 voli)', 'NAS (433 voli)']"
DAL,9,4596,-0.84,-5.36,798,29.63,24.58,179,96.06,89.79,"['Late Aircraft (628 voli)', 'Carrier (558 voli)', 'NAS (489 voli)']"
DAL,10,5099,-0.76,-6.08,835,27.94,23.12,161,99.43,93.21,"['Late Aircraft (590 voli)', 'Carrier (583 voli)', 'NAS (428 voli)']"
DAL,11,4782,-0.88,-7.21,903,29.28,24.87,222,134.82,130.73,"['Late Aircraft (674 voli)', 'Carrier (606 voli)', 'NAS (439 voli)']"
DAL,12,4397,0.07,-6.54,1121,30.49,25.38,646,150.73,148.13,"['Late Aircraft (1175 voli)', 'Carrier (942 voli)', 'NAS (647 voli)']"
DAY,1,431,-5.49,-7.6,38,35.95,35.37,61,143.18,142.21,"['NAS (72 voli)', 'Late Aircraft (61 voli)', 'Carrier (51 voli)']"
DAY,2,441,-5.97,-10.39,35,28.71,27.4,32,158.91,155.13,"['Carrier (50 voli)', 'NAS (40 voli)', 'Late Aircraft (34 voli)']"
DAY,3,546,-6.5,-11.32,27,29.89,30.33,33,148.24,146.76,"['NAS (48 voli)', 'Late Aircraft (39 voli)', 'Carrier (24 voli)']"
DAY,4,582,-6.18,-9.18,40,34.13,30.78,43,162.65,158.21,"['NAS (53 voli)', 'Late Aircraft (44 voli)', 'Carrier (43 voli)']"
DAY,5,556,-5.38,-9.56,55,34.27,36.48,74,159.69,160.07,"['NAS (82 voli)', 'Late Aircraft (75 voli)', 'Carrier (50 voli)']"
DAY,6,484,-5.55,-12.64,66,31.3,26.08,41,202.37,199.28,"['Late Aircraft (51 voli)', 'Carrier (44 voli)', 'NAS (37 voli)']"
DAY,7,465,-5.59,-10.48,60,32.7,30.46,70,165.86,163.33,"['NAS (74 voli)', 'Carrier (68 voli)', 'Late Aircraft (67 voli)']"
DAY,8,495,-6.02,-11.6,50,32.9,27.28,54,154.74,149.56,"['Late Aircraft (57 voli)', 'NAS (56 voli)', 'Carrier (48 voli)']"
DAY,9,551,-7.27,-11.35,47,30.0,27.19,33,162.21,160.47,"['NAS (45 voli)', 'Late Aircraft (42 voli)', 'Carrier (37 voli)']"
DAY,10,548,-6.75,-12.73,26,34.04,23.4,24,179.29,169.17,"['Carrier (38 voli)', 'Late Aircraft (23 voli)', 'NAS (17 voli)']"
DAY,11,516,-5.94,-11.1,34,29.29,21.55,22,172.95,164.59,"['Carrier (33 voli)', 'NAS (33 voli)', 'Late Aircraft (30 voli)']"
DAY,12,426,-4.4,-10.01,66,33.27,24.48,54,149.19,143.57,"['Late Aircraft (68 voli)', 'Carrier (62 voli)', 'NAS (51 voli)']"
DCA,1,7615,-3.63,-8.95,1332,32.19,28.12,1104,146.07,153.24,"['NAS (1486 voli)', 'Late Aircraft (1372 voli)', 'Carrier (1132 voli)']"
DCA,2,8505,-4.06,-11.67,1025,30.74,20.27,471,140.2,130.62,"['Late Aircraft (789 voli)', 'NAS (698 voli)', 'Carrier (681 voli)']"
DCA,3,8961,-3.39,-10.36,1377,30.61,22.56,734,151.75,143.61,"['Carrier (1060 voli)', 'Late Aircraft (1052 voli)', 'NAS (992 voli)']"
DCA,4,8922,-3.74,-8.82,1311,31.8,26.32,816,147.33,143.71,"['Late Aircraft (1302 voli)', 'NAS (1186 voli)', 'Carrier (1064 voli)']"
DCA,5,8738,-3.1,-5.79,1753,32.06,30.69,1134,146.7,147.33,"['NAS (1940 voli)', 'Late Aircraft (1809 voli)', 'Carrier (1591 voli)']"
DCA,6,8503,-2.83,-8.72,1459,31.09,25.64,969,153.15,147.84,"['Late Aircraft (1408 voli)', 'Carrier (1260 voli)', 'NAS (1208 voli)']"
DCA,7,7979,-2.58,-6.16,1777,32.32,29.49,1535,155.03,154.03,"['Late Aircraft (2134 voli)', 'NAS (1960 voli)', 'Carrier (1924 voli)']"
DCA,8,8352,-3.31,-7.19,1597,33.04,30.29,1213,155.56,152.35,"['Late Aircraft (1787 voli)', 'NAS (1716 voli)', 'Carrier (1557 voli)']"
DCA,9,9507,-4.41,-9.28,1030,30.62,26.0,524,148.02,143.27,"['NAS (951 voli)', 'Late Aircraft (876 voli)', 'Carrier (784 voli)']"
DCA,10,9731,-4.16,-11.23,1025,31.03,20.68,469,137.63,128.88,"['Late Aircraft (773 voli)', 'Carrier (740 voli)', 'NAS (639 voli)']"
DCA,11,9241,-4.22,-11.12,1044,31.36,22.76,500,138.37,130.11,"['Carrier (806 voli)', 'Late Aircraft (802 voli)', 'NAS (742 voli)']"
DCA,12,7960,-2.55,-8.84,1694,32.27,25.48,1045,136.36,130.9,"['Late Aircraft (1684 voli)', 'Carrier (1385 voli)', 'NAS (1267 voli)']"
DDC,1,38,-6.61,-7.0,1,27.0,39.0,5,286.2,333.25,"['Weather (9 voli)', 'NAS (7 voli)', 'Late Aircraft (4 voli)']"
DDC,2,45,-8.6,-9.91,1,31.0,24.0,3,244.0,243.33,"['Carrier (4 voli)', 'NAS (3 voli)', 'Late Aircraft (2 voli)']"
DDC,3,45,-4.84,-6.44,3,22.33,18.33,2,165.0,153.0,"['Late Aircraft (8 voli)', 'NAS (6 voli)', 'Weather (3 voli)']"
DDC,4,47,-5.55,-9.57,0,NULL,NULL,2,457.5,456.0,"['Carrier (2 voli)', 'NAS (2 voli)', 'Late Aircraft (1 voli)']"
DDC,5,42,-6.29,-5.29,4,31.75,24.25,7,379.86,379.43,"['Late Aircraft (7 voli)', 'NAS (6 voli)', 'Carrier (1 voli)']"
DDC,6,39,-5.49,-5.46,9,39.78,52.67,2,616.0,605.5,"['NAS (6 voli)', 'Late Aircraft (5 voli)', 'Carrier (5 voli)']"
DDC,7,41,-6.44,-6.32,4,24.0,23.33,4,146.25,83.0,"['NAS (5 voli)', 'Carrier (4 voli)', 'Late Aircraft (3 voli)']"
DDC,8,36,-6.36,-10.14,10,36.1,40.22,7,159.43,163.71,"['NAS (8 voli)', 'Late Aircraft (6 voli)', 'Carrier (6 voli)']"
DDC,9,42,-8.69,-11.6,4,41.0,36.25,3,602.0,594.33,"['Carrier (4 voli)', 'Late Aircraft (3 voli)', 'Weather (1 voli)']"
DDC,10,38,-8.37,-11.63,4,31.0,19.75,8,314.75,309.5,"['Carrier (6 voli)', 'Late Aircraft (5 voli)', 'NAS (3 voli)']"
DDC,11,40,-8.28,-9.48,3,31.67,30.0,5,366.2,359.2,"['Carrier (5 voli)', 'NAS (5 voli)', 'Late Aircraft (4 voli)']"
DDC,12,41,-8.88,-8.63,3,24.0,31.33,7,149.57,134.43,"['Late Aircraft (6 voli)', 'NAS (4 voli)', 'Weather (4 voli)']"
DEC,1,37,-6.59,-14.27,6,34.33,25.5,9,405.56,405.33,"['Weather (12 voli)', 'Late Aircraft (9 voli)', 'NAS (8 voli)']"
DEC,2,58,-9.1,-18.95,3,27.0,8.67,7,284.57,283.43,"['Carrier (4 voli)', 'Late Aircraft (4 voli)', 'NAS (2 voli)']"
DEC,3,64,-8.19,-16.59,4,27.0,18.75,8,331.63,327.13,"['Late Aircraft (5 voli)', 'NAS (4 voli)', 'Carrier (3 voli)']"
DEC,4,65,-8.6,-12.26,7,40.71,37.86,7,119.29,123.14,"['Late Aircraft (11 voli)', 'NAS (8 voli)', 'Carrier (4 voli)']"
DEC,5,52,-7.27,-11.92,5,37.4,36.0,20,332.0,330.05,"['Late Aircraft (17 voli)', 'NAS (15 voli)', 'Carrier (5 voli)']"
DEC,6,39,-10.26,-10.21,2,39.0,37.0,11,174.27,182.0,"['Late Aircraft (7 voli)', 'NAS (5 voli)', 'Carrier (2 voli)']"
DEC,7,40,-8.65,-9.8,5,40.0,44.8,8,233.75,232.63,"['NAS (10 voli)', 'Late Aircraft (8 voli)', 'Carrier (5 voli)']"
DEC,8,38,-7.13,-5.39,7,34.86,47.67,8,196.0,205.25,"['NAS (14 voli)', 'Late Aircraft (11 voli)', 'Carrier (2 voli)']"
DEC,9,43,-9.05,-9.37,4,29.75,31.5,5,212.6,213.2,"['Late Aircraft (7 voli)', 'Carrier (5 voli)', 'NAS (5 voli)']"
DEC,10,51,-9.14,-10.67,2,19.0,42.0,0,NULL,NULL,"['NAS (3 voli)', 'Late Aircraft (2 voli)', 'Carrier (1 voli)']"
DEC,11,41,-6.85,-12.24,5,35.6,34.2,4,172.75,180.75,"['Late Aircraft (7 voli)', 'NAS (5 voli)', 'Carrier (2 voli)']"
DEC,12,39,-7.05,-10.36,9,33.56,34.33,4,134.75,137.25,"['Late Aircraft (12 voli)', 'NAS (6 voli)', 'Carrier (4 voli)']"
DEN,1,15589,-0.88,-7.06,4410,31.08,25.01,1884,132.02,126.18,"['Carrier (4212 voli)', 'Late Aircraft (3088 voli)', 'NAS (2562 voli)']"
DEN,2,16014,-1.12,-5.39,3430,30.11,29.0,1570,136.16,141.09,"['Carrier (3317 voli)', 'NAS (3303 voli)', 'Late Aircraft (2474 voli)']"
DEN,3,18614,-1.19,-6.24,3929,30.91,25.42,1497,126.54,122.12,"['Carrier (3198 voli)', 'NAS (2971 voli)', 'Late Aircraft (2672 voli)']"
DEN,4,18752,-1.24,-6.56,3966,30.83,26.35,1523,127.56,123.14,"['Carrier (3281 voli)', 'Late Aircraft (2773 voli)', 'NAS (2589 voli)']"
DEN,5,18302,-0.99,-6.08,4866,31.8,26.14,2763,128.5,123.64,"['Carrier (4258 voli)', 'Late Aircraft (4214 voli)', 'NAS (3082 voli)']"
DEN,6,19042,-0.82,-4.71,5365,31.45,27.1,2795,125.74,120.33,"['Carrier (4962 voli)', 'Late Aircraft (4649 voli)', 'NAS (3570 voli)']"
DEN,7,19645,-1.01,-6.02,5178,32.11,26.56,2929,128.33,122.35,"['Carrier (5214 voli)', 'Late Aircraft (4378 voli)', 'NAS (2982 voli)']"
DEN,8,19850,-1.38,-5.27,4602,32.2,28.08,2551,131.91,127.31,"['Carrier (4222 voli)', 'Late Aircraft (3871 voli)', 'NAS (3349 voli)']"
DEN,9,21551,-2.44,-8.07,3079,30.25,23.12,1238,121.89,113.29,"['Carrier (2351 voli)', 'Late Aircraft (1986 voli)', 'NAS (1598 voli)']"
DEN,10,22723,-2.46,-8.52,2779,30.22,22.7,1051,124.08,115.65,"['Carrier (2129 voli)', 'Late Aircraft (1734 voli)', 'NAS (1392 voli)']"
DEN,11,19753,-1.93,-6.41,3225,30.83,32.04,1363,128.18,129.5,"['NAS (3371 voli)', 'Carrier (2967 voli)', 'Late Aircraft (2264 voli)']"
DEN,12,20535,-1.7,-9.15,3389,30.04,21.05,1325,133.44,125.15,"['Carrier (2482 voli)', 'Late Aircraft (1975 voli)', 'NAS (1468 voli)']"
DFW,1,15784,-1.77,-5.65,4111,32.16,29.45,2722,137.02,137.19,"['Late Aircraft (3913 voli)', 'Carrier (3902 voli)', 'NAS (3454 voli)']"
DFW,2,18505,-2.64,-7.41,2871,30.83,25.71,1001,126.48,120.44,"['Carrier (2520 voli)', 'Late Aircraft (1865 voli)', 'NAS (1841 voli)']"
DFW,3,17597,-1.96,-6.63,4510,32.67,28.16,2748,141.07,137.59,"['Late Aircraft (4252 voli)', 'Carrier (4028 voli)', 'NAS (3227 voli)']"
DFW,4,17588,-2.15,-5.84,4008,32.42,29.47,2542,141.59,139.65,"['Late Aircraft (3762 voli)', 'NAS (3343 voli)', 'Carrier (3342 voli)']"
DFW,5,15121,-0.88,-2.36,5401,33.21,31.97,4679,155.97,155.42,"['Late Aircraft (6345 voli)', 'Carrier (5954 voli)', 'NAS (5576 voli)']"
DFW,6,16956,-0.89,-5.91,5979,32.89,28.44,3864,138.43,135.2,"['Carrier (6303 voli)', 'Late Aircraft (5996 voli)', 'NAS (4110 voli)']"
DFW,7,17535,-0.94,-5.01,6250,32.94,29.25,4413,141.73,137.54,"['Carrier (7345 voli)', 'Late Aircraft (6917 voli)', 'NAS (4714 voli)']"
DFW,8,19611,-1.89,-7.91,4846,32.62,26.05,2756,144.02,136.36,"['Carrier (4949 voli)', 'Late Aircraft (4382 voli)', 'NAS (2688 voli)']"
DFW,9,20419,-2.4,-7.51,3665,31.41,25.65,1447,120.55,114.27,"['Carrier (3194 voli)', 'Late Aircraft (2615 voli)', 'NAS (2326 voli)']"
DFW,10,22354,-2.71,-9.31,3499,31.28,23.11,1439,130.91,123.08,"['Carrier (3065 voli)', 'Late Aircraft (2208 voli)', 'NAS (1595 voli)']"
DFW,11,19078,-2.62,-7.94,3428,31.7,27.32,1712,141.13,138.23,"['Carrier (2858 voli)', 'Late Aircraft (2521 voli)', 'NAS (2443 voli)']"
DFW,12,18150,-1.55,-7.0,4268,31.8,25.57,2455,163.29,160.04,"['Carrier (3713 voli)', 'Late Aircraft (3334 voli)', 'NAS (2776 voli)']"
DHN,1,51,-2.57,-4.45,5,34.4,26.4,5,344.0,335.6,"['NAS (13 voli)', 'Late Aircraft (5 voli)', 'Carrier (4 voli)']"
DHN,2,52,-4.38,-13.4,3,34.67,21.0,2,139.0,118.0,"['Late Aircraft (3 voli)', 'Carrier (2 voli)', 'NAS (2 voli)']"
DHN,3,56,-3.45,-7.98,5,38.4,31.2,1,115.0,123.0,"['NAS (7 voli)', 'Carrier (5 voli)', 'Late Aircraft (5 voli)']"
DHN,4,55,-4.78,-3.65,2,42.0,57.0,3,216.67,210.33,"['Carrier (9 voli)', 'NAS (5 voli)', 'Late Aircraft (1 voli)']"
DHN,5,48,-5.33,-3.5,9,32.44,28.56,5,110.0,113.0,"['NAS (8 voli)', 'Late Aircraft (6 voli)', 'Carrier (4 voli)']"
DHN,6,53,-3.91,-4.89,1,18.0,4.0,6,169.5,156.83,"['Carrier (4 voli)', 'Weather (2 voli)', 'Late Aircraft (1 voli)']"
DHN,7,48,-5.58,-8.58,7,38.14,30.0,6,326.33,324.17,"['Carrier (7 voli)', 'NAS (7 voli)', 'Weather (1 voli)']"
DHN,8,55,-6.49,-15.71,3,37.33,25.33,1,198.0,190.0,"['Carrier (5 voli)', 'Weather (2 voli)', 'NAS (1 voli)']"
DHN,9,46,-6.26,-10.26,8,28.25,29.25,2,211.0,221.5,"['Late Aircraft (7 voli)', 'NAS (6 voli)', 'Weather (4 voli)']"
DHN,10,53,-6.45,-11.6,5,44.2,38.0,4,195.25,184.5,"['Late Aircraft (7 voli)', 'Carrier (6 voli)', 'NAS (2 voli)']"
DHN,11,69,-7.14,-10.04,4,27.25,25.25,4,177.75,173.5,"['NAS (8 voli)', 'Late Aircraft (5 voli)', 'Weather (2 voli)']"
DHN,12,65,-6.14,-10.3,5,28.0,16.0,4,210.75,190.0,"['Late Aircraft (5 voli)', 'Carrier (5 voli)', 'NAS (4 voli)']"
DIK,1,25,-8.4,-17.2,4,28.25,16.75,4,304.5,284.0,"['Weather (5 voli)', 'Late Aircraft (3 voli)', 'Carrier (3 voli)']"
DIK,2,23,-8.74,-14.74,4,36.75,20.5,2,131.5,108.0,"['Weather (5 voli)', 'Carrier (2 voli)', 'NAS (1 voli)']"
DIK,3,25,-5.76,-13.36,0,NULL,NULL,3,352.67,342.67,"['Weather (6 voli)', 'NAS (4 voli)']"
DIK,4,40,-8.95,-19.05,2,28.0,13.0,3,322.33,303.33,"['Carrier (2 voli)', 'Late Aircraft (2 voli)']"
DIK,5,47,-9.21,-14.49,2,28.0,36.0,5,229.4,225.2,"['NAS (5 voli)', 'Carrier (2 voli)', 'Weather (1 voli)']"
DIK,6,36,-8.83,-13.89,4,43.0,45.0,2,642.5,639.5,"['Carrier (4 voli)', 'NAS (4 voli)', 'Late Aircraft (2 voli)']"
DIK,7,46,-8.63,-16.7,1,41.0,27.0,3,285.0,271.0,"['Carrier (4 voli)', 'Late Aircraft (1 voli)']"
DIK,8,47,-9.89,-16.64,0,NULL,NULL,3,135.67,123.33,"['NAS (3 voli)', 'Late Aircraft (1 voli)', 'Carrier (1 voli)']"
DIK,9,46,-8.78,-11.89,1,32.0,16.0,2,287.5,294.5,"['Carrier (3 voli)', 'Late Aircraft (1 voli)', 'NAS (1 voli)']"
DIK,10,53,-8.19,-6.87,2,40.0,25.0,1,177.0,158.0,"['Carrier (4 voli)', 'Late Aircraft (1 voli)', 'Weather (1 voli)']"
DIK,11,38,-6.58,1.71,3,46.0,31.0,7,390.86,377.0,"['Carrier (13 voli)', 'Weather (4 voli)', 'Late Aircraft (2 voli)']"
DIK,12,43,-7.42,-9.07,2,36.0,23.0,7,214.86,204.14,"['Carrier (5 voli)', 'Late Aircraft (5 voli)', 'NAS (2 voli)']"
DLG,6,15,-8.47,-8.53,2,28.5,56.5,0,NULL,NULL,"['Carrier (2 voli)', 'Late Aircraft (2 voli)', 'NAS (1 voli)']"
DLG,7,25,-12.44,-8.04,1,31.0,25.0,4,168.75,175.75,"['NAS (5 voli)', 'Late Aircraft (4 voli)', 'Security (4 voli)']"
DLG,8,27,-12.74,-12.93,0,NULL,NULL,1,228.0,218.0,"['Weather (1 voli)', 'Late Aircraft (1 voli)', 'NAS (1 voli)']"
DLG,9,23,-12.91,-13.87,3,22.67,26.33,2,180.5,184.0,"['Late Aircraft (4 voli)', 'Carrier (2 voli)', 'NAS (2 voli)']"
DLH,1,92,-3.1,-7.82,17,34.82,22.29,28,200.68,189.54,"['Carrier (25 voli)', 'Weather (17 voli)', 'NAS (13 voli)']"
DLH,2,114,-4.98,-14.49,9,26.78,23.22,5,143.2,131.0,"['NAS (5 voli)', 'Carrier (4 voli)', 'Late Aircraft (3 voli)']"
DLH,3,128,-4.87,-12.63,5,34.8,24.6,8,214.75,232.88,"['NAS (10 voli)', 'Carrier (8 voli)', 'Weather (7 voli)']"
DLH,4,156,-6.97,-14.08,9,29.89,20.0,4,150.25,148.5,"['Carrier (8 voli)', 'NAS (4 voli)', 'Weather (2 voli)']"
DLH,5,141,-6.0,-12.16,11,26.09,20.0,21,150.48,151.76,"['Weather (15 voli)', 'NAS (13 voli)', 'Carrier (8 voli)']"
DLH,6,139,-3.68,-5.52,19,28.84,34.26,21,245.9,247.1,"['NAS (30 voli)', 'Carrier (19 voli)', 'Late Aircraft (11 voli)']"
DLH,7,172,-4.0,-7.55,13,40.46,37.38,20,133.35,129.2,"['Carrier (18 voli)', 'NAS (17 voli)', 'Late Aircraft (17 voli)']"
DLH,8,189,-3.28,-2.5,28,26.96,29.14,17,119.82,121.82,"['NAS (32 voli)', 'Late Aircraft (25 voli)', 'Carrier (24 voli)']"
DLH,9,203,-5.38,-12.59,15,30.13,22.13,6,152.33,149.0,"['Late Aircraft (9 voli)', 'Carrier (7 voli)', 'NAS (6 voli)']"
DLH,10,206,-5.68,-14.51,11,31.18,18.73,4,134.75,115.0,"['Carrier (11 voli)', 'NAS (3 voli)', 'Weather (2 voli)']"
DLH,11,157,-4.63,-13.8,10,31.3,18.9,9,219.89,208.0,"['Carrier (13 voli)', 'NAS (7 voli)', 'Weather (4 voli)']"
DLH,12,109,-3.89,-8.69,22,32.91,24.14,24,154.75,156.75,"['Carrier (25 voli)', 'NAS (23 voli)', 'Weather (19 voli)']"
DRO,1,205,-6.12,-5.54,21,35.33,41.76,33,189.12,188.88,"['NAS (36 voli)', 'Carrier (34 voli)', 'Late Aircraft (28 voli)']"
DRO,2,207,-5.07,-6.32,19,31.05,31.32,11,200.27,194.18,"['Carrier (32 voli)', 'NAS (19 voli)', 'Weather (12 voli)']"
DRO,3,227,-4.14,-5.46,25,30.08,29.32,7,147.43,153.43,"['Carrier (34 voli)', 'NAS (27 voli)', 'Weather (10 voli)']"
DRO,4,204,-6.25,-6.53,17,31.41,31.63,18,204.56,197.28,"['Carrier (24 voli)', 'NAS (21 voli)', 'Weather (9 voli)']"
DRO,5,224,-5.17,-7.23,26,29.65,23.81,23,162.57,161.91,"['NAS (27 voli)', 'Carrier (24 voli)', 'Late Aircraft (17 voli)']"
DRO,6,279,-5.23,-9.53,38,31.92,24.82,31,175.77,164.32,"['Carrier (32 voli)', 'NAS (23 voli)', 'Late Aircraft (19 voli)']"
DRO,7,291,-4.68,-10.04,45,30.6,28.36,26,174.54,169.19,"['NAS (42 voli)', 'Carrier (40 voli)', 'Late Aircraft (21 voli)']"
DRO,8,290,-5.34,-9.53,31,34.84,28.84,30,204.97,198.83,"['Carrier (41 voli)', 'NAS (28 voli)', 'Late Aircraft (19 voli)']"
DRO,9,287,-5.94,-11.67,24,34.79,23.83,19,104.16,92.89,"['Carrier (29 voli)', 'Late Aircraft (16 voli)', 'NAS (15 voli)']"
DRO,10,281,-4.93,-11.14,26,28.58,19.31,25,205.76,198.12,"['Carrier (26 voli)', 'NAS (20 voli)', 'Late Aircraft (13 voli)']"
DRO,11,221,-4.68,-9.19,29,37.31,31.55,44,177.86,178.48,"['Carrier (45 voli)', 'NAS (26 voli)', 'Late Aircraft (24 voli)']"
DRO,12,260,-4.65,-10.47,28,35.43,22.63,24,123.75,123.54,"['Carrier (33 voli)', 'NAS (21 voli)', 'Weather (14 voli)']"
DSM,1,774,-3.14,-6.21,161,32.83,35.67,164,178.29,182.52,"['NAS (234 voli)', 'Carrier (197 voli)', 'Late Aircraft (156 voli)']"
DSM,2,915,-4.21,-11.12,93,31.05,24.78,77,200.68,196.53,"['NAS (87 voli)', 'Carrier (83 voli)', 'Late Aircraft (62 voli)']"
DSM,3,1044,-4.73,-9.8,124,31.98,23.75,69,190.33,183.74,"['NAS (93 voli)', 'Late Aircraft (87 voli)', 'Carrier (86 voli)']"
DSM,4,1064,-4.2,-9.13,106,28.99,25.17,54,190.46,186.48,"['Carrier (95 voli)', 'NAS (81 voli)', 'Late Aircraft (70 voli)']"
DSM,5,939,-3.06,-6.71,172,33.12,29.97,103,169.28,169.39,"['NAS (175 voli)', 'Carrier (139 voli)', 'Late Aircraft (137 voli)']"
DSM,6,958,-3.33,-6.85,181,33.54,28.39,113,173.69,167.31,"['Carrier (158 voli)', 'Late Aircraft (149 voli)', 'NAS (144 voli)']"
DSM,7,960,-3.68,-5.94,184,31.54,30.3,143,162.59,158.99,"['Carrier (209 voli)', 'NAS (189 voli)', 'Late Aircraft (180 voli)']"
DSM,8,1032,-4.23,-6.74,139,31.37,26.88,103,151.66,145.81,"['Carrier (138 voli)', 'NAS (137 voli)', 'Late Aircraft (136 voli)']"
DSM,9,1073,-5.05,-10.11,81,30.06,25.23,35,170.2,163.77,"['NAS (74 voli)', 'Carrier (66 voli)', 'Late Aircraft (46 voli)']"
DSM,10,1137,-5.28,-10.09,92,34.08,25.88,54,203.43,196.44,"['Carrier (84 voli)', 'NAS (63 voli)', 'Late Aircraft (61 voli)']"
DSM,11,1076,-5.12,-9.89,74,29.0,23.28,47,131.53,123.94,"['NAS (82 voli)', 'Carrier (81 voli)', 'Late Aircraft (51 voli)']"
DSM,12,912,-3.28,-8.35,142,30.96,22.58,110,193.87,197.6,"['NAS (145 voli)', 'Carrier (140 voli)', 'Late Aircraft (96 voli)']"
DTW,1,6299,-1.84,-4.87,1285,31.46,28.88,1092,170.95,171.77,"['NAS (1707 voli)', 'Carrier (1496 voli)', 'Weather (824 voli)']"
DTW,2,7230,-2.88,-11.82,711,30.0,17.96,313,138.58,125.98,"['Carrier (553 voli)', 'NAS (431 voli)', 'Late Aircraft (240 voli)']"
DTW,3,8477,-2.77,-8.99,1139,30.86,23.26,622,134.92,128.79,"['Carrier (986 voli)', 'NAS (936 voli)', 'Late Aircraft (554 voli)']"
DTW,4,8831,-3.18,-7.87,1058,31.63,26.67,573,142.0,137.94,"['Carrier (993 voli)', 'NAS (844 voli)', 'Late Aircraft (471 voli)']"
DTW,5,8983,-2.77,-5.81,1338,31.59,29.66,839,140.43,138.35,"['Carrier (1463 voli)', 'NAS (1319 voli)', 'Late Aircraft (785 voli)']"
DTW,6,8677,-2.65,-6.32,1542,32.07,29.49,1021,146.59,144.27,"['Carrier (1674 voli)', 'NAS (1327 voli)', 'Late Aircraft (906 voli)']"
DTW,7,8201,-2.36,-5.77,1613,31.86,27.69,1368,147.75,144.7,"['Carrier (2601 voli)', 'NAS (1453 voli)', 'Late Aircraft (1117 voli)']"
DTW,8,8896,-2.72,-7.17,1588,32.08,28.04,1086,140.53,137.16,"['Carrier (1795 voli)', 'NAS (1367 voli)', 'Late Aircraft (865 voli)']"
DTW,9,9541,-4.08,-9.52,922,31.67,25.42,408,125.51,120.04,"['Carrier (858 voli)', 'NAS (606 voli)', 'Late Aircraft (351 voli)']"
DTW,10,9941,-3.92,-9.87,1007,30.86,23.45,444,122.44,115.67,"['Carrier (974 voli)', 'NAS (534 voli)', 'Late Aircraft (325 voli)']"
DTW,11,9138,-4.26,-9.48,906,31.17,27.23,489,125.81,122.23,"['NAS (981 voli)', 'Carrier (951 voli)', 'Late Aircraft (353 voli)']"
DTW,12,8218,-2.25,-7.6,1590,31.64,25.89,893,141.09,136.0,"['Carrier (1733 voli)', 'NAS (1298 voli)', 'Late Aircraft (709 voli)']"
DVL,1,31,-9.39,-17.97,1,33.0,13.0,4,120.0,80.67,"['Weather (10 voli)', 'Carrier (1 voli)', 'Late Aircraft (1 voli)']"
DVL,2,31,-6.55,-15.1,3,32.0,25.67,5,458.8,478.4,"['Weather (7 voli)', 'Late Aircraft (4 voli)', 'NAS (4 voli)']"
DVL,3,45,-8.0,-11.53,2,29.5,23.0,4,304.25,295.0,"['Weather (4 voli)', 'NAS (3 voli)', 'Carrier (2 voli)']"
DVL,4,53,-7.58,-12.72,0,NULL,NULL,1,78.0,86.0,"['Late Aircraft (3 voli)', 'NAS (3 voli)', 'Carrier (1 voli)']"
DVL,5,51,-7.86,-6.33,0,NULL,NULL,5,135.0,123.2,"['Late Aircraft (3 voli)', 'NAS (3 voli)', 'Weather (2 voli)']"
DVL,6,41,-6.0,-6.45,5,46.2,42.0,8,246.63,242.38,"['NAS (9 voli)', 'Late Aircraft (7 voli)', 'Carrier (5 voli)']"
DVL,7,43,-6.09,-10.19,10,26.0,17.9,3,93.33,86.67,"['Carrier (6 voli)', 'NAS (5 voli)', 'Late Aircraft (3 voli)']"
DVL,8,47,-7.83,-5.34,2,27.5,21.0,2,466.5,446.0,"['NAS (8 voli)', 'Late Aircraft (2 voli)', 'Weather (2 voli)']"
DVL,9,47,-8.06,-12.17,3,29.67,32.33,3,93.33,91.67,"['Carrier (4 voli)', 'Late Aircraft (2 voli)', 'NAS (2 voli)']"
DVL,10,45,-8.71,-13.33,5,25.2,25.0,2,570.0,565.0,"['Carrier (4 voli)', 'NAS (2 voli)', 'Late Aircraft (1 voli)']"
DVL,11,38,-4.16,-4.82,3,32.33,17.0,10,246.1,248.22,"['Late Aircraft (8 voli)', 'Weather (7 voli)', 'Carrier (4 voli)']"
DVL,12,44,-6.7,-9.47,2,29.5,22.0,7,438.0,433.57,"['Weather (5 voli)', 'Late Aircraft (5 voli)', 'NAS (4 voli)']"
EAR,11,44,-5.32,-9.2,2,35.5,35.5,2,539.0,540.0,"['Carrier (5 voli)', 'NAS (2 voli)', 'Weather (2 voli)']"
EAR,12,41,-5.1,-12.56,4,22.75,11.25,6,269.17,267.67,"['Carrier (4 voli)', 'Late Aircraft (3 voli)', 'NAS (3 voli)']"
EAU,12,20,-5.25,-7.6,4,39.5,27.25,3,237.0,230.33,"['Late Aircraft (4 voli)', 'Carrier (3 voli)', 'Weather (3 voli)']"
ECP,1,329,-4.37,-9.86,42,29.29,29.81,34,143.26,143.15,"['Late Aircraft (51 voli)', 'NAS (39 voli)', 'Carrier (31 voli)']"
ECP,2,395,-5.32,-8.7,21,29.52,24.14,17,137.41,132.47,"['Late Aircraft (26 voli)', 'NAS (21 voli)', 'Carrier (19 voli)']"
ECP,3,566,-3.75,-8.45,93,30.73,27.54,47,166.49,161.28,"['Late Aircraft (91 voli)', 'Carrier (61 voli)', 'NAS (53 voli)']"
ECP,4,608,-3.74,-5.97,77,30.13,29.0,43,198.74,196.77,"['Late Aircraft (80 voli)', 'NAS (60 voli)', 'Carrier (55 voli)']"
ECP,5,574,-2.22,-3.39,155,32.4,34.14,84,139.61,144.3,"['Late Aircraft (193 voli)', 'NAS (145 voli)', 'Carrier (132 voli)']"
ECP,6,708,-2.2,-7.92,208,32.21,26.15,91,122.25,118.66,"['Late Aircraft (199 voli)', 'Carrier (143 voli)', 'NAS (93 voli)']"
ECP,7,683,-2.03,-6.05,204,31.22,27.28,116,165.62,163.4,"['Late Aircraft (206 voli)', 'Carrier (184 voli)', 'NAS (135 voli)']"
ECP,8,685,-3.38,-9.1,111,30.29,24.52,49,145.55,142.92,"['Late Aircraft (97 voli)', 'Carrier (94 voli)', 'NAS (61 voli)']"
ECP,9,586,-3.87,-9.46,71,29.01,27.33,32,135.91,129.59,"['Late Aircraft (58 voli)', 'Carrier (42 voli)', 'NAS (39 voli)']"
ECP,10,556,-3.29,-9.08,68,30.21,20.65,14,210.36,208.86,"['Late Aircraft (43 voli)', 'Carrier (32 voli)', 'NAS (22 voli)']"
ECP,11,437,-3.88,-8.7,36,31.58,31.97,16,139.63,132.44,"['Carrier (31 voli)', 'Late Aircraft (30 voli)', 'NAS (29 voli)']"
ECP,12,388,-2.96,-6.08,58,32.86,28.28,30,160.07,161.53,"['NAS (63 voli)', 'Carrier (46 voli)', 'Late Aircraft (38 voli)']"
EGE,1,404,-3.56,-5.44,121,35.1,34.77,74,222.69,224.83,"['Late Aircraft (123 voli)', 'Carrier (122 voli)', 'NAS (118 voli)']"
EGE,2,447,-4.85,-8.55,75,29.09,23.39,37,292.7,270.75,"['Carrier (65 voli)', 'NAS (64 voli)', 'Late Aircraft (56 voli)']"
EGE,3,469,-4.62,-7.97,79,31.96,31.67,69,229.49,233.63,"['NAS (102 voli)', 'Late Aircraft (86 voli)', 'Carrier (75 voli)']"
EGE,4,174,-5.53,-8.94,12,33.33,28.75,13,117.46,124.23,"['NAS (22 voli)', 'Carrier (19 voli)', 'Late Aircraft (11 voli)']"
EGE,5,116,-5.28,-9.87,11,37.64,27.64,15,140.93,138.86,"['Carrier (11 voli)', 'NAS (9 voli)', 'Late Aircraft (8 voli)']"
EGE,6,168,-5.67,-10.6,19,32.47,20.89,24,136.17,139.48,"['Carrier (27 voli)', 'Late Aircraft (17 voli)', 'NAS (12 voli)']"
EGE,7,168,-5.06,-10.15,43,30.23,24.63,23,184.39,181.04,"['Carrier (42 voli)', 'Late Aircraft (34 voli)', 'NAS (19 voli)']"
EGE,8,172,-5.27,-9.99,25,34.8,26.5,27,208.48,198.74,"['Late Aircraft (24 voli)', 'Carrier (22 voli)', 'NAS (15 voli)']"
EGE,9,157,-6.26,-11.14,15,34.4,25.6,3,76.33,67.0,"['Carrier (11 voli)', 'Late Aircraft (8 voli)', 'NAS (6 voli)']"
EGE,10,98,-4.78,-13.92,11,31.18,16.27,4,147.25,135.0,"['Carrier (10 voli)', 'Late Aircraft (6 voli)', 'NAS (1 voli)']"
EGE,11,83,-2.95,-6.81,9,34.22,32.0,10,160.6,151.9,"['Carrier (14 voli)', 'Late Aircraft (11 voli)', 'NAS (11 voli)']"
EGE,12,272,-3.51,-8.02,64,32.02,25.47,74,208.26,211.92,"['Carrier (82 voli)', 'NAS (82 voli)', 'Late Aircraft (73 voli)']"
EKO,1,27,-6.52,-14.52,1,60.0,144.0,2,148.0,149.5,"['NAS (2 voli)', 'Carrier (2 voli)', 'Weather (2 voli)']"
EKO,2,26,-7.62,-13.65,0,NULL,NULL,1,125.0,110.0,"['Weather (1 voli)']"
EKO,3,29,-6.79,-3.55,1,60.0,49.0,0,NULL,NULL,"['Carrier (4 voli)', 'NAS (2 voli)', 'Weather (1 voli)']"
EKO,4,26,-8.77,-12.0,3,41.33,24.0,0,NULL,NULL,"['Carrier (3 voli)']"
EKO,5,31,-9.32,-15.65,0,NULL,NULL,0,NULL,NULL,"[]"
EKO,6,24,-5.75,-17.13,2,40.0,28.0,3,262.0,249.67,"['Carrier (5 voli)']"
EKO,7,28,-7.82,-15.57,0,NULL,NULL,2,566.0,557.0,"['Carrier (2 voli)', 'NAS (1 voli)']"
EKO,8,29,-8.66,-14.69,1,39.0,26.0,0,NULL,NULL,"['Carrier (1 voli)', 'Weather (1 voli)']"
EKO,9,29,-7.62,-17.59,0,NULL,NULL,1,95.0,88.0,"['Carrier (1 voli)']"
EKO,10,23,-8.39,-17.83,0,NULL,NULL,0,NULL,NULL,"[]"
EKO,11,29,-8.55,-11.28,0,NULL,NULL,0,NULL,NULL,"[]"
EKO,12,26,-8.81,-15.88,0,NULL,NULL,0,NULL,NULL,"['Carrier (1 voli)']"
ELM,1,37,-3.86,-12.57,11,29.45,18.82,20,296.35,291.25,"['Carrier (19 voli)', 'NAS (11 voli)', 'Weather (7 voli)']"
ELM,2,55,-4.89,-14.29,7,28.71,6.86,6,85.33,67.17,"['Carrier (7 voli)', 'NAS (5 voli)', 'Late Aircraft (3 voli)']"
ELM,3,67,-5.1,-12.9,6,26.33,15.33,13,229.85,234.23,"['Carrier (10 voli)', 'NAS (9 voli)', 'Late Aircraft (2 voli)']"
ELM,4,69,-7.28,-14.12,2,32.5,22.0,8,187.38,194.38,"['Carrier (5 voli)', 'NAS (3 voli)', 'Weather (3 voli)']"
ELM,5,66,-4.3,-8.67,7,32.14,25.71,7,251.0,245.86,"['Carrier (10 voli)', 'Late Aircraft (5 voli)', 'NAS (3 voli)']"
ELM,6,57,-5.09,-6.91,6,40.0,36.83,16,177.38,177.75,"['Carrier (16 voli)', 'NAS (11 voli)', 'Weather (9 voli)']"
ELM,7,64,-4.63,-4.89,8,31.63,27.0,15,116.67,112.33,"['Carrier (20 voli)', 'NAS (7 voli)', 'Late Aircraft (4 voli)']"
ELM,8,68,-5.24,-9.16,8,28.75,24.0,6,127.0,116.33,"['Carrier (9 voli)', 'NAS (4 voli)', 'Late Aircraft (3 voli)']"
ELM,9,64,-7.19,-11.09,9,34.11,23.78,3,190.0,183.0,"['Carrier (5 voli)', 'Late Aircraft (3 voli)', 'Weather (3 voli)']"
ELM,10,65,-6.8,-10.74,6,31.83,27.17,9,180.67,173.33,"['Carrier (8 voli)', 'Weather (6 voli)', 'Late Aircraft (4 voli)']"
ELM,11,60,-5.8,-13.93,8,42.5,33.0,9,132.78,131.44,"['Carrier (12 voli)', 'NAS (4 voli)', 'Late Aircraft (3 voli)']"
ELM,12,61,-4.59,-10.77,13,31.54,26.38,8,208.38,202.0,"['Carrier (14 voli)', 'NAS (8 voli)', 'Late Aircraft (6 voli)']"
ELP,1,1044,-3.05,-7.0,150,31.19,26.38,64,164.67,164.89,"['Late Aircraft (143 voli)', 'Carrier (103 voli)', 'NAS (88 voli)']"
ELP,2,998,-2.85,-7.49,111,30.25,25.83,39,175.51,175.1,"['Late Aircraft (93 voli)', 'NAS (72 voli)', 'Carrier (63 voli)']"
ELP,3,1058,-1.94,-6.45,167,30.88,25.08,82,154.84,151.85,"['Late Aircraft (174 voli)', 'Carrier (118 voli)', 'NAS (104 voli)']"
ELP,4,1160,-2.79,-7.53,178,30.13,24.44,83,150.99,149.92,"['Late Aircraft (159 voli)', 'Carrier (117 voli)', 'NAS (91 voli)']"
ELP,5,1043,-1.84,-6.11,236,31.19,26.61,153,150.98,149.41,"['Late Aircraft (260 voli)', 'Carrier (177 voli)', 'NAS (142 voli)']"
ELP,6,1171,-2.31,-6.19,209,30.8,28.4,113,137.82,133.86,"['Late Aircraft (224 voli)', 'Carrier (175 voli)', 'NAS (141 voli)']"
ELP,7,1139,-2.56,-6.81,236,31.56,25.41,144,141.81,137.66,"['Late Aircraft (242 voli)', 'Carrier (203 voli)', 'NAS (114 voli)']"
ELP,8,1342,-4.36,-8.03,150,33.16,29.15,83,136.73,133.01,"['Late Aircraft (164 voli)', 'NAS (102 voli)', 'Carrier (92 voli)']"
ELP,9,1284,-4.53,-10.18,133,32.3,26.31,57,130.81,127.16,"['Late Aircraft (106 voli)', 'Carrier (79 voli)', 'NAS (65 voli)']"
ELP,10,1436,-4.3,-9.06,114,31.29,26.72,51,156.45,153.29,"['Late Aircraft (97 voli)', 'Carrier (77 voli)', 'NAS (71 voli)']"
ELP,11,1300,-4.22,-8.95,141,31.88,29.69,63,132.54,132.49,"['Late Aircraft (119 voli)', 'Carrier (92 voli)', 'NAS (86 voli)']"
ELP,12,1262,-3.44,-8.15,159,32.39,26.85,105,156.46,155.9,"['Late Aircraft (171 voli)', 'Carrier (135 voli)', 'NAS (100 voli)']"
ESC,1,31,-5.32,-13.55,2,24.0,18.0,6,128.33,114.5,"['Carrier (8 voli)', 'Weather (4 voli)', 'NAS (3 voli)']"
ESC,2,21,-8.14,-19.38,1,20.0,-4.0,2,86.5,64.5,"['Carrier (2 voli)']"
ESC,3,33,-8.39,-19.03,3,40.33,18.0,7,200.71,188.0,"['Carrier (7 voli)', 'Weather (2 voli)', 'NAS (1 voli)']"
ESC,4,44,-7.36,-16.5,1,57.0,60.0,4,137.75,129.5,"['Carrier (5 voli)', 'Weather (1 voli)', 'NAS (1 voli)']"
ESC,5,50,-8.3,-14.64,0,NULL,NULL,3,101.67,95.0,"['Carrier (5 voli)', 'NAS (2 voli)', 'Weather (1 voli)']"
ESC,6,39,-6.46,-4.1,6,31.0,34.83,7,159.57,162.14,"['Carrier (13 voli)', 'NAS (7 voli)', 'Weather (1 voli)']"
ESC,7,41,-6.41,-2.71,5,30.4,29.2,5,388.6,411.2,"['Carrier (8 voli)', 'NAS (6 voli)', 'Weather (2 voli)']"
ESC,8,47,-8.13,-3.83,4,34.75,39.0,3,254.33,252.33,"['Carrier (9 voli)', 'NAS (4 voli)', 'Weather (4 voli)']"
ESC,9,48,-11.48,-11.42,5,30.0,26.6,2,331.5,323.5,"['Carrier (3 voli)', 'Weather (3 voli)', 'NAS (2 voli)']"
ESC,10,55,-8.67,-13.87,2,43.5,38.0,5,107.4,96.4,"['Carrier (7 voli)']"
ESC,11,46,-9.78,-12.26,8,34.25,21.63,3,190.33,179.67,"['Carrier (10 voli)', 'Weather (1 voli)']"
ESC,12,39,-5.15,-6.56,5,36.0,42.8,6,160.5,156.33,"['Carrier (18 voli)', 'NAS (5 voli)', 'Weather (1 voli)']"
EUG,1,366,-3.13,-9.4,71,32.01,21.03,56,207.89,199.23,"['Weather (106 voli)', 'Carrier (63 voli)', 'NAS (47 voli)']"
EUG,2,456,-4.3,-10.55,35,35.83,28.71,37,182.35,180.49,"['NAS (46 voli)', 'Late Aircraft (30 voli)', 'Carrier (29 voli)']"
EUG,3,521,-3.64,-5.63,61,33.18,36.41,40,125.05,121.39,"['NAS (71 voli)', 'Carrier (40 voli)', 'Late Aircraft (31 voli)']"
EUG,4,506,-3.76,-7.43,56,30.89,26.34,28,128.82,123.86,"['Carrier (43 voli)', 'Late Aircraft (37 voli)', 'NAS (35 voli)']"
EUG,5,467,-3.95,-9.15,64,32.08,26.98,41,114.0,109.59,"['Carrier (61 voli)', 'NAS (50 voli)', 'Late Aircraft (44 voli)']"
EUG,6,492,-1.91,-7.58,77,30.35,24.58,32,108.25,105.56,"['Carrier (71 voli)', 'Late Aircraft (39 voli)', 'NAS (37 voli)']"
EUG,7,510,-2.33,-8.31,78,32.85,25.53,43,185.16,178.67,"['Carrier (79 voli)', 'Late Aircraft (60 voli)', 'NAS (36 voli)']"
EUG,8,474,-3.42,-7.35,56,27.77,27.41,30,133.37,132.97,"['Carrier (57 voli)', 'NAS (43 voli)', 'Late Aircraft (41 voli)']"
EUG,9,447,-3.83,-7.73,42,36.4,28.95,34,159.53,150.59,"['Carrier (52 voli)', 'Late Aircraft (33 voli)', 'NAS (27 voli)']"
EUG,10,556,-3.67,-8.47,52,28.87,22.69,32,187.28,183.13,"['Carrier (36 voli)', 'NAS (33 voli)', 'Late Aircraft (28 voli)']"
EUG,11,510,-3.49,-8.57,61,30.66,22.33,33,205.82,205.88,"['Carrier (53 voli)', 'Late Aircraft (48 voli)', 'NAS (30 voli)']"
EUG,12,488,-1.97,-7.54,97,29.86,23.13,48,193.5,188.23,"['Carrier (81 voli)', 'Late Aircraft (54 voli)', 'NAS (50 voli)']"
EVV,1,105,-4.32,-7.95,15,30.27,24.87,20,149.5,149.5,"['NAS (24 voli)', 'Late Aircraft (21 voli)', 'Carrier (16 voli)']"
EVV,2,126,-5.68,-11.61,13,35.08,30.54,2,95.5,84.0,"['NAS (13 voli)', 'Late Aircraft (10 voli)', 'Carrier (9 voli)']"
EVV,3,127,-5.54,-9.53,12,30.67,27.5,17,175.94,173.88,"['NAS (18 voli)', 'Carrier (16 voli)', 'Late Aircraft (7 voli)']"
EVV,4,126,-5.79,-5.11,13,32.77,31.92,12,180.25,182.08,"['NAS (20 voli)', 'Carrier (16 voli)', 'Late Aircraft (11 voli)']"
EVV,5,123,-4.13,-3.73,13,26.31,24.23,21,202.05,203.62,"['NAS (30 voli)', 'Carrier (23 voli)', 'Weather (10 voli)']"
EVV,6,155,-5.41,-11.37,20,32.95,30.15,14,117.36,107.69,"['Late Aircraft (27 voli)', 'Carrier (13 voli)', 'NAS (12 voli)']"
EVV,7,148,-5.65,-9.17,36,30.97,33.54,14,193.21,200.0,"['Late Aircraft (38 voli)', 'NAS (23 voli)', 'Carrier (19 voli)']"
EVV,8,141,-5.55,-15.02,13,40.54,33.15,10,122.2,116.1,"['Late Aircraft (20 voli)', 'NAS (14 voli)', 'Carrier (9 voli)']"
EVV,9,154,-6.21,-7.25,13,34.15,33.92,12,134.08,133.0,"['NAS (23 voli)', 'Carrier (15 voli)', 'Late Aircraft (14 voli)']"
EVV,10,174,-6.99,-14.51,12,30.42,18.67,8,293.25,278.13,"['Carrier (13 voli)', 'Late Aircraft (7 voli)', 'NAS (4 voli)']"
EVV,11,152,-5.81,-10.84,7,27.43,26.14,13,189.85,182.92,"['NAS (16 voli)', 'Late Aircraft (8 voli)', 'Carrier (7 voli)']"
EVV,12,110,-3.18,-9.77,19,35.21,24.53,19,165.74,151.63,"['NAS (21 voli)', 'Carrier (19 voli)', 'Late Aircraft (14 voli)']"
EWN,7,7,-5.43,-19.71,6,35.0,19.0,5,302.4,288.0,"['Late Aircraft (7 voli)', 'Carrier (3 voli)', 'Weather (3 voli)']"
EWN,8,18,-2.89,-8.56,3,47.0,43.33,4,325.25,314.25,"['Late Aircraft (6 voli)', 'Carrier (5 voli)', 'Weather (2 voli)']"
EWN,9,2,-8.0,-14.0,0,NULL,NULL,1,163.0,159.0,"['Late Aircraft (1 voli)', 'NAS (1 voli)']"
EWR,1,6472,-3.0,-8.95,1189,32.08,22.97,746,139.35,134.98,"['Carrier (1759 voli)', 'NAS (1082 voli)', 'Late Aircraft (961 voli)']"
EWR,2,6611,-3.7,-12.38,924,31.48,19.95,413,129.82,118.31,"['Carrier (717 voli)', 'NAS (695 voli)', 'Late Aircraft (552 voli)']"
EWR,3,7002,-3.3,-11.73,1317,31.98,19.9,803,134.51,123.46,"['Carrier (1095 voli)', 'NAS (976 voli)', 'Late Aircraft (944 voli)']"
EWR,4,7725,-3.63,-8.44,1341,32.33,25.71,834,142.24,136.54,"['Carrier (1308 voli)', 'NAS (1261 voli)', 'Late Aircraft (1081 voli)']"
EWR,5,7912,-3.22,-8.39,1583,33.32,28.87,1067,129.02,127.04,"['NAS (1651 voli)', 'Carrier (1619 voli)', 'Late Aircraft (1370 voli)']"
EWR,6,7173,-2.64,-9.15,1472,32.29,28.8,1252,156.91,157.57,"['Carrier (1756 voli)', 'NAS (1674 voli)', 'Late Aircraft (1496 voli)']"
EWR,7,6810,-2.28,-5.36,1692,33.3,34.55,1709,162.07,161.74,"['Carrier (2546 voli)', 'NAS (2319 voli)', 'Late Aircraft (1975 voli)']"
EWR,8,6935,-2.68,-6.76,1432,31.55,27.97,1197,168.53,166.52,"['NAS (1852 voli)', 'Carrier (1683 voli)', 'Late Aircraft (1343 voli)']"
EWR,9,8314,-4.32,-9.41,1016,31.59,26.59,489,146.29,146.09,"['NAS (1110 voli)', 'Carrier (844 voli)', 'Late Aircraft (735 voli)']"
EWR,10,8569,-4.06,-10.34,1045,31.79,23.17,645,125.96,115.15,"['NAS (999 voli)', 'Carrier (971 voli)', 'Late Aircraft (795 voli)']"
EWR,11,7676,-3.51,-8.69,1332,33.02,27.02,952,118.39,111.05,"['NAS (1336 voli)', 'Late Aircraft (1324 voli)', 'Carrier (1256 voli)']"
EWR,12,7482,-2.02,-6.84,1786,31.81,25.55,953,127.84,120.76,"['Carrier (1661 voli)', 'NAS (1560 voli)', 'Late Aircraft (1416 voli)']"
EYW,1,552,-3.63,-7.81,149,30.39,24.9,100,177.61,175.09,"['Late Aircraft (179 voli)', 'Carrier (143 voli)', 'NAS (102 voli)']"
EYW,2,611,-3.6,-2.44,109,30.42,28.16,64,199.44,198.33,"['Carrier (127 voli)', 'NAS (127 voli)', 'Late Aircraft (117 voli)']"
EYW,3,549,-3.23,-3.87,171,32.01,29.52,113,195.39,193.81,"['Late Aircraft (201 voli)', 'Carrier (177 voli)', 'NAS (140 voli)']"
EYW,4,538,-3.87,-4.64,140,29.68,25.94,74,142.45,141.99,"['Carrier (144 voli)', 'Late Aircraft (132 voli)', 'NAS (113 voli)']"
EYW,5,417,-3.95,-4.59,99,32.29,38.65,103,161.75,165.2,"['Late Aircraft (154 voli)', 'NAS (119 voli)', 'Carrier (103 voli)']"
EYW,6,349,-4.05,-6.64,78,32.78,32.64,59,174.71,172.36,"['Late Aircraft (102 voli)', 'NAS (82 voli)', 'Carrier (62 voli)']"
EYW,7,333,-3.87,-6.76,82,34.0,33.22,79,180.06,175.21,"['Late Aircraft (130 voli)', 'Carrier (102 voli)', 'NAS (76 voli)']"
EYW,8,339,-6.62,-8.78,54,32.48,33.09,55,166.71,164.38,"['Late Aircraft (83 voli)', 'Carrier (51 voli)', 'Weather (51 voli)']"
EYW,9,394,-6.82,-8.4,44,31.34,27.27,16,195.63,196.69,"['NAS (44 voli)', 'Late Aircraft (39 voli)', 'Carrier (30 voli)']"
EYW,10,468,-7.19,-10.63,42,30.48,24.74,15,219.93,204.71,"['Late Aircraft (32 voli)', 'Carrier (25 voli)', 'Weather (24 voli)']"
EYW,11,565,-5.12,-6.9,76,27.87,26.46,35,175.26,172.59,"['Late Aircraft (78 voli)', 'Carrier (59 voli)', 'NAS (59 voli)']"
EYW,12,533,-4.77,-7.82,115,32.49,28.06,88,206.13,207.71,"['Late Aircraft (151 voli)', 'Carrier (122 voli)', 'NAS (88 voli)']"
FAI,1,124,-5.28,-6.04,23,33.17,22.87,20,105.75,101.5,"['NAS (26 voli)', 'Late Aircraft (25 voli)', 'Carrier (25 voli)']"
FAI,2,157,-5.24,-5.98,10,29.1,22.8,7,85.0,90.0,"['NAS (21 voli)', 'Carrier (7 voli)', 'Weather (5 voli)']"
FAI,3,254,-6.42,-6.74,30,28.2,22.3,13,104.31,102.23,"['Late Aircraft (27 voli)', 'NAS (27 voli)', 'Carrier (15 voli)']"
FAI,4,204,-7.55,-11.58,32,35.94,24.31,6,217.67,217.67,"['Late Aircraft (22 voli)', 'NAS (19 voli)', 'Carrier (15 voli)']"
FAI,5,233,-6.55,-12.08,43,28.93,18.33,11,134.82,120.09,"['Late Aircraft (34 voli)', 'Carrier (16 voli)', 'NAS (9 voli)']"
FAI,6,297,-4.4,-6.94,43,29.16,22.7,19,182.05,178.68,"['Late Aircraft (36 voli)', 'Carrier (33 voli)', 'NAS (29 voli)']"
FAI,7,261,-3.2,-5.68,69,28.59,20.88,27,216.93,217.41,"['NAS (52 voli)', 'Carrier (51 voli)', 'Late Aircraft (50 voli)']"
FAI,8,300,-4.07,-9.35,66,30.55,20.36,15,125.27,116.6,"['Late Aircraft (41 voli)', 'Carrier (32 voli)', 'NAS (22 voli)']"
FAI,9,266,-5.69,-11.05,49,26.41,7.14,10,149.5,134.7,"['Late Aircraft (20 voli)', 'Carrier (12 voli)', 'NAS (9 voli)']"
FAI,10,224,-5.88,-5.75,26,31.88,27.54,6,252.5,246.5,"['NAS (24 voli)', 'Late Aircraft (13 voli)', 'Carrier (9 voli)']"
FAI,11,162,-3.7,-6.2,16,25.0,11.88,9,186.11,178.33,"['NAS (23 voli)', 'Carrier (15 voli)', 'Late Aircraft (6 voli)']"
FAI,12,172,-4.14,-5.45,21,28.43,25.05,14,149.93,147.29,"['NAS (30 voli)', 'Carrier (16 voli)', 'Late Aircraft (13 voli)']"
FAR,1,351,-3.01,-8.49,52,34.54,30.08,54,184.85,180.43,"['Late Aircraft (57 voli)', 'NAS (56 voli)', 'Carrier (47 voli)']"
FAR,2,346,-5.23,-13.34,26,22.27,15.38,34,271.68,259.24,"['NAS (29 voli)', 'Weather (24 voli)', 'Carrier (22 voli)']"
FAR,3,417,-5.32,-11.49,37,31.22,16.7,27,148.41,142.96,"['NAS (41 voli)', 'Carrier (26 voli)', 'Late Aircraft (23 voli)']"
FAR,4,436,-5.76,-10.49,32,27.03,20.19,21,138.71,133.68,"['Carrier (34 voli)', 'NAS (24 voli)', 'Late Aircraft (18 voli)']"
FAR,5,437,-4.85,-9.03,51,33.82,34.2,42,146.71,140.64,"['Carrier (46 voli)', 'NAS (41 voli)', 'Late Aircraft (40 voli)']"
FAR,6,417,-3.38,-4.52,68,34.81,35.59,66,175.56,175.68,"['NAS (86 voli)', 'Carrier (75 voli)', 'Late Aircraft (46 voli)']"
FAR,7,439,-3.74,-5.79,72,30.24,28.07,57,159.84,156.54,"['Carrier (84 voli)', 'NAS (63 voli)', 'Late Aircraft (52 voli)']"
FAR,8,462,-4.79,-5.95,57,30.95,33.04,47,178.66,175.26,"['NAS (71 voli)', 'Carrier (58 voli)', 'Late Aircraft (33 voli)']"
FAR,9,462,-5.87,-11.29,43,30.21,25.6,21,148.9,137.24,"['Carrier (40 voli)', 'NAS (31 voli)', 'Late Aircraft (26 voli)']"
FAR,10,457,-5.89,-13.03,42,31.29,21.17,28,112.39,104.96,"['Carrier (44 voli)', 'Late Aircraft (22 voli)', 'NAS (22 voli)']"
FAR,11,437,-3.78,-6.55,59,31.51,29.19,40,148.7,149.33,"['NAS (64 voli)', 'Carrier (56 voli)', 'Late Aircraft (37 voli)']"
FAR,12,399,-3.53,-4.5,84,28.77,23.95,73,249.7,251.89,"['NAS (87 voli)', 'Carrier (83 voli)', 'Late Aircraft (54 voli)']"
FAT,1,691,-3.61,-7.65,105,32.72,26.66,57,121.07,115.07,"['Carrier (80 voli)', 'Late Aircraft (74 voli)', 'NAS (62 voli)']"
FAT,2,676,-3.53,-8.45,93,31.44,25.46,44,152.57,144.6,"['NAS (70 voli)', 'Carrier (64 voli)', 'Late Aircraft (47 voli)']"
FAT,3,768,-3.99,-8.29,108,30.59,26.02,58,128.81,126.88,"['NAS (99 voli)', 'Late Aircraft (77 voli)', 'Carrier (69 voli)']"
FAT,4,744,-3.2,-6.95,95,31.67,28.39,61,178.64,179.18,"['Carrier (82 voli)', 'NAS (81 voli)', 'Late Aircraft (68 voli)']"
FAT,5,768,-2.72,-6.33,141,31.36,26.61,73,184.59,184.8,"['Carrier (110 voli)', 'Late Aircraft (94 voli)', 'NAS (91 voli)']"
FAT,6,776,-2.51,-5.88,141,30.86,27.78,59,159.05,155.51,"['Carrier (122 voli)', 'NAS (117 voli)', 'Late Aircraft (95 voli)']"
FAT,7,782,-2.9,-7.14,140,32.19,29.42,87,165.95,164.93,"['Carrier (161 voli)', 'Late Aircraft (100 voli)', 'NAS (89 voli)']"
FAT,8,832,-3.63,-6.96,101,30.95,26.22,65,127.85,128.12,"['Carrier (98 voli)', 'Late Aircraft (76 voli)', 'NAS (75 voli)']"
FAT,9,858,-4.12,-8.77,95,31.76,25.52,48,132.69,131.51,"['Carrier (66 voli)', 'Late Aircraft (56 voli)', 'NAS (54 voli)']"
FAT,10,957,-3.66,-8.6,90,30.63,26.14,38,162.74,163.45,"['Carrier (71 voli)', 'NAS (66 voli)', 'Late Aircraft (53 voli)']"
FAT,11,859,-3.61,-7.91,109,30.07,25.94,55,192.96,194.19,"['Carrier (100 voli)', 'NAS (73 voli)', 'Late Aircraft (66 voli)']"
FAT,12,736,-2.16,-6.42,180,32.17,28.18,104,176.91,178.03,"['NAS (121 voli)', 'Carrier (118 voli)', 'Late Aircraft (104 voli)']"
FAY,1,95,-4.09,-10.0,8,24.5,19.29,10,154.0,160.4,"['NAS (11 voli)', 'Weather (10 voli)', 'Carrier (9 voli)']"
FAY,2,82,-4.1,-15.3,8,25.5,16.25,2,194.0,158.0,"['Carrier (5 voli)', 'Late Aircraft (2 voli)', 'NAS (2 voli)']"
FAY,3,73,-4.49,-11.08,11,30.09,31.73,5,141.8,130.6,"['Late Aircraft (7 voli)', 'Carrier (4 voli)', 'NAS (4 voli)']"
FAY,4,75,-3.51,-8.63,9,23.56,13.33,2,456.5,466.0,"['Late Aircraft (5 voli)', 'NAS (5 voli)', 'Carrier (2 voli)']"
FAY,5,75,-2.75,-7.17,4,28.0,25.0,12,166.42,165.25,"['Late Aircraft (8 voli)', 'Carrier (7 voli)', 'NAS (7 voli)']"
FAY,6,121,-6.69,-12.86,8,29.25,21.75,6,299.17,296.33,"['Carrier (9 voli)', 'Weather (6 voli)', 'NAS (4 voli)']"
FAY,7,68,-4.6,-10.75,9,26.89,41.11,14,181.21,182.71,"['Carrier (20 voli)', 'NAS (15 voli)', 'Weather (8 voli)']"
FAY,8,101,-4.87,-4.75,6,26.17,28.0,10,165.6,176.89,"['Carrier (16 voli)', 'NAS (16 voli)', 'Late Aircraft (5 voli)']"
FAY,9,157,-6.31,-4.41,15,33.13,32.47,15,214.73,221.27,"['NAS (26 voli)', 'Late Aircraft (19 voli)', 'Carrier (18 voli)']"
FAY,10,173,-5.43,-3.76,16,29.06,21.06,13,232.46,221.69,"['NAS (26 voli)', 'Carrier (14 voli)', 'Late Aircraft (9 voli)']"
FAY,11,112,-5.25,-10.46,7,24.86,15.0,6,246.17,235.33,"['Late Aircraft (11 voli)', 'NAS (8 voli)', 'Carrier (7 voli)']"
FAY,12,107,-3.01,-11.03,15,34.93,25.6,9,166.78,154.67,"['Late Aircraft (16 voli)', 'Carrier (13 voli)', 'NAS (9 voli)']"
FCA,1,169,-1.95,-2.69,28,33.04,34.11,28,192.79,185.57,"['NAS (39 voli)', 'Weather (34 voli)', 'Carrier (32 voli)']"
FCA,2,188,-3.26,-2.79,14,37.93,45.79,9,226.56,231.22,"['NAS (41 voli)', 'Carrier (13 voli)', 'Late Aircraft (11 voli)']"
FCA,3,213,-2.95,-6.94,13,30.77,17.46,8,191.0,184.5,"['NAS (14 voli)', 'Carrier (11 voli)', 'Late Aircraft (8 voli)']"
FCA,4,169,-4.43,-8.5,15,33.67,25.13,6,202.17,202.83,"['Carrier (16 voli)', 'NAS (6 voli)', 'Late Aircraft (5 voli)']"
FCA,5,207,-4.09,-8.89,26,33.0,23.73,19,147.89,136.21,"['Late Aircraft (21 voli)', 'Carrier (18 voli)', 'NAS (17 voli)']"
FCA,6,368,-3.5,-9.29,59,31.98,24.44,30,242.63,234.93,"['Late Aircraft (52 voli)', 'NAS (42 voli)', 'Carrier (38 voli)']"
FCA,7,429,-2.61,-6.47,73,29.49,23.52,50,177.12,175.8,"['Carrier (73 voli)', 'Late Aircraft (61 voli)', 'NAS (58 voli)']"
FCA,8,433,-2.76,-5.27,74,30.16,29.61,36,204.56,200.77,"['Late Aircraft (64 voli)', 'Carrier (62 voli)', 'NAS (56 voli)']"
FCA,9,312,-3.11,-8.2,28,30.68,20.57,12,146.83,143.83,"['Carrier (24 voli)', 'NAS (21 voli)', 'Late Aircraft (19 voli)']"
FCA,10,234,-4.8,-10.75,16,30.5,18.75,7,188.29,177.14,"['Carrier (11 voli)', 'Late Aircraft (7 voli)', 'NAS (7 voli)']"
FCA,11,173,-5.35,-6.29,13,37.69,46.08,7,145.57,152.17,"['NAS (22 voli)', 'Carrier (13 voli)', 'Late Aircraft (11 voli)']"
FCA,12,192,-4.54,-10.12,21,33.48,25.71,17,177.53,167.24,"['Carrier (26 voli)', 'NAS (23 voli)', 'Late Aircraft (15 voli)']"
FLG,1,93,-6.4,-6.04,7,36.0,43.57,10,205.9,208.6,"['Carrier (16 voli)', 'NAS (12 voli)', 'Weather (6 voli)']"
FLG,2,99,-6.96,-12.03,9,35.0,31.67,12,158.83,161.58,"['Carrier (12 voli)', 'NAS (8 voli)', 'Weather (7 voli)']"
FLG,3,106,-6.45,-8.69,9,45.67,50.89,16,292.38,296.06,"['Carrier (20 voli)', 'NAS (15 voli)', 'Weather (12 voli)']"
FLG,4,128,-7.05,-9.39,5,30.4,31.4,9,118.33,114.89,"['NAS (12 voli)', 'Carrier (9 voli)', 'Late Aircraft (3 voli)']"
FLG,5,141,-7.01,-9.17,3,23.67,9.5,8,138.5,145.75,"['Carrier (5 voli)', 'Weather (4 voli)', 'NAS (3 voli)']"
FLG,6,119,-6.65,-7.7,12,30.92,32.75,15,197.4,178.29,"['Carrier (21 voli)', 'NAS (6 voli)', 'Weather (2 voli)']"
FLG,7,140,-6.97,-7.26,6,38.83,32.83,4,181.5,183.0,"['NAS (9 voli)', 'Carrier (7 voli)', 'Weather (3 voli)']"
FLG,8,133,-8.3,-7.98,8,32.5,27.88,5,189.4,190.4,"['Carrier (13 voli)', 'NAS (4 voli)', 'Late Aircraft (2 voli)']"
FLG,9,128,-7.69,-9.35,5,36.6,40.8,4,248.5,243.25,"['Carrier (8 voli)', 'Late Aircraft (3 voli)', 'NAS (2 voli)']"
FLG,10,163,-6.9,-10.8,19,36.74,30.42,23,152.3,154.26,"['Carrier (27 voli)', 'NAS (15 voli)', 'Late Aircraft (11 voli)']"
FLG,11,153,-7.15,-9.44,26,34.04,32.62,22,165.18,151.91,"['Carrier (29 voli)', 'Late Aircraft (15 voli)', 'NAS (15 voli)']"
FLG,12,165,-7.22,-11.29,12,38.83,33.33,13,239.77,233.0,"['Carrier (19 voli)', 'Late Aircraft (9 voli)', 'NAS (7 voli)']"
FLL,1,5237,-1.06,-6.78,1860,31.37,25.45,848,132.5,127.95,"['Carrier (1835 voli)', 'NAS (1463 voli)', 'Late Aircraft (1334 voli)']"
FLL,2,5857,-2.03,-4.36,1400,30.74,26.06,666,136.83,130.39,"['NAS (1397 voli)', 'Carrier (1329 voli)', 'Late Aircraft (1006 voli)']"
FLL,3,5847,-1.61,-4.71,1872,32.74,29.76,1264,145.08,143.21,"['NAS (1930 voli)', 'Carrier (1863 voli)', 'Late Aircraft (1733 voli)']"
FLL,4,6129,-2.46,-7.02,1232,31.26,25.52,715,138.81,134.11,"['Carrier (1154 voli)', 'NAS (1107 voli)', 'Late Aircraft (874 voli)']"
FLL,5,5540,-1.98,-4.9,1379,31.66,30.29,824,137.05,136.92,"['NAS (1503 voli)', 'Carrier (1402 voli)', 'Late Aircraft (1081 voli)']"
FLL,6,4733,-1.4,-6.06,1356,32.98,28.82,779,135.51,133.98,"['NAS (1466 voli)', 'Carrier (1172 voli)', 'Late Aircraft (1052 voli)']"
FLL,7,4612,-1.38,-6.42,1490,32.54,28.91,964,136.88,133.45,"['Carrier (1608 voli)', 'NAS (1486 voli)', 'Late Aircraft (1271 voli)']"
FLL,8,4246,-1.49,-5.88,1377,32.03,29.94,883,140.98,139.07,"['NAS (1442 voli)', 'Carrier (1307 voli)', 'Late Aircraft (1138 voli)']"
FLL,9,4645,-2.91,-6.06,872,30.49,29.72,354,125.2,124.69,"['NAS (895 voli)', 'Carrier (654 voli)', 'Late Aircraft (513 voli)']"
FLL,10,5438,-3.06,-8.62,772,29.99,23.42,304,129.4,122.25,"['Carrier (641 voli)', 'NAS (565 voli)', 'Late Aircraft (457 voli)']"
FLL,11,5951,-3.37,-10.09,801,30.38,22.31,303,131.96,127.04,"['NAS (538 voli)', 'Carrier (523 voli)', 'Late Aircraft (381 voli)']"
FLL,12,5746,-1.78,-7.92,1456,31.56,25.33,779,127.3,123.79,"['Carrier (1222 voli)', 'Late Aircraft (1200 voli)', 'NAS (1108 voli)']"
FNT,1,97,-4.29,1.08,21,32.71,47.38,13,220.31,221.23,"['NAS (45 voli)', 'Carrier (20 voli)', 'Late Aircraft (16 voli)']"
FNT,2,137,-4.91,-8.43,19,31.16,21.0,9,135.67,131.11,"['NAS (23 voli)', 'Carrier (13 voli)', 'Late Aircraft (13 voli)']"
FNT,3,165,-5.13,-10.25,22,31.32,32.41,20,127.75,127.7,"['NAS (33 voli)', 'Late Aircraft (21 voli)', 'Carrier (19 voli)']"
FNT,4,126,-6.23,-14.93,15,32.4,23.0,11,225.91,217.91,"['Carrier (10 voli)', 'NAS (10 voli)', 'Late Aircraft (8 voli)']"
FNT,5,119,-6.24,-8.03,19,31.16,27.26,20,184.8,182.05,"['NAS (27 voli)', 'Carrier (19 voli)', 'Late Aircraft (12 voli)']"
FNT,6,127,-4.88,-8.67,14,27.43,18.36,15,170.27,161.53,"['Carrier (12 voli)', 'Weather (9 voli)', 'NAS (8 voli)']"
FNT,7,130,-4.0,-6.5,12,34.33,37.08,21,221.76,218.57,"['Carrier (24 voli)', 'NAS (17 voli)', 'Late Aircraft (10 voli)']"
FNT,8,126,-5.34,-7.18,19,35.16,32.47,21,161.67,168.62,"['NAS (29 voli)', 'Late Aircraft (17 voli)', 'Carrier (14 voli)']"
FNT,9,127,-4.41,-7.8,17,31.47,29.59,13,117.0,109.0,"['Carrier (17 voli)', 'Late Aircraft (14 voli)', 'NAS (10 voli)']"
FNT,10,140,-3.55,-6.69,17,30.47,27.76,11,168.73,164.45,"['Carrier (19 voli)', 'Late Aircraft (12 voli)', 'NAS (11 voli)']"
FNT,11,150,-4.35,-5.47,13,28.15,27.69,18,145.83,150.83,"['NAS (17 voli)', 'Carrier (17 voli)', 'Late Aircraft (15 voli)']"
FNT,12,149,-2.54,-3.51,36,33.89,27.77,17,165.06,152.82,"['NAS (43 voli)', 'Carrier (29 voli)', 'Late Aircraft (18 voli)']"
FOD,1,25,-5.48,-7.04,7,32.0,19.17,6,160.33,145.17,"['Weather (8 voli)', 'Late Aircraft (7 voli)', 'Carrier (4 voli)']"
FOD,2,39,-10.1,-16.79,1,27.0,17.0,3,82.33,68.0,"['Late Aircraft (3 voli)', 'Weather (1 voli)']"
FOD,3,39,-8.15,-10.95,6,40.83,45.17,8,269.13,267.75,"['Late Aircraft (9 voli)', 'NAS (8 voli)', 'Carrier (4 voli)']"
FOD,4,44,-7.27,-9.95,3,26.0,19.5,3,142.0,140.67,"['Late Aircraft (6 voli)', 'NAS (3 voli)']"
FOD,5,40,-7.2,-10.38,6,24.17,27.67,5,181.6,186.6,"['Late Aircraft (5 voli)', 'NAS (5 voli)', 'Carrier (2 voli)']"
FOD,6,37,-9.78,-15.59,9,37.33,31.22,5,334.2,331.8,"['Late Aircraft (11 voli)', 'NAS (4 voli)', 'Carrier (2 voli)']"
FOD,7,35,-10.49,-17.17,10,34.5,31.4,7,361.71,359.43,"['Late Aircraft (12 voli)', 'NAS (6 voli)', 'Carrier (1 voli)']"
FOD,8,31,-8.58,-9.81,10,40.0,36.3,10,158.9,158.3,"['Late Aircraft (19 voli)', 'NAS (9 voli)', 'Weather (1 voli)']"
FOD,9,33,-9.24,-8.66,11,30.91,36.64,4,350.5,344.5,"['Late Aircraft (10 voli)', 'NAS (8 voli)', 'Carrier (7 voli)']"
FOD,10,42,-8.57,-10.33,5,55.2,51.4,3,463.67,460.67,"['Carrier (6 voli)', 'Late Aircraft (5 voli)', 'NAS (3 voli)']"
FOD,11,40,-7.95,-8.08,2,25.0,13.0,4,132.0,134.0,"['Carrier (5 voli)', 'Late Aircraft (3 voli)', 'NAS (3 voli)']"
FOD,12,42,-10.24,-4.98,5,33.6,23.6,3,154.0,166.67,"['Late Aircraft (7 voli)', 'NAS (3 voli)', 'Carrier (2 voli)']"
FSD,1,369,-2.97,-3.27,84,30.45,30.92,61,158.95,162.9,"['NAS (123 voli)', 'Weather (76 voli)', 'Carrier (59 voli)']"
FSD,2,440,-4.25,-12.04,58,33.43,21.38,34,173.94,169.59,"['Carrier (43 voli)', 'NAS (38 voli)', 'Late Aircraft (33 voli)']"
FSD,3,461,-4.94,-11.71,49,32.73,24.43,21,182.86,183.57,"['NAS (44 voli)', 'Late Aircraft (30 voli)', 'Carrier (26 voli)']"
FSD,4,495,-5.02,-11.43,44,33.39,28.27,18,177.28,182.59,"['NAS (42 voli)', 'Carrier (29 voli)', 'Late Aircraft (27 voli)']"
FSD,5,453,-3.6,-8.09,45,35.67,28.49,41,185.93,187.68,"['NAS (54 voli)', 'Late Aircraft (41 voli)', 'Carrier (39 voli)']"
FSD,6,420,-3.42,-6.38,80,30.49,29.46,64,172.02,173.72,"['NAS (91 voli)', 'Carrier (60 voli)', 'Late Aircraft (59 voli)']"
FSD,7,387,-4.21,-6.82,85,31.31,28.49,56,173.2,170.14,"['Carrier (97 voli)', 'NAS (80 voli)', 'Late Aircraft (63 voli)']"
FSD,8,419,-4.62,-6.78,81,31.3,31.34,32,182.16,179.91,"['NAS (64 voli)', 'Carrier (62 voli)', 'Late Aircraft (41 voli)']"
FSD,9,468,-5.24,-10.16,53,29.96,23.92,16,124.75,114.81,"['Carrier (44 voli)', 'NAS (31 voli)', 'Late Aircraft (23 voli)']"
FSD,10,519,-4.82,-9.83,55,28.36,18.87,18,116.83,106.83,"['Carrier (39 voli)', 'NAS (29 voli)', 'Late Aircraft (25 voli)']"
FSD,11,476,-3.68,-6.59,60,29.28,24.27,40,145.1,140.43,"['NAS (64 voli)', 'Carrier (62 voli)', 'Late Aircraft (40 voli)']"
FSD,12,449,-2.79,-5.59,78,31.99,26.24,66,180.67,179.02,"['NAS (93 voli)', 'Carrier (91 voli)', 'Late Aircraft (54 voli)']"
FSM,1,59,-5.46,-1.2,12,27.92,31.0,11,319.09,324.45,"['Weather (21 voli)', 'NAS (20 voli)', 'Carrier (12 voli)']"
FSM,2,81,-4.38,-1.02,5,36.4,39.8,1,126.0,124.0,"['NAS (18 voli)', 'Late Aircraft (8 voli)', 'Carrier (3 voli)']"
FSM,3,73,-4.47,-7.56,11,28.73,21.82,5,144.4,138.2,"['NAS (12 voli)', 'Late Aircraft (7 voli)', 'Weather (7 voli)']"
FSM,4,68,-5.6,-11.28,11,26.45,21.73,5,139.6,148.6,"['Weather (12 voli)', 'Late Aircraft (5 voli)', 'NAS (5 voli)']"
FSM,5,56,-1.34,-1.32,20,27.35,28.95,13,132.08,134.38,"['NAS (22 voli)', 'Late Aircraft (18 voli)', 'Weather (15 voli)']"
FSM,6,68,-3.28,-9.09,22,32.68,24.5,19,131.53,122.74,"['Late Aircraft (34 voli)', 'NAS (15 voli)', 'Carrier (10 voli)']"
FSM,7,80,-5.06,-8.29,15,32.47,25.0,13,135.0,132.38,"['Late Aircraft (20 voli)', 'Carrier (14 voli)', 'NAS (11 voli)']"
FSM,8,102,-5.57,-12.5,10,37.2,35.7,5,145.6,135.4,"['Late Aircraft (10 voli)', 'NAS (4 voli)', 'Carrier (4 voli)']"
FSM,9,82,-5.45,-11.98,8,31.88,22.75,4,135.5,114.75,"['Late Aircraft (10 voli)', 'NAS (7 voli)', 'Carrier (3 voli)']"
FSM,10,100,-6.62,-13.32,7,31.57,17.71,2,102.5,103.5,"['NAS (6 voli)', 'Carrier (3 voli)', 'Late Aircraft (3 voli)']"
FSM,11,60,-3.3,-16.48,5,25.0,16.8,4,114.0,90.0,"['Late Aircraft (6 voli)', 'Weather (5 voli)', 'Carrier (3 voli)']"
FSM,12,71,-4.56,-12.07,7,42.0,29.71,5,295.8,301.4,"['Late Aircraft (11 voli)', 'NAS (6 voli)', 'Weather (5 voli)']"
FWA,1,170,-2.74,-4.53,47,31.64,39.02,43,162.12,158.28,"['NAS (66 voli)', 'Carrier (50 voli)', 'Late Aircraft (39 voli)']"
FWA,2,219,-3.37,-10.63,37,29.32,20.84,18,182.72,171.72,"['Carrier (27 voli)', 'NAS (26 voli)', 'Late Aircraft (9 voli)']"
FWA,3,260,-3.83,-11.43,44,30.43,21.86,30,150.7,149.2,"['NAS (37 voli)', 'Carrier (36 voli)', 'Late Aircraft (21 voli)']"
FWA,4,262,-4.53,-11.43,40,33.25,26.3,35,146.8,148.29,"['Carrier (39 voli)', 'NAS (31 voli)', 'Late Aircraft (20 voli)']"
FWA,5,229,-4.38,-8.96,44,33.05,25.91,51,198.1,197.94,"['Carrier (51 voli)', 'NAS (43 voli)', 'Late Aircraft (31 voli)']"
FWA,6,281,-3.79,-8.87,53,33.68,30.26,51,162.2,154.63,"['Carrier (67 voli)', 'Late Aircraft (46 voli)', 'NAS (33 voli)']"
FWA,7,289,-4.04,-5.48,63,31.57,32.9,58,136.91,139.4,"['Carrier (71 voli)', 'NAS (67 voli)', 'Late Aircraft (47 voli)']"
FWA,8,261,-4.04,-8.15,52,32.85,29.0,45,163.82,164.93,"['Carrier (60 voli)', 'NAS (51 voli)', 'Late Aircraft (31 voli)']"
FWA,9,326,-5.2,-8.26,39,31.9,30.49,32,164.59,163.06,"['Carrier (48 voli)', 'NAS (43 voli)', 'Late Aircraft (22 voli)']"
FWA,10,380,-5.56,-11.72,42,29.79,22.19,43,137.02,127.0,"['Carrier (58 voli)', 'NAS (25 voli)', 'Late Aircraft (24 voli)']"
FWA,11,366,-4.68,-9.73,45,29.98,21.36,25,187.88,182.21,"['Carrier (50 voli)', 'NAS (26 voli)', 'Late Aircraft (15 voli)']"
FWA,12,327,-4.05,-8.4,60,32.62,26.35,60,175.45,174.75,"['Carrier (90 voli)', 'NAS (61 voli)', 'Late Aircraft (40 voli)']"
GCC,1,44,-6.18,-12.89,3,32.33,34.33,6,183.0,185.5,"['NAS (8 voli)', 'Weather (6 voli)', 'Carrier (4 voli)']"
GCC,2,43,-4.6,-12.93,3,21.33,10.0,2,124.5,131.0,"['Carrier (4 voli)', 'NAS (3 voli)', 'Late Aircraft (1 voli)']"
GCC,3,40,-6.15,-15.93,1,15.0,1.0,3,176.0,203.0,"['NAS (5 voli)', 'Weather (3 voli)', 'Carrier (2 voli)']"
GCC,4,53,-5.66,-12.63,0,NULL,NULL,4,297.75,296.5,"['Carrier (6 voli)', 'NAS (4 voli)', 'Late Aircraft (2 voli)']"
GCC,5,57,-7.33,-11.58,2,36.5,26.0,3,244.67,242.0,"['NAS (2 voli)', 'Weather (2 voli)', 'Carrier (1 voli)']"
GCC,6,52,-6.19,-9.16,4,34.25,29.75,4,165.25,170.75,"['Carrier (5 voli)', 'NAS (5 voli)', 'Late Aircraft (3 voli)']"
GCC,7,56,-7.16,-9.52,2,34.0,37.0,4,203.75,206.25,"['Carrier (6 voli)', 'NAS (4 voli)', 'Late Aircraft (1 voli)']"
GCC,8,55,-4.91,-9.05,3,17.33,43.33,6,265.33,301.6,"['NAS (11 voli)', 'Late Aircraft (4 voli)', 'Carrier (4 voli)']"
GCC,9,55,-8.07,-11.38,2,30.5,32.5,3,107.33,82.0,"['Late Aircraft (3 voli)', 'Carrier (1 voli)', 'NAS (1 voli)']"
GCC,10,52,-5.75,-12.15,3,26.67,18.67,5,266.8,263.6,"['Weather (4 voli)', 'Carrier (2 voli)', 'NAS (2 voli)']"
GCC,11,39,-6.1,-6.72,5,24.8,14.4,6,91.17,100.0,"['Carrier (10 voli)', 'NAS (7 voli)', 'Late Aircraft (3 voli)']"
GCC,12,48,-6.46,-12.6,4,37.75,28.75,4,437.0,430.25,"['Carrier (9 voli)', 'NAS (2 voli)', 'Late Aircraft (2 voli)']"
GCK,1,43,-5.72,-5.37,5,28.4,42.4,6,295.83,299.67,"['Weather (11 voli)', 'Carrier (9 voli)', 'NAS (6 voli)']"
GCK,2,50,-5.38,-10.4,6,27.67,33.5,1,207.0,210.0,"['NAS (4 voli)', 'Carrier (3 voli)', 'Weather (1 voli)']"
GCK,3,41,-1.59,-5.46,14,32.43,30.93,5,118.0,118.2,"['Carrier (12 voli)', 'NAS (11 voli)', 'Late Aircraft (7 voli)']"
GCK,4,46,-3.11,-7.59,6,28.83,37.17,7,230.71,226.86,"['Carrier (10 voli)', 'NAS (9 voli)', 'Late Aircraft (7 voli)']"
GCK,5,46,-3.98,-6.09,8,25.25,32.63,6,187.0,189.5,"['Carrier (10 voli)', 'NAS (9 voli)', 'Late Aircraft (8 voli)']"
GCK,6,50,-3.6,0.08,1,59.0,61.0,7,107.0,107.57,"['NAS (11 voli)', 'Late Aircraft (8 voli)', 'Carrier (6 voli)']"
GCK,7,52,-1.94,1.85,7,30.43,38.43,3,93.33,96.33,"['Carrier (11 voli)', 'NAS (11 voli)', 'Late Aircraft (7 voli)']"
GCK,8,49,-2.18,-1.12,8,22.5,25.0,5,199.8,203.8,"['Late Aircraft (9 voli)', 'NAS (5 voli)', 'Carrier (4 voli)']"
GCK,9,53,-4.0,-5.94,3,32.0,24.0,1,117.0,129.0,"['Carrier (3 voli)', 'NAS (2 voli)', 'Late Aircraft (1 voli)']"
GCK,10,51,-5.67,-11.82,2,32.0,22.0,7,157.29,155.29,"['Carrier (6 voli)', 'NAS (5 voli)', 'Late Aircraft (3 voli)']"
GCK,11,46,-2.2,-4.87,6,29.33,20.67,4,185.5,177.0,"['Carrier (9 voli)', 'NAS (7 voli)', 'Late Aircraft (4 voli)']"
GCK,12,46,-2.24,-10.46,6,31.0,33.83,7,173.71,179.71,"['Carrier (8 voli)', 'NAS (8 voli)', 'Late Aircraft (6 voli)']"
GEG,1,959,-2.67,-6.9,153,32.23,28.73,78,169.29,166.05,"['NAS (155 voli)', 'Carrier (153 voli)', 'Late Aircraft (102 voli)']"
GEG,2,988,-4.04,-8.24,86,31.85,28.91,44,170.39,164.28,"['NAS (100 voli)', 'Carrier (74 voli)', 'Late Aircraft (66 voli)']"
GEG,3,1198,-3.97,-7.92,118,34.09,27.91,46,145.22,134.89,"['Late Aircraft (90 voli)', 'Carrier (87 voli)', 'NAS (83 voli)']"
GEG,4,1306,-4.69,-8.03,105,29.86,24.56,36,113.19,113.25,"['Carrier (78 voli)', 'Late Aircraft (72 voli)', 'NAS (70 voli)']"
GEG,5,1236,-3.61,-8.42,150,31.63,23.89,57,162.39,158.72,"['Late Aircraft (107 voli)', 'Carrier (79 voli)', 'NAS (76 voli)']"
GEG,6,1176,-2.84,-7.12,178,29.06,21.04,83,121.51,114.72,"['Late Aircraft (122 voli)', 'Carrier (117 voli)', 'NAS (105 voli)']"
GEG,7,1252,-2.41,-6.61,192,30.57,24.2,108,171.05,167.58,"['Carrier (207 voli)', 'Late Aircraft (168 voli)', 'NAS (107 voli)']"
GEG,8,1372,-3.37,-5.26,180,31.0,27.89,66,143.82,143.21,"['NAS (140 voli)', 'Late Aircraft (131 voli)', 'Carrier (128 voli)']"
GEG,9,1321,-3.89,-7.47,130,30.4,24.78,45,151.91,148.4,"['NAS (91 voli)', 'Late Aircraft (87 voli)', 'Carrier (71 voli)']"
GEG,10,1319,-4.1,-7.25,80,29.14,23.96,45,147.8,144.18,"['Carrier (73 voli)', 'NAS (72 voli)', 'Late Aircraft (54 voli)']"
GEG,11,1249,-4.08,-7.45,124,28.43,22.14,47,141.45,139.69,"['NAS (103 voli)', 'Carrier (74 voli)', 'Late Aircraft (67 voli)']"
GEG,12,1136,-2.53,-6.37,181,30.07,24.46,78,145.56,141.58,"['Carrier (151 voli)', 'NAS (150 voli)', 'Late Aircraft (108 voli)']"
GFK,1,87,-4.34,-7.49,9,31.78,26.67,14,150.86,144.21,"['Carrier (16 voli)', 'NAS (12 voli)', 'Late Aircraft (5 voli)']"
GFK,2,80,-6.59,-14.73,4,39.5,49.5,7,241.43,233.29,"['NAS (6 voli)', 'Weather (6 voli)', 'Carrier (5 voli)']"
GFK,3,98,-5.33,-12.35,6,34.83,40.67,4,78.25,71.0,"['Carrier (7 voli)', 'Weather (7 voli)', 'NAS (6 voli)']"
GFK,4,87,-6.71,-15.11,3,39.0,29.33,5,98.8,87.8,"['Carrier (6 voli)', 'Late Aircraft (1 voli)', 'NAS (1 voli)']"
GFK,5,91,-6.89,-13.18,8,32.63,24.75,3,160.0,153.33,"['Carrier (6 voli)', 'Weather (2 voli)', 'Late Aircraft (2 voli)']"
GFK,6,74,-5.09,-1.54,14,36.86,50.0,10,156.3,162.5,"['NAS (31 voli)', 'Carrier (20 voli)', 'Weather (4 voli)']"
GFK,7,79,-6.28,-6.15,11,33.0,31.73,11,152.36,148.55,"['Carrier (20 voli)', 'NAS (7 voli)', 'Weather (5 voli)']"
GFK,8,81,-6.72,-6.85,12,35.25,45.5,9,152.22,160.0,"['NAS (20 voli)', 'Carrier (14 voli)', 'Weather (6 voli)']"
GFK,9,83,-7.12,-8.73,11,28.55,22.18,1,642.0,623.0,"['Carrier (8 voli)', 'NAS (3 voli)', 'Weather (1 voli)']"
GFK,10,101,-6.78,-16.76,1,52.0,33.0,5,102.2,96.0,"['Carrier (5 voli)', 'NAS (3 voli)', 'Weather (2 voli)']"
GFK,11,93,-6.71,-10.82,5,28.4,17.2,3,105.0,103.33,"['Carrier (6 voli)', 'NAS (6 voli)', 'Weather (2 voli)']"
GFK,12,69,-3.68,-9.14,11,37.45,38.55,14,181.93,174.29,"['NAS (13 voli)', 'Late Aircraft (12 voli)', 'Carrier (11 voli)']"
GGG,1,48,-6.4,-7.08,4,34.0,40.5,6,133.67,142.0,"['Carrier (9 voli)', 'Weather (9 voli)', 'NAS (7 voli)']"
GGG,2,47,-8.77,-15.21,2,22.5,21.0,7,169.57,169.43,"['Carrier (10 voli)', 'NAS (3 voli)', 'Late Aircraft (2 voli)']"
GGG,3,54,-8.17,-12.2,4,37.0,35.25,4,227.5,232.5,"['Weather (4 voli)', 'Carrier (3 voli)', 'NAS (3 voli)']"
GGG,4,50,-6.32,-8.46,0,NULL,NULL,10,150.2,149.0,"['NAS (8 voli)', 'Weather (6 voli)', 'Carrier (2 voli)']"
GGG,5,44,-4.73,-3.25,4,28.5,22.25,11,175.45,175.64,"['Carrier (9 voli)', 'NAS (9 voli)', 'Late Aircraft (8 voli)']"
GGG,6,50,-6.98,-13.66,3,37.0,35.0,6,142.67,122.5,"['Late Aircraft (4 voli)', 'NAS (2 voli)', 'Carrier (2 voli)']"
GGG,7,46,-4.22,-11.41,8,35.25,31.38,5,98.4,86.4,"['Carrier (10 voli)', 'Late Aircraft (10 voli)', 'Weather (5 voli)']"
GGG,8,50,-3.18,-3.28,7,36.14,31.0,5,113.2,104.2,"['Late Aircraft (8 voli)', 'Carrier (7 voli)', 'NAS (4 voli)']"
GGG,9,51,-4.04,-8.39,4,38.25,33.5,5,145.2,135.0,"['Carrier (9 voli)', 'Late Aircraft (4 voli)', 'NAS (3 voli)']"
GGG,10,50,-6.38,-9.88,9,34.22,31.0,3,164.67,153.0,"['Carrier (13 voli)', 'NAS (6 voli)']"
GGG,11,39,-4.79,-5.77,10,34.3,23.4,7,108.57,111.57,"['Carrier (8 voli)', 'Weather (6 voli)', 'NAS (5 voli)']"
GGG,12,44,-4.36,-6.86,5,35.0,23.8,8,147.5,141.88,"['Carrier (13 voli)', 'NAS (4 voli)', 'Weather (4 voli)']"
GJT,1,196,-5.35,-8.9,28,31.71,23.61,19,228.58,223.32,"['Carrier (28 voli)', 'Late Aircraft (15 voli)', 'NAS (14 voli)']"
GJT,2,235,-6.1,-9.91,23,31.48,27.17,17,166.12,161.88,"['Carrier (27 voli)', 'NAS (23 voli)', 'Late Aircraft (14 voli)']"
GJT,3,247,-6.23,-6.01,30,30.7,35.83,7,383.0,381.57,"['NAS (34 voli)', 'Late Aircraft (26 voli)', 'Carrier (23 voli)']"
GJT,4,214,-5.59,-6.02,14,37.57,36.14,10,232.3,236.5,"['NAS (27 voli)', 'Carrier (18 voli)', 'Late Aircraft (10 voli)']"
GJT,5,237,-5.61,-7.35,26,34.04,28.44,33,154.64,159.58,"['NAS (29 voli)', 'Carrier (26 voli)', 'Late Aircraft (22 voli)']"
GJT,6,275,-5.85,-6.97,33,34.09,25.97,28,247.32,246.11,"['Carrier (37 voli)', 'NAS (26 voli)', 'Late Aircraft (25 voli)']"
GJT,7,277,-6.28,-11.25,43,29.6,25.23,24,249.04,246.46,"['Late Aircraft (35 voli)', 'Carrier (33 voli)', 'NAS (26 voli)']"
GJT,8,281,-5.93,-9.18,34,31.88,31.03,17,217.94,215.29,"['NAS (35 voli)', 'Carrier (32 voli)', 'Late Aircraft (25 voli)']"
GJT,9,299,-6.16,-9.6,27,29.63,25.85,15,154.87,147.33,"['NAS (28 voli)', 'Carrier (23 voli)', 'Late Aircraft (16 voli)']"
GJT,10,329,-6.45,-12.84,20,30.05,19.4,25,197.92,185.84,"['Carrier (33 voli)', 'Late Aircraft (11 voli)', 'NAS (5 voli)']"
GJT,11,248,-4.73,-7.83,31,34.13,29.32,33,155.52,157.12,"['NAS (40 voli)', 'Carrier (35 voli)', 'Late Aircraft (28 voli)']"
GJT,12,327,-4.61,-8.28,28,35.64,28.71,13,173.15,162.77,"['Carrier (37 voli)', 'NAS (24 voli)', 'Late Aircraft (12 voli)']"
GNV,1,164,-4.51,-11.3,24,30.96,22.17,9,99.78,102.33,"['Carrier (19 voli)', 'Late Aircraft (17 voli)', 'NAS (6 voli)']"
GNV,2,170,-5.55,-12.95,11,42.73,37.09,2,275.5,244.5,"['Carrier (8 voli)', 'Late Aircraft (7 voli)', 'NAS (5 voli)']"
GNV,3,177,-5.1,-10.23,23,29.43,23.57,10,153.7,145.2,"['Late Aircraft (18 voli)', 'Carrier (15 voli)', 'NAS (12 voli)']"
GNV,4,216,-5.81,-9.64,14,38.86,31.36,19,172.21,170.89,"['Late Aircraft (22 voli)', 'Carrier (18 voli)', 'NAS (16 voli)']"
GNV,5,203,-5.31,-8.99,15,29.8,27.13,23,198.09,202.27,"['Carrier (26 voli)', 'Late Aircraft (22 voli)', 'NAS (21 voli)']"
GNV,6,225,-5.61,-12.91,30,29.77,21.0,20,109.75,108.26,"['Late Aircraft (30 voli)', 'Carrier (21 voli)', 'Weather (13 voli)']"
GNV,7,192,-5.89,-10.26,43,33.77,29.76,42,144.57,143.76,"['Late Aircraft (57 voli)', 'Carrier (41 voli)', 'NAS (26 voli)']"
GNV,8,230,-6.47,-10.15,27,30.78,25.3,20,182.7,174.9,"['Late Aircraft (32 voli)', 'Carrier (24 voli)', 'Weather (20 voli)']"
GNV,9,220,-7.45,-13.96,18,32.72,25.78,15,122.73,117.4,"['Late Aircraft (22 voli)', 'NAS (12 voli)', 'Weather (11 voli)']"
GNV,10,249,-7.79,-13.59,10,32.5,23.6,7,147.86,140.29,"['Late Aircraft (10 voli)', 'Weather (10 voli)', 'Carrier (7 voli)']"
GNV,11,196,-7.09,-13.16,23,34.17,24.87,9,263.56,260.78,"['Carrier (19 voli)', 'NAS (12 voli)', 'Late Aircraft (9 voli)']"
GNV,12,193,-4.78,-10.37,22,24.91,19.36,17,152.29,146.65,"['Carrier (24 voli)', 'NAS (21 voli)', 'Late Aircraft (18 voli)']"
GPT,1,183,-5.95,-10.32,25,31.92,25.16,21,204.19,208.0,"['Late Aircraft (24 voli)', 'NAS (20 voli)', 'Weather (19 voli)']"
GPT,2,209,-7.09,-10.63,16,29.38,25.38,7,287.14,276.43,"['Carrier (10 voli)', 'Late Aircraft (5 voli)', 'NAS (5 voli)']"
GPT,3,253,-6.38,-9.6,15,28.93,26.0,11,200.45,200.36,"['NAS (16 voli)', 'Late Aircraft (16 voli)', 'Weather (10 voli)']"
GPT,4,225,-6.3,-8.67,18,31.5,30.61,16,234.13,238.5,"['NAS (25 voli)', 'Late Aircraft (21 voli)', 'Carrier (18 voli)']"
GPT,5,215,-3.9,-6.54,27,32.48,32.96,29,175.07,172.71,"['Late Aircraft (40 voli)', 'NAS (37 voli)', 'Carrier (29 voli)']"
GPT,6,227,-6.63,-12.18,42,30.52,25.4,20,207.65,197.95,"['Late Aircraft (37 voli)', 'Carrier (26 voli)', 'NAS (24 voli)']"
GPT,7,216,-7.06,-9.79,39,36.59,33.69,33,222.48,218.36,"['Late Aircraft (49 voli)', 'Carrier (46 voli)', 'NAS (25 voli)']"
GPT,8,246,-8.13,-12.65,21,31.14,26.25,17,198.29,189.53,"['Late Aircraft (24 voli)', 'NAS (16 voli)', 'Carrier (15 voli)']"
GPT,9,232,-7.69,-8.68,26,32.08,27.46,23,200.96,193.74,"['Late Aircraft (31 voli)', 'Carrier (25 voli)', 'NAS (22 voli)']"
GPT,10,269,-7.33,-11.09,22,32.95,27.18,5,117.6,111.6,"['Late Aircraft (16 voli)', 'Carrier (15 voli)', 'NAS (10 voli)']"
GPT,11,244,-7.15,-8.91,18,32.22,27.28,7,232.71,250.71,"['NAS (20 voli)', 'Carrier (13 voli)', 'Late Aircraft (11 voli)']"
GPT,12,238,-5.96,-8.0,29,33.21,32.21,24,173.0,180.79,"['NAS (36 voli)', 'Late Aircraft (33 voli)', 'Carrier (29 voli)']"
GRB,1,203,-3.45,-7.11,27,35.93,26.11,52,191.58,182.44,"['Carrier (47 voli)', 'NAS (36 voli)', 'Weather (36 voli)']"
GRB,2,270,-5.6,-14.16,12,30.25,26.92,24,232.96,218.0,"['Weather (18 voli)', 'NAS (15 voli)', 'Carrier (14 voli)']"
GRB,3,309,-5.53,-11.29,29,36.9,30.76,22,146.14,135.86,"['Carrier (22 voli)', 'NAS (17 voli)', 'Late Aircraft (12 voli)']"
GRB,4,339,-5.14,-7.42,20,30.95,30.2,29,198.93,195.66,"['Carrier (44 voli)', 'NAS (24 voli)', 'Late Aircraft (14 voli)']"
GRB,5,271,-5.03,-9.62,31,35.48,29.55,40,177.28,177.48,"['Carrier (43 voli)', 'NAS (20 voli)', 'Weather (18 voli)']"
GRB,6,284,-5.42,-5.99,45,31.62,38.16,36,187.0,189.06,"['NAS (54 voli)', 'Carrier (53 voli)', 'Late Aircraft (24 voli)']"
GRB,7,221,-5.57,-6.35,26,33.73,34.77,30,142.97,143.93,"['Carrier (47 voli)', 'NAS (30 voli)', 'Late Aircraft (11 voli)']"
GRB,8,307,-4.98,-5.62,47,33.53,31.74,25,122.0,121.96,"['NAS (50 voli)', 'Carrier (43 voli)', 'Late Aircraft (24 voli)']"
GRB,9,337,-5.49,-10.17,43,28.23,23.28,17,117.18,116.18,"['Carrier (36 voli)', 'NAS (24 voli)', 'Late Aircraft (17 voli)']"
GRB,10,330,-5.28,-11.53,20,35.0,30.2,12,102.67,90.67,"['Carrier (25 voli)', 'Late Aircraft (11 voli)', 'NAS (11 voli)']"
GRB,11,230,-4.89,-11.41,32,31.94,24.78,20,153.7,147.7,"['Carrier (29 voli)', 'NAS (14 voli)', 'Weather (13 voli)']"
GRB,12,179,-4.02,-7.25,27,30.33,23.41,36,211.08,201.64,"['Carrier (46 voli)', 'NAS (19 voli)', 'Weather (17 voli)']"
GRI,1,51,-5.41,-4.16,8,26.0,33.75,13,191.23,197.31,"['NAS (16 voli)', 'Carrier (16 voli)', 'Weather (8 voli)']"
GRI,2,57,-6.14,-10.63,6,35.0,25.67,1,410.0,408.0,"['NAS (4 voli)', 'Carrier (3 voli)', 'Late Aircraft (2 voli)']"
GRI,3,55,-5.16,-11.65,6,36.5,27.33,4,133.25,155.0,"['NAS (8 voli)', 'Carrier (6 voli)', 'Late Aircraft (3 voli)']"
GRI,4,58,-5.0,-10.16,4,28.75,23.25,8,216.88,223.88,"['Carrier (7 voli)', 'NAS (5 voli)', 'Weather (4 voli)']"
GRI,5,60,-3.22,-9.3,10,30.2,22.5,7,297.86,293.71,"['Weather (9 voli)', 'Carrier (7 voli)', 'NAS (5 voli)']"
GRI,6,56,-5.66,-10.11,6,24.5,17.2,15,132.87,131.73,"['Carrier (13 voli)', 'NAS (8 voli)', 'Late Aircraft (7 voli)']"
GRI,7,66,-7.62,-4.61,7,29.43,26.71,3,221.67,214.0,"['Carrier (8 voli)', 'NAS (6 voli)', 'Late Aircraft (3 voli)']"
GRI,8,61,-5.82,-8.05,14,28.57,29.29,5,238.0,236.4,"['Carrier (12 voli)', 'NAS (12 voli)', 'Late Aircraft (3 voli)']"
GRI,9,60,-5.2,-1.15,11,30.73,33.09,7,192.43,186.86,"['Carrier (14 voli)', 'NAS (5 voli)', 'Late Aircraft (4 voli)']"
GRI,10,63,-3.56,-9.1,12,36.42,30.0,5,159.2,161.2,"['Carrier (10 voli)', 'Late Aircraft (8 voli)', 'NAS (6 voli)']"
GRI,11,57,-4.96,-7.09,4,33.5,43.0,16,274.69,273.81,"['Carrier (17 voli)', 'NAS (10 voli)', 'Weather (3 voli)']"
GRI,12,42,-4.0,-8.0,19,31.05,28.42,14,187.07,183.71,"['Carrier (24 voli)', 'NAS (14 voli)', 'Late Aircraft (7 voli)']"
GRK,1,90,-5.31,-6.8,15,33.07,40.0,15,122.93,118.47,"['Carrier (18 voli)', 'NAS (17 voli)', 'Weather (16 voli)']"
GRK,2,108,-5.31,-7.68,6,21.33,22.83,2,89.0,86.5,"['Carrier (4 voli)', 'NAS (4 voli)', 'Late Aircraft (3 voli)']"
GRK,3,98,-4.41,-7.65,13,26.31,28.77,9,84.44,78.11,"['Late Aircraft (15 voli)', 'Carrier (12 voli)', 'NAS (12 voli)']"
GRK,4,116,-5.54,-9.11,9,37.33,41.0,16,215.31,222.63,"['NAS (18 voli)', 'Weather (14 voli)', 'Carrier (11 voli)']"
GRK,5,100,-4.08,-6.13,26,33.0,31.27,22,163.05,168.05,"['Carrier (25 voli)', 'NAS (25 voli)', 'Late Aircraft (23 voli)']"
GRK,6,94,-2.36,-4.45,28,32.89,32.82,22,151.68,146.5,"['Late Aircraft (35 voli)', 'Carrier (32 voli)', 'NAS (21 voli)']"
GRK,7,121,-4.4,-8.27,30,35.4,31.07,23,133.74,131.61,"['Late Aircraft (40 voli)', 'Carrier (34 voli)', 'NAS (21 voli)']"
GRK,8,122,-4.64,-8.16,21,31.71,28.81,7,244.57,237.71,"['Late Aircraft (19 voli)', 'Carrier (11 voli)', 'NAS (7 voli)']"
GRK,9,121,-3.8,-5.28,19,32.63,32.53,9,124.0,119.22,"['Late Aircraft (19 voli)', 'Carrier (18 voli)', 'NAS (17 voli)']"
GRK,10,154,-5.31,-8.9,14,27.0,19.43,7,122.0,116.29,"['Carrier (12 voli)', 'NAS (11 voli)', 'Late Aircraft (9 voli)']"
GRK,11,136,-5.43,-10.9,20,28.85,28.85,13,109.46,104.15,"['Late Aircraft (20 voli)', 'Carrier (17 voli)', 'NAS (12 voli)']"
GRK,12,130,-4.62,-6.03,17,31.06,28.94,5,137.4,136.8,"['Late Aircraft (17 voli)', 'NAS (16 voli)', 'Carrier (12 voli)']"
GRR,1,958,-3.47,-4.28,193,31.68,32.23,178,191.14,199.52,"['NAS (341 voli)', 'Late Aircraft (203 voli)', 'Weather (193 voli)']"
GRR,2,1046,-5.0,-13.74,111,30.55,20.89,70,179.66,175.71,"['NAS (85 voli)', 'Late Aircraft (75 voli)', 'Carrier (70 voli)']"
GRR,3,1244,-5.36,-9.36,167,31.38,27.68,100,197.54,199.44,"['NAS (185 voli)', 'Late Aircraft (123 voli)', 'Carrier (121 voli)']"
GRR,4,1204,-5.9,-11.68,123,32.45,26.02,66,154.59,148.21,"['Late Aircraft (107 voli)', 'NAS (93 voli)', 'Carrier (88 voli)']"
GRR,5,1122,-4.58,-9.28,139,31.82,29.18,111,148.14,151.13,"['NAS (158 voli)', 'Late Aircraft (151 voli)', 'Carrier (136 voli)']"
GRR,6,1147,-4.17,-8.34,207,31.72,27.83,128,149.98,150.09,"['NAS (193 voli)', 'Late Aircraft (186 voli)', 'Carrier (166 voli)']"
GRR,7,1119,-3.7,-6.31,200,33.75,32.89,151,159.69,158.63,"['Carrier (227 voli)', 'NAS (209 voli)', 'Late Aircraft (207 voli)']"
GRR,8,1126,-3.7,-7.53,201,31.21,31.02,94,145.18,147.57,"['NAS (181 voli)', 'Late Aircraft (165 voli)', 'Carrier (147 voli)']"
GRR,9,1235,-4.4,-8.79,121,29.62,25.53,45,160.84,156.93,"['NAS (115 voli)', 'Carrier (102 voli)', 'Late Aircraft (85 voli)']"
GRR,10,1277,-4.63,-10.17,105,31.02,25.3,47,173.91,168.57,"['Carrier (84 voli)', 'Late Aircraft (73 voli)', 'NAS (72 voli)']"
GRR,11,1172,-5.39,-8.55,126,30.9,29.9,74,159.04,160.0,"['NAS (152 voli)', 'Carrier (104 voli)', 'Late Aircraft (88 voli)']"
GRR,12,1182,-3.77,-5.87,194,31.7,31.07,122,151.3,150.33,"['NAS (274 voli)', 'Carrier (183 voli)', 'Late Aircraft (136 voli)']"
GSO,1,681,-5.27,-9.78,63,34.25,31.84,70,176.79,170.46,"['NAS (89 voli)', 'Late Aircraft (80 voli)', 'Carrier (67 voli)']"
GSO,2,739,-5.83,-11.6,47,29.89,22.38,30,148.27,141.73,"['NAS (49 voli)', 'Carrier (42 voli)', 'Late Aircraft (37 voli)']"
GSO,3,815,-5.4,-10.29,49,30.94,25.16,36,163.61,161.97,"['NAS (63 voli)', 'Late Aircraft (50 voli)', 'Carrier (38 voli)']"
GSO,4,836,-4.93,-7.02,54,27.48,27.15,41,178.63,177.73,"['NAS (98 voli)', 'Carrier (69 voli)', 'Late Aircraft (62 voli)']"
GSO,5,802,-4.73,-7.57,93,35.09,31.64,88,161.66,162.44,"['NAS (127 voli)', 'Late Aircraft (104 voli)', 'Carrier (101 voli)']"
GSO,6,829,-4.76,-10.38,91,32.87,29.05,66,166.36,165.44,"['NAS (99 voli)', 'Late Aircraft (95 voli)', 'Carrier (76 voli)']"
GSO,7,724,-4.14,-6.83,140,34.68,34.05,132,160.76,163.81,"['NAS (179 voli)', 'Late Aircraft (170 voli)', 'Carrier (159 voli)']"
GSO,8,847,-5.11,-8.19,90,32.68,31.84,103,170.73,169.12,"['NAS (134 voli)', 'Late Aircraft (114 voli)', 'Carrier (80 voli)']"
GSO,9,889,-4.97,-9.31,87,31.68,26.06,49,160.31,161.31,"['NAS (93 voli)', 'Late Aircraft (76 voli)', 'Carrier (65 voli)']"
GSO,10,936,-5.05,-9.03,68,28.75,21.1,30,149.3,141.8,"['NAS (93 voli)', 'Carrier (54 voli)', 'Late Aircraft (46 voli)']"
GSO,11,832,-4.21,-6.55,55,31.25,30.44,28,208.61,210.86,"['NAS (100 voli)', 'Carrier (72 voli)', 'Late Aircraft (39 voli)']"
GSO,12,718,-2.59,-6.02,103,31.66,26.76,61,132.82,128.73,"['NAS (129 voli)', 'Carrier (106 voli)', 'Late Aircraft (91 voli)']"
GSP,1,901,-4.13,-9.13,119,33.2,27.59,93,153.78,146.68,"['Late Aircraft (124 voli)', 'Carrier (105 voli)', 'NAS (96 voli)']"
GSP,2,1014,-5.03,-10.28,63,29.59,20.56,37,161.65,154.62,"['Carrier (67 voli)', 'NAS (59 voli)', 'Late Aircraft (50 voli)']"
GSP,3,1096,-4.7,-9.86,100,30.11,23.71,45,164.93,159.18,"['NAS (88 voli)', 'Late Aircraft (81 voli)', 'Carrier (68 voli)']"
GSP,4,1114,-4.27,-7.87,114,30.12,28.05,54,139.13,137.07,"['Late Aircraft (117 voli)', 'NAS (111 voli)', 'Carrier (83 voli)']"
GSP,5,1086,-3.32,-7.58,173,32.5,28.56,149,149.91,148.78,"['Late Aircraft (214 voli)', 'NAS (178 voli)', 'Carrier (161 voli)']"
GSP,6,1147,-3.88,-8.26,127,31.54,25.97,91,174.62,173.42,"['NAS (142 voli)', 'Late Aircraft (115 voli)', 'Carrier (106 voli)']"
GSP,7,1056,-3.67,-7.22,178,35.61,36.06,183,157.04,154.13,"['Late Aircraft (221 voli)', 'Carrier (220 voli)', 'NAS (205 voli)']"
GSP,8,1170,-4.4,-8.52,145,32.54,29.92,102,153.13,152.9,"['NAS (158 voli)', 'Late Aircraft (135 voli)', 'Carrier (121 voli)']"
GSP,9,1105,-4.42,-9.0,111,32.22,26.37,76,168.32,164.04,"['Late Aircraft (113 voli)', 'NAS (111 voli)', 'Carrier (105 voli)']"
GSP,10,1244,-5.08,-8.88,99,30.07,23.48,54,157.56,153.17,"['NAS (127 voli)', 'Carrier (88 voli)', 'Late Aircraft (88 voli)']"
GSP,11,1165,-4.22,-8.13,98,29.35,23.43,30,126.17,123.1,"['NAS (122 voli)', 'Carrier (83 voli)', 'Late Aircraft (75 voli)']"
GSP,12,1029,-3.23,-7.94,166,31.09,23.2,92,147.17,141.6,"['Carrier (151 voli)', 'Late Aircraft (134 voli)', 'NAS (119 voli)']"
GST,6,28,-12.11,-13.61,0,NULL,NULL,0,NULL,NULL,"[]"
GST,7,22,0.23,-2.05,4,33.0,24.75,3,123.33,120.0,"['Late Aircraft (4 voli)', 'Weather (3 voli)', 'NAS (3 voli)']"
GST,8,20,-9.2,-11.4,3,24.67,15.67,1,224.0,220.0,"['Weather (3 voli)', 'Carrier (3 voli)', 'Late Aircraft (1 voli)']"
GTF,1,158,-5.2,-8.92,18,31.56,23.61,24,225.67,229.42,"['NAS (21 voli)', 'Weather (18 voli)', 'Carrier (15 voli)']"
GTF,2,166,-4.43,-5.28,11,33.18,32.27,17,291.94,296.12,"['Carrier (31 voli)', 'NAS (26 voli)', 'Weather (10 voli)']"
GTF,3,193,-5.34,-8.0,11,35.27,28.55,11,218.18,221.36,"['Carrier (15 voli)', 'NAS (15 voli)', 'Late Aircraft (7 voli)']"
GTF,4,197,-5.02,-9.3,10,38.8,29.7,9,263.78,259.44,"['Carrier (15 voli)', 'Late Aircraft (8 voli)', 'NAS (7 voli)']"
GTF,5,185,-5.78,-11.19,12,36.17,29.08,8,132.5,125.38,"['Carrier (17 voli)', 'NAS (12 voli)', 'Late Aircraft (6 voli)']"
GTF,6,167,-4.43,-10.07,12,32.42,25.0,6,185.83,174.33,"['NAS (12 voli)', 'Carrier (11 voli)', 'Late Aircraft (6 voli)']"
GTF,7,171,-4.28,-11.09,10,30.7,17.5,5,327.2,317.6,"['Carrier (13 voli)', 'NAS (7 voli)', 'Late Aircraft (6 voli)']"
GTF,8,177,-5.34,-9.59,8,36.75,35.13,4,120.25,127.5,"['NAS (12 voli)', 'Carrier (8 voli)', 'Late Aircraft (5 voli)']"
GTF,9,165,-5.43,-13.05,9,29.22,16.89,3,123.67,109.67,"['Carrier (7 voli)', 'Late Aircraft (2 voli)', 'NAS (2 voli)']"
GTF,10,169,-4.69,-11.82,10,30.5,18.2,7,153.14,137.14,"['Carrier (12 voli)', 'NAS (3 voli)', 'Late Aircraft (1 voli)']"
GTF,11,167,-4.87,-5.29,12,33.25,35.5,5,84.8,86.0,"['Carrier (23 voli)', 'NAS (14 voli)', 'Weather (3 voli)']"
GTF,12,169,-5.37,-13.17,11,33.82,24.64,8,236.25,232.0,"['Carrier (12 voli)', 'Late Aircraft (9 voli)', 'NAS (8 voli)']"
GTR,1,40,-5.0,-17.33,2,32.0,32.0,8,156.13,160.13,"['NAS (9 voli)', 'Late Aircraft (8 voli)', 'Weather (3 voli)']"
GTR,2,49,-5.67,-16.73,3,25.0,9.67,0,NULL,NULL,"['Carrier (1 voli)', 'Late Aircraft (1 voli)']"
GTR,3,57,-4.74,-11.07,3,21.67,3.33,1,384.0,381.0,"['Late Aircraft (2 voli)', 'NAS (1 voli)', 'Carrier (1 voli)']"
GTR,4,54,-5.74,-11.26,3,37.67,28.33,3,118.33,112.0,"['Carrier (3 voli)', 'Late Aircraft (2 voli)', 'NAS (2 voli)']"
GTR,5,57,-3.79,-7.68,3,40.0,43.33,2,163.5,163.0,"['Late Aircraft (4 voli)', 'NAS (4 voli)', 'Carrier (1 voli)']"
GTR,6,56,-6.02,-10.8,3,42.0,42.33,1,126.0,127.0,"['NAS (6 voli)', 'Late Aircraft (3 voli)', 'Carrier (2 voli)']"
GTR,7,48,-4.56,-5.83,5,28.6,23.2,7,175.43,170.71,"['NAS (9 voli)', 'Late Aircraft (6 voli)', 'Carrier (2 voli)']"
GTR,8,60,-6.9,-16.95,1,23.0,21.0,1,99.0,95.0,"['Late Aircraft (2 voli)']"
GTR,9,55,-5.56,-10.8,2,22.0,10.0,2,65.0,99.0,"['NAS (5 voli)', 'Late Aircraft (1 voli)', 'Carrier (1 voli)']"
GTR,10,62,-7.31,-13.11,0,NULL,NULL,0,NULL,NULL,"['NAS (2 voli)']"
GTR,11,56,-5.96,-9.05,2,29.5,29.5,1,292.0,285.0,"['NAS (4 voli)', 'Carrier (1 voli)', 'Late Aircraft (1 voli)']"
GTR,12,51,-5.02,-10.98,4,33.0,46.25,3,101.33,99.0,"['NAS (5 voli)', 'Carrier (3 voli)', 'Late Aircraft (3 voli)']"
GUC,1,69,-6.13,-6.57,10,34.3,27.4,17,181.06,186.12,"['Late Aircraft (18 voli)', 'NAS (14 voli)', 'Carrier (6 voli)']"
GUC,2,70,-5.33,-9.94,5,33.2,27.6,8,101.75,93.88,"['Carrier (9 voli)', 'NAS (7 voli)', 'Late Aircraft (4 voli)']"
GUC,3,75,-6.91,-10.67,7,35.57,37.14,11,171.55,169.82,"['NAS (11 voli)', 'Carrier (9 voli)', 'Late Aircraft (8 voli)']"
GUC,4,39,-7.38,-11.15,2,24.0,6.5,0,NULL,NULL,"['Carrier (1 voli)', 'NAS (1 voli)']"
GUC,5,33,-7.48,-11.64,1,20.0,16.0,5,112.4,109.0,"['NAS (4 voli)', 'Weather (2 voli)', 'Carrier (2 voli)']"
GUC,6,50,-6.98,-6.16,10,36.1,31.3,3,127.0,121.0,"['Carrier (9 voli)', 'NAS (3 voli)', 'Late Aircraft (2 voli)']"
GUC,7,58,-6.36,-11.05,4,28.75,20.75,3,115.67,104.0,"['Carrier (9 voli)', 'NAS (4 voli)', 'Late Aircraft (1 voli)']"
GUC,8,44,-5.64,-14.84,7,40.57,27.43,6,142.67,136.33,"['Carrier (10 voli)', 'Late Aircraft (3 voli)', 'NAS (3 voli)']"
GUC,9,35,-6.91,-14.14,0,NULL,NULL,1,63.0,57.0,"['Carrier (2 voli)', 'NAS (1 voli)']"
GUC,10,35,-7.57,-10.34,1,22.0,20.0,2,94.5,90.5,"['Carrier (2 voli)', 'Late Aircraft (1 voli)', 'NAS (1 voli)']"
GUC,11,31,-5.0,-10.03,5,43.2,28.0,3,194.33,194.0,"['Carrier (6 voli)', 'Weather (4 voli)', 'NAS (3 voli)']"
GUC,12,59,-6.34,-11.07,6,35.83,21.67,9,402.22,402.33,"['Carrier (9 voli)', 'Late Aircraft (9 voli)', 'NAS (4 voli)']"
GUM,1,49,-6.22,-14.67,2,17.0,-8.5,1,374.0,344.0,"['Carrier (1 voli)', 'Late Aircraft (1 voli)']"
GUM,2,38,-5.79,-11.32,2,28.5,12.5,0,NULL,NULL,"['Carrier (1 voli)', 'NAS (1 voli)']"
GUM,3,49,-4.92,-13.84,1,32.0,-6.0,0,NULL,NULL,"[]"
GUM,4,42,-9.02,-15.1,6,22.67,-5.5,0,NULL,NULL,"[]"
GUM,5,49,-3.43,-13.59,5,30.6,2.4,1,829.0,795.0,"['Carrier (2 voli)', 'Late Aircraft (1 voli)']"
GUM,6,48,0.15,-6.35,9,27.78,19.78,3,93.67,77.67,"['Carrier (11 voli)', 'NAS (2 voli)']"
GUM,7,55,-1.67,-11.56,7,29.29,11.14,0,NULL,NULL,"['Carrier (2 voli)']"
GUM,8,54,-1.65,-8.43,5,33.8,29.0,3,91.67,80.67,"['Carrier (7 voli)', 'NAS (1 voli)']"
GUM,9,47,-6.26,-15.0,3,43.0,14.67,2,130.0,109.5,"['Carrier (4 voli)', 'Weather (2 voli)', 'NAS (1 voli)']"
GUM,10,54,-6.31,-14.44,3,23.67,16.67,0,NULL,NULL,"['Carrier (2 voli)', 'NAS (2 voli)']"
GUM,11,56,-3.89,-7.86,2,32.5,16.5,1,112.0,111.0,"['Carrier (2 voli)', 'NAS (1 voli)']"
GUM,12,58,-3.66,-9.36,2,31.0,15.0,1,95.0,82.0,"['NAS (2 voli)', 'Carrier (1 voli)']"
HDN,1,283,-3.36,-6.12,60,33.18,29.43,41,193.46,191.27,"['Late Aircraft (78 voli)', 'NAS (76 voli)', 'Carrier (55 voli)']"
HDN,2,270,-3.4,-7.55,83,31.14,30.83,33,155.18,160.67,"['NAS (80 voli)', 'Late Aircraft (71 voli)', 'Carrier (53 voli)']"
HDN,3,304,-4.96,-7.11,52,30.81,28.48,32,212.0,218.52,"['NAS (77 voli)', 'Late Aircraft (58 voli)', 'Carrier (37 voli)']"
HDN,4,104,-4.51,-8.61,10,31.7,22.3,2,99.5,93.0,"['Late Aircraft (9 voli)', 'Carrier (6 voli)', 'NAS (3 voli)']"
HDN,5,77,-6.75,-10.38,10,31.3,15.9,7,114.29,125.71,"['NAS (9 voli)', 'Late Aircraft (5 voli)', 'Carrier (3 voli)']"
HDN,6,94,-4.2,-7.4,16,28.19,17.19,7,99.71,94.57,"['Carrier (11 voli)', 'NAS (8 voli)', 'Late Aircraft (6 voli)']"
HDN,7,89,-2.94,-11.61,25,37.12,24.04,12,140.17,132.58,"['Carrier (20 voli)', 'Late Aircraft (11 voli)', 'NAS (8 voli)']"
HDN,8,94,-1.65,-8.91,20,34.4,28.35,11,188.73,176.55,"['Carrier (22 voli)', 'NAS (13 voli)', 'Late Aircraft (6 voli)']"
HDN,9,91,-5.67,-8.66,6,21.33,8.5,5,145.4,135.8,"['Carrier (14 voli)', 'NAS (4 voli)', 'Late Aircraft (2 voli)']"
HDN,10,91,-5.45,-9.66,4,41.25,26.0,2,103.5,84.0,"['Carrier (14 voli)', 'Late Aircraft (4 voli)', 'NAS (2 voli)']"
HDN,11,63,-3.98,-4.49,13,35.77,21.08,11,140.45,148.73,"['Late Aircraft (12 voli)', 'NAS (11 voli)', 'Weather (10 voli)']"
HDN,12,150,-3.29,-6.74,48,32.08,25.88,28,177.61,176.85,"['Late Aircraft (51 voli)', 'NAS (45 voli)', 'Carrier (38 voli)']"
HGR,1,12,-7.83,-16.08,4,28.75,37.25,1,112.0,107.0,"['Late Aircraft (4 voli)', 'Carrier (3 voli)', 'NAS (2 voli)']"
HGR,2,11,-2.91,-2.73,2,36.5,37.5,3,298.33,303.0,"['Late Aircraft (4 voli)', 'NAS (4 voli)', 'Carrier (3 voli)']"
HGR,3,12,2.0,-1.08,4,40.0,45.5,2,78.0,98.0,"['Late Aircraft (5 voli)', 'NAS (5 voli)', 'Carrier (4 voli)']"
HGR,4,5,-10.2,-16.4,8,35.75,27.5,1,129.0,131.0,"['Late Aircraft (6 voli)', 'Carrier (6 voli)', 'NAS (2 voli)']"
HGR,5,12,-7.33,-11.42,5,25.0,22.4,3,120.67,133.33,"['Late Aircraft (5 voli)', 'NAS (3 voli)', 'Carrier (1 voli)']"
HGR,6,15,-8.27,-10.47,15,38.13,31.93,4,97.75,91.5,"['Late Aircraft (16 voli)', 'Carrier (10 voli)', 'NAS (4 voli)']"
HGR,7,18,-8.39,-9.44,14,32.21,26.86,10,283.7,283.6,"['Late Aircraft (17 voli)', 'Carrier (10 voli)', 'NAS (8 voli)']"
HGR,8,23,-3.3,0.04,6,27.17,23.17,2,113.5,137.5,"['NAS (9 voli)', 'Late Aircraft (7 voli)', 'Weather (3 voli)']"
HGR,9,18,-6.44,-5.56,1,52.0,76.0,0,NULL,NULL,"['Late Aircraft (1 voli)', 'NAS (1 voli)']"
HGR,10,20,-7.65,-7.05,3,22.0,18.33,3,172.33,169.0,"['Carrier (4 voli)', 'Late Aircraft (4 voli)', 'Weather (3 voli)']"
HGR,11,14,-6.36,-14.36,2,39.0,35.5,3,390.67,388.0,"['Carrier (4 voli)', 'Late Aircraft (4 voli)', 'NAS (1 voli)']"
HGR,12,9,2.11,-5.67,3,37.33,26.33,9,234.78,226.0,"['Carrier (8 voli)', 'Late Aircraft (8 voli)', 'NAS (2 voli)']"
HHH,1,48,-5.48,-12.15,5,38.0,35.4,3,101.0,100.33,"['Late Aircraft (9 voli)', 'Weather (6 voli)', 'NAS (5 voli)']"
HHH,2,59,-6.05,-9.42,7,31.71,28.29,3,100.0,98.67,"['Late Aircraft (9 voli)', 'NAS (5 voli)', 'Carrier (1 voli)']"
HHH,3,75,-4.81,-6.01,14,38.29,31.5,3,112.67,103.0,"['Late Aircraft (15 voli)', 'NAS (9 voli)', 'Carrier (3 voli)']"
HHH,4,133,-3.55,-4.97,27,25.85,18.23,12,135.75,126.42,"['Late Aircraft (28 voli)', 'NAS (22 voli)', 'Carrier (11 voli)']"
HHH,5,142,-3.64,-6.95,39,30.41,28.79,46,144.91,142.0,"['Late Aircraft (62 voli)', 'NAS (46 voli)', 'Carrier (37 voli)']"
HHH,6,181,-4.76,-9.63,29,29.24,22.61,16,119.81,111.88,"['Late Aircraft (26 voli)', 'Carrier (19 voli)', 'NAS (19 voli)']"
HHH,7,168,-4.65,-8.1,35,30.03,29.29,23,183.74,196.05,"['NAS (41 voli)', 'Late Aircraft (29 voli)', 'Carrier (21 voli)']"
HHH,8,174,-4.59,-10.1,29,33.9,26.74,13,281.85,301.17,"['NAS (32 voli)', 'Late Aircraft (31 voli)', 'Carrier (14 voli)']"
HHH,9,140,-5.15,-6.86,17,33.65,33.63,21,121.33,120.9,"['NAS (38 voli)', 'Late Aircraft (33 voli)', 'Carrier (15 voli)']"
HHH,10,146,-6.41,-5.11,15,31.53,32.4,7,97.29,91.0,"['NAS (30 voli)', 'Late Aircraft (19 voli)', 'Carrier (13 voli)']"
HHH,11,73,-3.75,-2.1,12,31.08,21.67,1,166.0,146.0,"['NAS (10 voli)', 'Late Aircraft (8 voli)', 'Carrier (5 voli)']"
HHH,12,57,-3.63,-2.11,14,32.93,30.86,4,135.25,142.75,"['Late Aircraft (20 voli)', 'NAS (13 voli)', 'Carrier (6 voli)']"
HIB,1,38,-6.47,-10.21,4,33.25,34.0,5,111.6,101.0,"['Carrier (8 voli)', 'NAS (2 voli)', 'Weather (2 voli)']"
HIB,2,39,-8.54,-10.31,4,33.0,20.25,3,224.33,232.33,"['Weather (5 voli)', 'Carrier (4 voli)', 'NAS (2 voli)']"
HIB,3,29,-7.55,-16.31,1,15.0,-6.0,5,78.8,72.8,"['Carrier (6 voli)', 'NAS (3 voli)', 'Weather (3 voli)']"
HIB,4,36,-9.0,-21.25,4,38.75,23.0,1,92.0,75.0,"['Carrier (3 voli)', 'Weather (1 voli)']"
HIB,5,42,-7.95,-18.76,3,34.67,22.67,2,196.5,182.0,"['Carrier (3 voli)', 'Weather (2 voli)']"
HIB,6,41,-6.83,-3.22,3,29.67,46.67,8,366.38,373.38,"['Carrier (10 voli)', 'NAS (10 voli)', 'Weather (4 voli)']"
HIB,7,46,-7.22,-3.54,5,30.8,34.0,1,68.0,71.0,"['Carrier (7 voli)', 'NAS (5 voli)', 'Weather (2 voli)']"
HIB,8,46,-7.89,-5.67,4,45.5,68.5,4,346.0,350.5,"['Carrier (8 voli)', 'NAS (7 voli)', 'Weather (3 voli)']"
HIB,9,45,-7.96,-14.91,0,NULL,NULL,3,137.33,145.33,"['Carrier (2 voli)', 'NAS (2 voli)']"
HIB,10,39,-8.31,-16.28,2,45.5,32.5,4,166.75,151.5,"['Carrier (7 voli)', 'Weather (1 voli)', 'NAS (1 voli)']"
HIB,11,31,-9.48,-17.45,2,37.0,17.5,0,NULL,NULL,"['Carrier (1 voli)', 'Weather (1 voli)']"
HIB,12,30,-5.13,-6.9,8,32.88,12.38,7,129.14,118.0,"['Carrier (12 voli)', 'Weather (8 voli)', 'NAS (6 voli)']"
HLN,1,114,-4.08,-4.96,16,29.25,37.19,21,266.24,273.57,"['NAS (24 voli)', 'Carrier (23 voli)', 'Weather (13 voli)']"
HLN,2,125,-5.45,-2.52,7,32.0,37.0,7,171.71,169.43,"['Carrier (14 voli)', 'NAS (13 voli)', 'Weather (7 voli)']"
HLN,3,118,-5.41,-4.8,4,17.25,22.5,4,172.25,175.0,"['Carrier (11 voli)', 'NAS (9 voli)', 'Late Aircraft (3 voli)']"
HLN,4,100,-5.98,-14.12,5,25.0,9.2,6,243.67,242.83,"['Carrier (3 voli)', 'Weather (2 voli)', 'Late Aircraft (2 voli)']"
HLN,5,104,-5.58,-12.03,4,22.0,11.75,11,179.36,174.82,"['Carrier (9 voli)', 'NAS (9 voli)', 'Weather (2 voli)']"
HLN,6,103,-5.8,-9.74,7,27.71,33.83,7,298.0,295.14,"['NAS (13 voli)', 'Carrier (11 voli)', 'Late Aircraft (1 voli)']"
HLN,7,109,-5.4,-9.75,3,29.0,24.0,11,205.27,207.55,"['Carrier (11 voli)', 'NAS (8 voli)', 'Late Aircraft (3 voli)']"
HLN,8,110,-5.7,-8.43,7,29.43,33.14,6,464.17,466.33,"['NAS (11 voli)', 'Carrier (7 voli)', 'Weather (3 voli)']"
HLN,9,104,-6.31,-12.77,5,41.8,40.2,7,147.86,150.71,"['NAS (6 voli)', 'Carrier (6 voli)', 'Weather (5 voli)']"
HLN,10,128,-6.51,-9.17,3,23.0,16.0,5,322.4,318.6,"['Carrier (8 voli)', 'Late Aircraft (2 voli)', 'NAS (1 voli)']"
HLN,11,97,-4.64,-8.64,8,31.25,28.13,5,279.2,283.8,"['Carrier (12 voli)', 'NAS (8 voli)', 'Late Aircraft (3 voli)']"
HLN,12,92,-6.13,-16.15,7,28.71,21.43,7,199.14,193.43,"['Carrier (8 voli)', 'NAS (4 voli)', 'Weather (4 voli)']"
HNL,1,3436,-0.19,-4.64,908,29.75,20.89,276,121.53,107.6,"['Carrier (778 voli)', 'Late Aircraft (655 voli)', 'Weather (147 voli)']"
HNL,2,3466,-0.8,-3.75,585,29.25,17.01,213,134.41,115.88,"['Carrier (522 voli)', 'Late Aircraft (374 voli)', 'NAS (121 voli)']"
HNL,3,4349,-1.17,-3.85,505,27.54,21.81,90,124.2,113.36,"['Carrier (475 voli)', 'Late Aircraft (286 voli)', 'NAS (160 voli)']"
HNL,4,4277,-1.34,-4.79,483,28.75,23.65,172,136.08,128.02,"['Carrier (532 voli)', 'Late Aircraft (322 voli)', 'NAS (113 voli)']"
HNL,5,4280,-1.08,-2.98,599,30.12,28.76,209,120.14,118.7,"['Carrier (775 voli)', 'Late Aircraft (479 voli)', 'NAS (182 voli)']"
HNL,6,4407,-1.37,-3.5,574,28.26,25.34,147,119.07,113.27,"['Carrier (650 voli)', 'Late Aircraft (349 voli)', 'NAS (152 voli)']"
HNL,7,4542,-1.14,-3.02,651,28.57,25.91,192,123.94,119.44,"['Carrier (744 voli)', 'Late Aircraft (405 voli)', 'NAS (186 voli)']"
HNL,8,4406,-1.47,-6.1,465,29.49,20.58,141,149.31,136.53,"['Carrier (425 voli)', 'Late Aircraft (242 voli)', 'NAS (65 voli)']"
HNL,9,4326,-2.43,-5.51,327,27.99,21.77,68,147.53,143.24,"['Carrier (324 voli)', 'Late Aircraft (153 voli)', 'NAS (99 voli)']"
HNL,10,4224,-1.58,-4.97,461,28.67,22.13,129,125.28,115.53,"['Carrier (466 voli)', 'Late Aircraft (271 voli)', 'NAS (93 voli)']"
HNL,11,4240,-2.46,-4.55,329,28.97,21.81,112,117.91,107.98,"['Carrier (372 voli)', 'Late Aircraft (183 voli)', 'NAS (115 voli)']"
HNL,12,4348,-1.8,-4.06,558,29.08,23.17,153,139.27,129.61,"['Carrier (547 voli)', 'Late Aircraft (311 voli)', 'NAS (140 voli)']"
HOB,5,7,-1.71,-11.29,5,21.8,26.75,4,200.25,189.5,"['Carrier (3 voli)', 'Weather (2 voli)', 'Late Aircraft (1 voli)']"
HOB,6,42,-6.26,-8.12,6,39.33,32.17,10,209.8,210.6,"['Carrier (12 voli)', 'NAS (7 voli)', 'Weather (4 voli)']"
HOB,7,49,-4.49,-6.02,3,37.33,33.33,7,157.86,156.86,"['Carrier (11 voli)', 'NAS (3 voli)', 'Weather (3 voli)']"
HOB,8,40,-6.85,-12.03,15,34.27,29.8,7,218.86,202.29,"['Carrier (18 voli)', 'NAS (4 voli)', 'Late Aircraft (2 voli)']"
HOB,9,54,-5.11,-13.07,3,29.33,20.67,2,467.5,450.0,"['Carrier (3 voli)', 'Late Aircraft (1 voli)']"
HOB,10,54,-4.8,-13.0,3,33.0,20.33,2,473.5,458.0,"['Carrier (3 voli)', 'Late Aircraft (2 voli)', 'NAS (1 voli)']"
HOB,11,33,-4.33,-13.18,11,27.45,10.0,7,200.0,191.0,"['Carrier (12 voli)', 'Late Aircraft (1 voli)', 'NAS (1 voli)']"
HOB,12,47,-3.09,-10.47,9,33.0,15.89,6,278.0,263.67,"['Carrier (11 voli)', 'NAS (4 voli)', 'Security (1 voli)']"
HOU,1,3316,-0.29,-6.06,844,29.44,26.66,315,127.12,134.05,"['Late Aircraft (719 voli)', 'Carrier (585 voli)', 'NAS (579 voli)']"
HOU,2,3618,-1.52,-6.22,478,27.96,22.08,82,105.57,100.26,"['Carrier (290 voli)', 'NAS (279 voli)', 'Late Aircraft (250 voli)']"
HOU,3,3770,-0.9,-8.59,814,29.71,22.97,265,119.17,113.05,"['Late Aircraft (613 voli)', 'Carrier (457 voli)', 'NAS (403 voli)']"
HOU,4,3652,-0.7,-9.99,841,30.09,22.26,262,128.94,123.07,"['Late Aircraft (592 voli)', 'Carrier (517 voli)', 'NAS (372 voli)']"
HOU,5,3006,0.57,-6.94,1164,31.39,26.36,671,150.96,145.67,"['Late Aircraft (1202 voli)', 'Carrier (859 voli)', 'NAS (673 voli)']"
HOU,6,3353,0.69,-7.09,1197,30.64,22.85,455,128.16,121.83,"['Late Aircraft (943 voli)', 'Carrier (792 voli)', 'NAS (491 voli)']"
HOU,7,2910,0.83,-7.09,1359,31.61,23.85,681,128.75,122.07,"['Late Aircraft (1289 voli)', 'Carrier (996 voli)', 'NAS (596 voli)']"
HOU,8,3647,-1.19,-11.39,674,30.06,19.08,216,129.1,119.98,"['Late Aircraft (447 voli)', 'Carrier (380 voli)', 'NAS (228 voli)']"
HOU,9,3650,-1.4,-11.17,546,28.94,18.27,79,97.47,87.18,"['Late Aircraft (267 voli)', 'Carrier (253 voli)', 'NAS (171 voli)']"
HOU,10,3877,-1.13,-11.4,605,29.54,19.05,171,123.4,117.2,"['Late Aircraft (379 voli)', 'Carrier (343 voli)', 'NAS (243 voli)']"
HOU,11,3833,-1.7,-8.53,506,29.68,22.63,133,109.4,107.08,"['Late Aircraft (339 voli)', 'Carrier (300 voli)', 'NAS (217 voli)']"
HOU,12,3482,-0.69,-7.03,746,30.38,25.18,353,137.7,139.06,"['Late Aircraft (665 voli)', 'Carrier (507 voli)', 'NAS (413 voli)']"
HPN,1,710,-3.93,-4.97,153,33.78,34.12,118,186.94,185.48,"['NAS (197 voli)', 'Carrier (171 voli)', 'Late Aircraft (148 voli)']"
HPN,2,701,-3.94,-12.96,111,31.13,24.19,51,160.29,152.86,"['Carrier (94 voli)', 'NAS (73 voli)', 'Late Aircraft (58 voli)']"
HPN,3,807,-3.99,-10.26,122,31.04,24.93,64,168.5,162.49,"['NAS (106 voli)', 'Carrier (99 voli)', 'Late Aircraft (89 voli)']"
HPN,4,776,-4.54,-11.05,96,33.33,31.88,87,190.3,193.59,"['Carrier (102 voli)', 'NAS (100 voli)', 'Late Aircraft (96 voli)']"
HPN,5,765,-5.11,-10.35,117,33.02,29.4,76,149.33,152.11,"['NAS (120 voli)', 'Late Aircraft (103 voli)', 'Carrier (96 voli)']"
HPN,6,733,-5.1,-10.89,89,33.28,30.76,74,201.19,200.25,"['Carrier (101 voli)', 'NAS (98 voli)', 'Late Aircraft (74 voli)']"
HPN,7,732,-4.39,-6.53,109,33.44,35.38,135,184.39,187.13,"['Carrier (181 voli)', 'NAS (168 voli)', 'Late Aircraft (138 voli)']"
HPN,8,692,-4.82,-8.56,139,31.55,32.48,117,167.66,172.38,"['NAS (167 voli)', 'Carrier (165 voli)', 'Late Aircraft (124 voli)']"
HPN,9,812,-7.36,-10.88,59,34.27,32.52,58,168.53,165.44,"['NAS (75 voli)', 'Carrier (72 voli)', 'Late Aircraft (60 voli)']"
HPN,10,822,-5.98,-13.12,67,33.61,25.97,43,162.53,149.6,"['Carrier (77 voli)', 'NAS (47 voli)', 'Late Aircraft (41 voli)']"
HPN,11,682,-5.6,-12.62,87,32.36,24.02,47,133.36,123.62,"['Carrier (73 voli)', 'Late Aircraft (52 voli)', 'NAS (48 voli)']"
HPN,12,688,-3.57,-7.47,147,31.58,30.07,134,152.73,152.67,"['Late Aircraft (172 voli)', 'NAS (170 voli)', 'Carrier (140 voli)']"
HRL,1,273,-3.38,-8.26,37,33.22,27.27,24,134.25,139.43,"['Late Aircraft (43 voli)', 'NAS (30 voli)', 'Carrier (19 voli)']"
HRL,2,293,-4.35,-7.95,21,28.86,21.33,4,90.5,87.25,"['Late Aircraft (16 voli)', 'NAS (16 voli)', 'Carrier (11 voli)']"
HRL,3,289,-4.0,-9.48,36,31.08,22.34,22,131.18,126.64,"['Late Aircraft (39 voli)', 'NAS (24 voli)', 'Carrier (20 voli)']"
HRL,4,311,-4.18,-8.3,37,31.24,30.86,22,138.86,141.5,"['Late Aircraft (39 voli)', 'NAS (34 voli)', 'Carrier (16 voli)']"
HRL,5,244,-2.62,-3.71,67,31.43,33.1,31,175.94,180.2,"['Late Aircraft (84 voli)', 'NAS (70 voli)', 'Carrier (52 voli)']"
HRL,6,243,-1.44,-1.61,49,28.08,28.02,25,143.44,142.13,"['Late Aircraft (63 voli)', 'NAS (42 voli)', 'Carrier (41 voli)']"
HRL,7,240,-1.9,-1.02,70,31.49,33.14,29,133.62,138.48,"['Late Aircraft (94 voli)', 'NAS (69 voli)', 'Carrier (49 voli)']"
HRL,8,310,-4.82,-7.5,26,29.08,24.76,12,100.42,98.92,"['NAS (29 voli)', 'Late Aircraft (27 voli)', 'Carrier (14 voli)']"
HRL,9,295,-3.62,-7.26,33,27.39,25.88,11,140.18,138.27,"['Late Aircraft (36 voli)', 'NAS (21 voli)', 'Carrier (13 voli)']"
HRL,10,352,-4.84,-8.74,32,28.78,24.22,10,135.8,128.8,"['Late Aircraft (29 voli)', 'NAS (27 voli)', 'Carrier (25 voli)']"
HRL,11,354,-4.37,-9.16,23,30.7,27.0,10,142.9,144.3,"['Carrier (18 voli)', 'Late Aircraft (16 voli)', 'NAS (16 voli)']"
HRL,12,329,-2.86,-7.62,39,34.56,33.92,28,144.18,144.29,"['Carrier (37 voli)', 'Late Aircraft (34 voli)', 'NAS (30 voli)']"
HSV,1,469,-3.9,-6.56,74,31.7,30.82,70,153.07,150.1,"['Late Aircraft (95 voli)', 'NAS (81 voli)', 'Carrier (73 voli)']"
HSV,2,563,-5.17,-9.85,57,28.33,23.21,28,111.25,100.5,"['Late Aircraft (45 voli)', 'Carrier (38 voli)', 'NAS (38 voli)']"
HSV,3,618,-4.28,-9.36,84,30.12,23.13,44,178.91,177.2,"['Carrier (71 voli)', 'Late Aircraft (69 voli)', 'NAS (49 voli)']"
HSV,4,654,-4.44,-7.06,77,32.77,29.45,56,130.07,122.18,"['Carrier (75 voli)', 'Late Aircraft (71 voli)', 'NAS (61 voli)']"
HSV,5,591,-3.0,-3.85,113,30.44,29.49,81,141.48,143.76,"['NAS (145 voli)', 'Late Aircraft (120 voli)', 'Carrier (97 voli)']"
HSV,6,565,-3.64,-8.36,107,31.09,25.89,58,149.72,143.73,"['Carrier (108 voli)', 'Late Aircraft (81 voli)', 'NAS (67 voli)']"
HSV,7,515,-2.04,-5.04,114,31.68,27.46,97,168.18,162.69,"['Carrier (167 voli)', 'Late Aircraft (94 voli)', 'NAS (89 voli)']"
HSV,8,588,-3.56,-7.12,88,32.43,27.51,56,147.0,141.55,"['Carrier (91 voli)', 'Late Aircraft (66 voli)', 'NAS (65 voli)']"
HSV,9,617,-3.93,-6.93,86,31.64,28.41,51,170.9,166.0,"['Carrier (92 voli)', 'NAS (89 voli)', 'Late Aircraft (69 voli)']"
HSV,10,624,-3.91,-8.63,100,29.17,19.12,41,126.12,115.17,"['Carrier (86 voli)', 'NAS (49 voli)', 'Late Aircraft (39 voli)']"
HSV,11,552,-3.36,-8.42,70,28.36,21.46,45,193.93,189.36,"['Carrier (82 voli)', 'NAS (53 voli)', 'Late Aircraft (42 voli)']"
HSV,12,471,-2.01,-7.06,122,30.93,24.66,56,117.14,119.91,"['Carrier (106 voli)', 'Late Aircraft (81 voli)', 'NAS (72 voli)']"
HTS,1,15,-4.47,-0.13,5,33.6,28.0,0,NULL,NULL,"['Carrier (3 voli)', 'Late Aircraft (3 voli)', 'NAS (3 voli)']"
HTS,2,8,2.38,-3.13,6,21.17,24.83,3,65.0,56.33,"['Carrier (8 voli)', 'Late Aircraft (8 voli)', 'NAS (6 voli)']"
HTS,3,8,1.75,3.5,5,37.8,36.2,4,446.0,446.75,"['Carrier (10 voli)', 'Late Aircraft (5 voli)', 'NAS (4 voli)']"
HTS,4,10,3.7,-4.3,4,22.25,14.25,3,109.67,114.0,"['Late Aircraft (5 voli)', 'Carrier (4 voli)', 'NAS (2 voli)']"
HTS,5,12,-3.25,-12.25,7,28.43,28.14,12,173.75,173.0,"['Late Aircraft (16 voli)', 'Carrier (13 voli)', 'NAS (7 voli)']"
HTS,6,47,-2.6,-2.89,22,33.18,31.45,19,175.16,174.53,"['Late Aircraft (28 voli)', 'Carrier (27 voli)', 'NAS (24 voli)']"
HTS,7,57,-4.96,-1.47,18,34.17,32.83,9,226.78,225.78,"['Late Aircraft (21 voli)', 'Carrier (20 voli)', 'NAS (15 voli)']"
HTS,8,31,-6.0,-6.32,11,37.55,37.0,11,254.64,263.18,"['NAS (17 voli)', 'Late Aircraft (12 voli)', 'Carrier (12 voli)']"
HTS,9,15,-6.33,-11.13,3,32.33,23.33,5,167.4,160.6,"['Carrier (6 voli)', 'Late Aircraft (4 voli)', 'NAS (1 voli)']"
HTS,10,9,-2.11,-2.78,5,33.6,29.8,1,63.0,63.0,"['Carrier (3 voli)', 'Weather (3 voli)', 'NAS (2 voli)']"
HTS,11,10,1.7,-4.1,5,33.4,32.8,5,162.4,159.2,"['Carrier (9 voli)', 'Late Aircraft (8 voli)', 'NAS (3 voli)']"
HTS,12,11,4.64,1.82,8,30.25,26.75,7,121.71,115.71,"['Late Aircraft (11 voli)', 'NAS (10 voli)', 'Weather (3 voli)']"
HYA,5,6,-11.33,-15.17,0,NULL,NULL,3,216.33,216.0,"['Late Aircraft (3 voli)', 'Carrier (2 voli)', 'NAS (2 voli)']"
HYA,6,47,-6.23,0.3,8,37.63,41.38,8,177.0,182.63,"['NAS (17 voli)', 'Late Aircraft (12 voli)', 'Carrier (6 voli)']"
HYA,7,67,-4.09,1.64,11,34.45,37.09,12,161.17,167.27,"['NAS (26 voli)', 'Carrier (19 voli)', 'Late Aircraft (19 voli)']"
HYA,8,69,-4.3,2.72,7,33.43,37.83,13,225.23,234.77,"['NAS (28 voli)', 'Late Aircraft (17 voli)', 'Carrier (15 voli)']"
HYA,9,8,-4.0,8.0,0,NULL,NULL,1,64.0,61.0,"['NAS (2 voli)', 'Carrier (1 voli)', 'Late Aircraft (1 voli)']"
HYS,1,39,-8.51,-11.23,9,29.0,26.33,6,147.5,145.67,"['Late Aircraft (13 voli)', 'Weather (8 voli)', 'NAS (6 voli)']"
HYS,2,53,-9.09,-13.85,3,38.0,46.0,2,122.5,128.0,"['NAS (4 voli)', 'Carrier (3 voli)', 'Late Aircraft (3 voli)']"
HYS,3,50,-8.78,-15.78,2,50.0,38.0,4,108.5,106.75,"['Carrier (6 voli)', 'NAS (3 voli)', 'Weather (2 voli)']"
HYS,4,54,-6.54,-9.59,1,30.0,20.0,4,95.5,95.5,"['Late Aircraft (6 voli)', 'NAS (3 voli)', 'Carrier (1 voli)']"
HYS,5,44,-4.0,-11.3,6,34.83,31.17,12,323.58,318.33,"['Late Aircraft (13 voli)', 'NAS (4 voli)', 'Weather (3 voli)']"
HYS,6,43,-4.93,-12.95,1,44.0,49.0,2,229.5,212.0,"['Carrier (2 voli)', 'Late Aircraft (2 voli)', 'NAS (2 voli)']"
HYS,7,44,-6.23,-17.07,0,NULL,NULL,6,234.33,228.0,"['Carrier (5 voli)', 'NAS (5 voli)', 'Late Aircraft (2 voli)']"
HYS,8,42,-6.6,-17.19,2,21.5,7.0,4,182.5,169.0,"['Late Aircraft (2 voli)', 'Carrier (2 voli)', 'NAS (2 voli)']"
HYS,9,41,-7.32,-19.17,0,NULL,NULL,4,221.0,209.0,"['Carrier (5 voli)']"
HYS,10,47,-8.06,-14.91,1,50.0,40.0,2,201.0,186.5,"['Late Aircraft (2 voli)', 'Carrier (1 voli)']"
HYS,11,44,-7.27,-7.82,2,50.5,37.5,3,125.67,121.33,"['Carrier (5 voli)', 'Weather (2 voli)', 'Late Aircraft (2 voli)']"
HYS,12,46,-6.24,-8.54,1,27.0,18.0,2,168.0,159.5,"['Carrier (2 voli)', 'Late Aircraft (1 voli)', 'Weather (1 voli)']"
IAD,1,2760,-2.29,-5.17,426,29.92,30.85,254,152.22,153.59,"['Carrier (634 voli)', 'NAS (528 voli)', 'Late Aircraft (264 voli)']"
IAD,2,3098,-3.68,-9.71,227,31.22,20.58,112,137.38,125.15,"['NAS (250 voli)', 'Carrier (190 voli)', 'Late Aircraft (101 voli)']"
IAD,3,3210,-3.15,-10.01,421,31.55,21.4,235,135.28,125.74,"['NAS (338 voli)', 'Carrier (306 voli)', 'Late Aircraft (241 voli)']"
IAD,4,3487,-3.2,-7.59,399,29.48,23.62,238,143.48,133.89,"['NAS (435 voli)', 'Carrier (329 voli)', 'Late Aircraft (247 voli)']"
IAD,5,3671,-2.7,-5.33,474,30.73,26.87,344,151.87,147.07,"['NAS (643 voli)', 'Carrier (478 voli)', 'Late Aircraft (340 voli)']"
IAD,6,3556,-2.32,-6.68,493,31.2,25.29,313,162.81,155.98,"['Carrier (578 voli)', 'NAS (523 voli)', 'Late Aircraft (344 voli)']"
IAD,7,3401,-1.68,-6.02,674,30.61,26.04,426,162.48,155.19,"['Carrier (732 voli)', 'NAS (607 voli)', 'Late Aircraft (442 voli)']"
IAD,8,3293,-2.12,-7.45,509,31.38,26.95,479,187.83,180.0,"['Carrier (591 voli)', 'NAS (555 voli)', 'Late Aircraft (400 voli)']"
IAD,9,3591,-3.35,-8.65,322,29.24,20.89,160,153.0,142.81,"['NAS (299 voli)', 'Carrier (282 voli)', 'Late Aircraft (168 voli)']"
IAD,10,3909,-3.44,-10.47,306,29.72,17.46,127,130.32,116.71,"['Carrier (231 voli)', 'NAS (208 voli)', 'Late Aircraft (130 voli)']"
IAD,11,3874,-3.66,-9.47,346,29.81,21.02,177,154.37,141.48,"['Carrier (311 voli)', 'NAS (306 voli)', 'Late Aircraft (167 voli)']"
IAD,12,3376,-1.66,-6.87,563,30.04,22.59,304,150.5,140.27,"['Carrier (495 voli)', 'NAS (435 voli)', 'Late Aircraft (333 voli)']"
IAG,1,19,-4.74,1.16,6,33.0,46.6,4,179.75,167.5,"['NAS (10 voli)', 'Carrier (7 voli)', 'Weather (4 voli)']"
IAG,2,19,-0.95,-8.95,8,20.0,0.13,10,121.5,101.3,"['Late Aircraft (8 voli)', 'NAS (6 voli)', 'Carrier (5 voli)']"
IAG,3,32,-4.38,-6.25,9,33.56,31.11,5,103.8,115.4,"['NAS (15 voli)', 'Carrier (6 voli)', 'Late Aircraft (6 voli)']"
IAG,4,27,-0.44,-12.52,6,25.5,9.83,5,244.6,267.6,"['Carrier (4 voli)', 'Late Aircraft (4 voli)', 'NAS (4 voli)']"
IAG,5,18,-2.61,-7.72,6,32.33,19.5,2,98.5,98.0,"['NAS (4 voli)', 'Carrier (4 voli)', 'Late Aircraft (3 voli)']"
IAG,6,16,-3.56,-4.81,8,24.38,23.13,3,200.0,196.33,"['Carrier (8 voli)', 'NAS (8 voli)', 'Late Aircraft (6 voli)']"
IAG,7,15,-2.07,3.2,14,34.57,33.36,4,142.5,148.5,"['Late Aircraft (12 voli)', 'Carrier (9 voli)', 'NAS (9 voli)']"
IAG,8,13,-2.69,-4.31,8,25.13,34.25,2,118.0,105.5,"['NAS (8 voli)', 'Late Aircraft (6 voli)', 'Carrier (4 voli)']"
IAG,9,13,-3.31,-12.23,3,21.33,14.33,1,371.0,352.0,"['Carrier (2 voli)', 'Late Aircraft (2 voli)', 'NAS (2 voli)']"
IAG,10,14,-5.36,-10.93,4,29.25,29.5,2,778.5,777.0,"['Carrier (3 voli)', 'Late Aircraft (2 voli)', 'NAS (2 voli)']"
IAG,11,17,-4.24,-12.82,3,30.0,16.0,1,142.0,145.0,"['NAS (2 voli)', 'Carrier (1 voli)', 'Late Aircraft (1 voli)']"
IAG,12,22,-8.32,-12.95,4,26.0,27.0,4,106.25,97.75,"['NAS (4 voli)', 'Late Aircraft (4 voli)', 'Weather (3 voli)']"
IAH,1,5966,-1.52,-6.63,1252,31.26,25.65,888,159.07,157.51,"['Carrier (1597 voli)', 'NAS (1078 voli)', 'Late Aircraft (1053 voli)']"
IAH,2,7057,-3.05,-7.12,804,31.06,25.27,388,128.42,121.26,"['Carrier (746 voli)', 'NAS (717 voli)', 'Late Aircraft (453 voli)']"
IAH,3,7085,-2.11,-7.55,1398,31.47,24.33,815,149.89,143.61,"['Carrier (1221 voli)', 'NAS (1065 voli)', 'Late Aircraft (1003 voli)']"
IAH,4,7066,-2.05,-6.41,1289,31.5,26.45,708,129.34,123.03,"['Carrier (1230 voli)', 'NAS (1106 voli)', 'Late Aircraft (987 voli)']"
IAH,5,6018,-0.93,-3.33,1694,32.58,30.3,1982,161.35,160.83,"['Carrier (2171 voli)', 'NAS (2054 voli)', 'Late Aircraft (1953 voli)']"
IAH,6,6736,-0.6,-4.1,1771,32.24,28.54,1326,143.91,140.39,"['Carrier (2033 voli)', 'Late Aircraft (1561 voli)', 'NAS (1539 voli)']"
IAH,7,5474,-0.37,-3.73,2066,33.45,29.79,1959,144.79,139.79,"['Carrier (2878 voli)', 'Late Aircraft (2163 voli)', 'NAS (2030 voli)']"
IAH,8,7494,-1.9,-7.02,1555,31.43,24.87,965,141.19,135.54,"['Carrier (1531 voli)', 'Late Aircraft (1194 voli)', 'NAS (1146 voli)']"
IAH,9,7663,-3.41,-9.0,1037,31.69,24.09,540,121.17,110.57,"['Carrier (873 voli)', 'Late Aircraft (718 voli)', 'NAS (670 voli)']"
IAH,10,8471,-2.96,-9.81,975,30.66,22.9,487,138.17,128.46,"['Carrier (851 voli)', 'NAS (615 voli)', 'Late Aircraft (600 voli)']"
IAH,11,7867,-2.71,-7.84,987,30.95,24.22,500,133.32,127.15,"['Carrier (863 voli)', 'NAS (802 voli)', 'Late Aircraft (552 voli)']"
IAH,12,6959,-1.24,-7.13,1433,31.43,25.04,862,154.05,153.23,"['Carrier (1403 voli)', 'NAS (1084 voli)', 'Late Aircraft (941 voli)']"
ICT,1,573,-4.17,-5.74,72,30.42,32.9,66,176.82,181.52,"['NAS (112 voli)', 'Late Aircraft (75 voli)', 'Carrier (71 voli)']"
ICT,2,600,-5.53,-9.85,48,34.63,28.17,24,129.75,125.38,"['Carrier (38 voli)', 'NAS (37 voli)', 'Late Aircraft (27 voli)']"
ICT,3,637,-4.5,-9.01,61,32.18,25.9,45,159.4,155.47,"['Late Aircraft (64 voli)', 'NAS (56 voli)', 'Carrier (46 voli)']"
ICT,4,683,-4.57,-9.45,80,33.95,32.04,49,192.78,190.19,"['Carrier (64 voli)', 'Late Aircraft (61 voli)', 'NAS (59 voli)']"
ICT,5,648,-2.69,-5.68,114,30.91,29.95,82,185.11,188.65,"['NAS (127 voli)', 'Carrier (108 voli)', 'Late Aircraft (95 voli)']"
ICT,6,706,-3.93,-8.48,109,32.01,28.11,90,174.34,169.41,"['Carrier (100 voli)', 'Late Aircraft (100 voli)', 'NAS (73 voli)']"
ICT,7,734,-3.68,-6.28,116,33.02,31.11,69,135.78,131.62,"['Late Aircraft (114 voli)', 'Carrier (103 voli)', 'NAS (79 voli)']"
ICT,8,751,-5.18,-9.2,90,33.54,29.25,70,141.41,128.87,"['Late Aircraft (79 voli)', 'Carrier (73 voli)', 'NAS (68 voli)']"
ICT,9,734,-5.38,-8.21,48,34.15,31.81,31,203.81,200.9,"['NAS (57 voli)', 'Carrier (46 voli)', 'Late Aircraft (44 voli)']"
ICT,10,772,-5.41,-11.04,69,32.32,26.99,35,152.34,145.26,"['Carrier (58 voli)', 'NAS (45 voli)', 'Late Aircraft (39 voli)']"
ICT,11,762,-4.81,-8.93,102,33.82,29.58,67,149.88,145.38,"['Carrier (107 voli)', 'NAS (85 voli)', 'Late Aircraft (73 voli)']"
ICT,12,698,-3.93,-8.37,91,30.55,23.7,45,194.04,190.98,"['Carrier (79 voli)', 'NAS (63 voli)', 'Late Aircraft (57 voli)']"
IDA,1,174,-5.78,-12.16,23,30.48,28.09,13,370.54,363.77,"['NAS (21 voli)', 'Weather (17 voli)', 'Carrier (16 voli)']"
IDA,2,136,-6.54,-10.82,9,31.89,20.11,16,311.94,307.06,"['NAS (14 voli)', 'Carrier (11 voli)', 'Weather (8 voli)']"
IDA,3,164,-5.66,-10.25,17,30.12,34.65,16,218.06,217.81,"['Carrier (21 voli)', 'NAS (20 voli)', 'Late Aircraft (16 voli)']"
IDA,4,229,-6.86,-11.54,14,25.29,20.71,13,161.54,151.23,"['Carrier (12 voli)', 'NAS (9 voli)', 'Weather (6 voli)']"
IDA,5,267,-5.92,-11.12,25,31.56,23.2,22,143.0,137.45,"['Carrier (22 voli)', 'NAS (20 voli)', 'Weather (11 voli)']"
IDA,6,269,-6.02,-11.79,21,30.76,24.05,24,203.5,198.25,"['Carrier (27 voli)', 'NAS (15 voli)', 'Late Aircraft (12 voli)']"
IDA,7,260,-5.64,-10.42,27,34.59,28.96,29,117.03,112.45,"['Carrier (30 voli)', 'Late Aircraft (22 voli)', 'NAS (21 voli)']"
IDA,8,265,-5.83,-9.21,35,34.6,33.37,10,102.6,98.8,"['Carrier (22 voli)', 'NAS (18 voli)', 'Late Aircraft (15 voli)']"
IDA,9,268,-6.35,-10.26,20,37.15,33.0,8,154.5,145.25,"['Carrier (17 voli)', 'NAS (14 voli)', 'Late Aircraft (7 voli)']"
IDA,10,246,-5.58,-11.27,28,35.61,29.81,21,187.76,181.38,"['Carrier (33 voli)', 'NAS (20 voli)', 'Late Aircraft (7 voli)']"
IDA,11,256,-6.17,-8.24,26,30.0,32.0,13,192.92,187.69,"['NAS (33 voli)', 'Carrier (29 voli)', 'Late Aircraft (15 voli)']"
IDA,12,254,-5.09,-8.85,24,29.38,16.33,29,399.93,402.03,"['Carrier (31 voli)', 'NAS (31 voli)', 'Late Aircraft (18 voli)']"
ILM,1,395,-5.33,-9.37,50,33.94,28.74,34,164.91,169.24,"['Late Aircraft (59 voli)', 'NAS (43 voli)', 'Carrier (25 voli)']"
ILM,2,412,-5.66,-11.2,31,35.32,25.13,12,171.83,172.92,"['Late Aircraft (24 voli)', 'NAS (22 voli)', 'Carrier (16 voli)']"
ILM,3,427,-5.15,-11.28,32,33.22,26.5,28,159.82,153.57,"['Late Aircraft (36 voli)', 'NAS (24 voli)', 'Carrier (22 voli)']"
ILM,4,487,-4.66,-5.79,66,30.0,29.32,37,125.92,129.56,"['NAS (76 voli)', 'Late Aircraft (72 voli)', 'Carrier (33 voli)']"
ILM,5,547,-5.07,-6.76,66,31.86,32.41,53,160.98,163.49,"['Late Aircraft (99 voli)', 'NAS (90 voli)', 'Carrier (35 voli)']"
ILM,6,569,-4.55,-9.38,80,31.83,28.26,59,187.34,183.53,"['Late Aircraft (86 voli)', 'NAS (78 voli)', 'Carrier (49 voli)']"
ILM,7,582,-3.77,-6.29,114,33.17,33.58,110,173.58,179.69,"['Late Aircraft (163 voli)', 'NAS (156 voli)', 'Carrier (103 voli)']"
ILM,8,629,-3.87,-7.5,114,33.19,34.94,72,131.85,127.76,"['Late Aircraft (133 voli)', 'NAS (122 voli)', 'Carrier (80 voli)']"
ILM,9,591,-4.89,-10.12,57,30.89,26.67,41,120.46,118.41,"['Late Aircraft (53 voli)', 'NAS (45 voli)', 'Carrier (36 voli)']"
ILM,10,685,-5.32,-9.14,46,32.33,24.67,23,129.52,123.35,"['NAS (54 voli)', 'Late Aircraft (43 voli)', 'Carrier (26 voli)']"
ILM,11,573,-5.25,-8.43,46,32.57,27.96,21,115.19,124.29,"['NAS (59 voli)', 'Late Aircraft (38 voli)', 'Carrier (31 voli)']"
ILM,12,548,-4.09,-7.57,92,30.37,25.16,59,145.68,144.6,"['Late Aircraft (90 voli)', 'NAS (82 voli)', 'Carrier (72 voli)']"
IMT,1,36,-6.81,-7.25,5,25.8,29.4,16,206.88,203.81,"['Carrier (14 voli)', 'NAS (11 voli)', 'Weather (9 voli)']"
IMT,2,42,-7.43,-15.4,2,28.0,21.5,1,409.0,409.0,"['Carrier (3 voli)', 'NAS (1 voli)', 'Weather (1 voli)']"
IMT,3,44,-7.27,-11.36,5,37.6,34.8,2,282.5,255.5,"['Carrier (5 voli)', 'Weather (5 voli)', 'NAS (2 voli)']"
IMT,4,54,-8.41,-14.7,4,37.75,30.25,2,222.5,231.5,"['Carrier (3 voli)', 'Weather (2 voli)', 'NAS (1 voli)']"
IMT,5,54,-9.24,-14.31,4,36.25,31.0,3,183.67,173.0,"['Carrier (5 voli)', 'NAS (1 voli)', 'Weather (1 voli)']"
IMT,6,46,-7.0,5.04,5,31.2,28.6,8,164.13,170.88,"['Carrier (21 voli)', 'NAS (7 voli)', 'Weather (3 voli)']"
IMT,7,51,-6.25,-1.98,5,29.8,23.2,6,208.17,200.0,"['Carrier (11 voli)', 'Weather (1 voli)']"
IMT,8,49,-6.98,-9.84,1,20.0,27.0,8,136.5,132.75,"['Carrier (7 voli)', 'Weather (7 voli)', 'NAS (5 voli)']"
IMT,9,55,-7.24,-9.49,3,30.67,39.67,1,85.0,63.0,"['Carrier (4 voli)', 'NAS (4 voli)', 'Weather (1 voli)']"
IMT,10,51,-8.41,-16.65,1,38.0,26.0,6,151.0,143.83,"['Carrier (7 voli)', 'NAS (1 voli)']"
IMT,11,51,-7.53,-12.98,2,27.5,7.5,5,209.0,196.4,"['Carrier (5 voli)', 'NAS (1 voli)', 'Weather (1 voli)']"
IMT,12,33,-6.45,-9.79,11,30.0,35.0,11,239.0,154.6,"['Carrier (18 voli)', 'NAS (12 voli)', 'Weather (6 voli)']"
IND,1,2628,-2.75,-7.17,424,31.88,29.6,235,140.22,139.36,"['NAS (476 voli)', 'Carrier (367 voli)', 'Late Aircraft (345 voli)']"
IND,2,2824,-3.23,-9.87,291,30.28,26.19,127,170.55,171.17,"['NAS (276 voli)', 'Carrier (212 voli)', 'Late Aircraft (191 voli)']"
IND,3,3334,-3.02,-9.38,458,30.01,24.48,280,133.45,129.79,"['NAS (425 voli)', 'Late Aircraft (373 voli)', 'Carrier (316 voli)']"
IND,4,3295,-3.27,-9.12,348,29.68,23.54,198,149.84,146.82,"['NAS (298 voli)', 'Late Aircraft (274 voli)', 'Carrier (251 voli)']"
IND,5,3206,-2.1,-6.48,521,30.28,25.86,322,142.14,141.63,"['NAS (492 voli)', 'Late Aircraft (454 voli)', 'Carrier (423 voli)']"
IND,6,3257,-2.09,-6.69,506,30.99,26.12,306,140.62,137.39,"['NAS (470 voli)', 'Late Aircraft (439 voli)', 'Carrier (413 voli)']"
IND,7,3036,-2.3,-6.16,626,31.59,28.68,408,150.57,149.94,"['Late Aircraft (605 voli)', 'Carrier (600 voli)', 'NAS (574 voli)']"
IND,8,3083,-2.98,-7.21,419,31.73,28.55,251,152.57,151.86,"['NAS (462 voli)', 'Late Aircraft (372 voli)', 'Carrier (318 voli)']"
IND,9,3289,-3.8,-8.96,319,31.08,25.3,133,135.19,130.59,"['Late Aircraft (251 voli)', 'NAS (230 voli)', 'Carrier (203 voli)']"
IND,10,3850,-3.61,-9.63,328,29.57,20.63,118,151.23,143.76,"['Carrier (223 voli)', 'NAS (200 voli)', 'Late Aircraft (182 voli)']"
IND,11,3405,-3.55,-8.92,274,30.0,27.5,131,142.75,146.39,"['NAS (331 voli)', 'Carrier (209 voli)', 'Late Aircraft (180 voli)']"
IND,12,3098,-2.48,-8.44,426,30.77,26.0,241,145.55,141.61,"['NAS (430 voli)', 'Carrier (342 voli)', 'Late Aircraft (340 voli)']"
INL,1,36,-8.58,-16.25,3,32.33,25.0,2,120.5,106.0,"['Carrier (4 voli)', 'Weather (2 voli)']"
INL,2,29,-7.86,-21.34,3,22.67,17.0,3,104.0,84.67,"['Weather (5 voli)', 'Carrier (2 voli)', 'NAS (1 voli)']"
INL,3,46,-8.17,-14.89,4,30.25,24.0,2,116.5,130.5,"['Carrier (4 voli)', 'NAS (2 voli)', 'Weather (1 voli)']"
INL,4,39,-9.44,-20.05,1,54.0,37.0,2,501.5,493.5,"['Carrier (2 voli)', 'Weather (1 voli)']"
INL,5,47,-8.15,-17.77,2,31.0,30.0,3,170.0,161.33,"['Carrier (3 voli)', 'Weather (2 voli)', 'NAS (1 voli)']"
INL,6,36,-4.47,-1.25,10,33.7,37.9,6,176.17,186.83,"['NAS (14 voli)', 'Carrier (11 voli)', 'Weather (7 voli)']"
INL,7,47,-4.62,1.15,9,28.78,26.11,6,283.33,284.0,"['Carrier (14 voli)', 'NAS (9 voli)', 'Weather (5 voli)']"
INL,8,51,-7.18,-1.88,5,35.8,44.4,5,254.4,252.8,"['Carrier (7 voli)', 'NAS (7 voli)', 'Weather (5 voli)']"
INL,9,40,-9.45,-13.43,5,35.2,36.8,4,249.5,235.5,"['Carrier (5 voli)', 'NAS (2 voli)', 'Weather (1 voli)']"
INL,10,22,-8.68,-16.05,2,22.0,5.5,6,226.0,217.17,"['Carrier (7 voli)']"
INL,11,34,-8.32,-17.85,1,23.0,15.0,5,94.6,78.6,"['Carrier (5 voli)', 'Weather (1 voli)']"
INL,12,30,-7.43,-12.3,6,26.33,10.5,10,269.0,267.9,"['Carrier (11 voli)', 'NAS (6 voli)', 'Weather (6 voli)']"
ISP,1,335,-3.48,-6.16,72,30.65,30.97,32,173.69,173.25,"['NAS (81 voli)', 'Late Aircraft (67 voli)', 'Carrier (42 voli)']"
ISP,2,292,-3.28,-12.05,45,33.11,27.49,20,226.75,211.35,"['NAS (37 voli)', 'Late Aircraft (36 voli)', 'Carrier (24 voli)']"
ISP,3,290,-1.56,-11.06,70,35.16,26.93,58,115.31,109.98,"['Late Aircraft (79 voli)', 'NAS (56 voli)', 'Carrier (32 voli)']"
ISP,4,298,-1.32,-12.09,56,32.75,23.59,38,163.71,161.37,"['Late Aircraft (62 voli)', 'Carrier (44 voli)', 'NAS (31 voli)']"
ISP,5,263,-1.81,-12.2,63,29.7,19.85,38,125.08,117.71,"['Late Aircraft (63 voli)', 'Carrier (39 voli)', 'NAS (27 voli)']"
ISP,6,265,-2.03,-12.82,57,29.96,18.54,35,138.97,129.03,"['Late Aircraft (47 voli)', 'Carrier (42 voli)', 'NAS (29 voli)']"
ISP,7,248,-0.12,-10.43,86,29.74,20.02,39,140.92,129.72,"['Late Aircraft (69 voli)', 'Carrier (69 voli)', 'NAS (37 voli)']"
ISP,8,242,-0.17,-5.05,57,28.32,25.25,55,138.02,132.22,"['Late Aircraft (84 voli)', 'NAS (72 voli)', 'Carrier (64 voli)']"
ISP,9,243,-2.13,-9.01,31,29.26,19.29,10,163.7,152.6,"['Late Aircraft (20 voli)', 'NAS (11 voli)', 'Carrier (11 voli)']"
ISP,10,207,-0.52,-11.03,35,24.26,12.74,9,119.33,103.67,"['Carrier (21 voli)', 'Late Aircraft (17 voli)', 'Weather (9 voli)']"
ISP,11,257,-1.86,-13.21,34,27.97,11.74,12,177.5,160.0,"['Late Aircraft (20 voli)', 'Carrier (17 voli)', 'NAS (5 voli)']"
ISP,12,281,-1.84,-7.6,86,31.48,24.81,49,163.9,154.76,"['Late Aircraft (78 voli)', 'Carrier (61 voli)', 'NAS (60 voli)']"
ITH,1,24,-5.75,-8.21,2,40.0,24.5,5,212.0,192.0,"['Weather (6 voli)', 'Late Aircraft (5 voli)', 'NAS (4 voli)']"
ITH,2,21,-5.62,-20.19,3,52.67,36.0,1,216.0,225.0,"['Late Aircraft (2 voli)', 'Weather (2 voli)', 'Carrier (1 voli)']"
ITH,3,28,-5.18,-17.21,3,26.33,3.0,7,139.29,121.43,"['Late Aircraft (5 voli)', 'Carrier (4 voli)', 'NAS (2 voli)']"
ITH,4,43,-6.28,-14.65,0,NULL,NULL,5,87.4,68.6,"['NAS (3 voli)', 'Late Aircraft (2 voli)', 'Weather (2 voli)']"
ITH,5,89,-4.97,-16.24,6,30.0,15.33,6,157.67,136.67,"['Carrier (5 voli)', 'NAS (5 voli)', 'Weather (4 voli)']"
ITH,6,42,-5.64,-9.57,6,36.67,38.83,4,112.25,101.0,"['NAS (13 voli)', 'Late Aircraft (7 voli)', 'Carrier (4 voli)']"
ITH,7,44,-6.09,-9.25,6,34.67,40.17,10,168.1,176.7,"['NAS (14 voli)', 'Late Aircraft (9 voli)', 'Carrier (7 voli)']"
ITH,8,59,-5.85,-15.29,4,24.5,18.0,9,128.22,140.56,"['NAS (13 voli)', 'Late Aircraft (7 voli)', 'Weather (5 voli)']"
ITH,9,50,-7.64,-17.72,1,17.0,10.0,1,461.0,453.0,"['Weather (1 voli)']"
ITH,10,56,-7.05,-15.2,1,55.0,48.0,2,148.0,140.5,"['Late Aircraft (2 voli)', 'Carrier (1 voli)']"
ITH,11,55,-7.2,-17.53,0,NULL,NULL,1,73.0,126.0,"['NAS (2 voli)', 'Carrier (1 voli)', 'Late Aircraft (1 voli)']"
ITH,12,41,-5.05,-11.54,2,35.5,31.5,5,350.8,339.4,"['Late Aircraft (3 voli)', 'Carrier (3 voli)', 'NAS (3 voli)']"
ITO,1,494,-2.68,0.62,77,28.83,33.09,20,95.5,99.05,"['Late Aircraft (88 voli)', 'Carrier (72 voli)', 'Weather (36 voli)']"
ITO,2,512,-2.61,-1.63,28,27.04,29.5,7,92.29,94.14,"['Late Aircraft (37 voli)', 'Carrier (36 voli)', 'Weather (4 voli)']"
ITO,3,514,-1.43,-2.48,53,23.26,20.6,6,135.17,134.67,"['Late Aircraft (36 voli)', 'Carrier (32 voli)', 'NAS (5 voli)']"
ITO,4,510,-1.77,-3.39,50,27.24,25.76,11,102.09,100.82,"['Late Aircraft (46 voli)', 'Carrier (37 voli)', 'NAS (5 voli)']"
ITO,5,472,-2.11,-1.06,70,31.87,32.19,27,98.89,103.44,"['Late Aircraft (97 voli)', 'Carrier (82 voli)', 'NAS (24 voli)']"
ITO,6,478,-2.18,-2.11,63,25.56,26.83,6,82.33,84.67,"['Late Aircraft (63 voli)', 'Carrier (51 voli)', 'NAS (9 voli)']"
ITO,7,508,-2.16,-3.41,44,26.18,24.57,14,109.0,107.0,"['Late Aircraft (43 voli)', 'Carrier (38 voli)', 'NAS (8 voli)']"
ITO,8,503,-2.92,-5.97,35,23.77,21.09,13,107.15,104.31,"['Carrier (32 voli)', 'Late Aircraft (32 voli)', 'Weather (27 voli)']"
ITO,9,510,-3.38,-4.9,27,25.63,23.85,2,84.0,82.0,"['Carrier (24 voli)', 'Late Aircraft (22 voli)', 'NAS (3 voli)']"
ITO,10,492,-1.76,-3.17,48,27.13,26.21,6,88.33,85.67,"['Late Aircraft (44 voli)', 'Carrier (42 voli)', 'NAS (10 voli)']"
ITO,11,502,-1.95,-4.03,37,29.16,26.35,2,81.5,83.0,"['Late Aircraft (35 voli)', 'Carrier (28 voli)', 'NAS (3 voli)']"
ITO,12,509,-1.59,-3.64,40,23.9,22.68,7,94.14,95.43,"['Late Aircraft (42 voli)', 'Carrier (39 voli)', 'Weather (7 voli)']"
JAC,1,334,-3.47,-7.83,87,33.16,26.14,53,192.85,182.28,"['Late Aircraft (75 voli)', 'Carrier (73 voli)', 'NAS (71 voli)']"
JAC,2,308,-3.01,-6.65,92,32.09,30.99,58,216.21,224.04,"['NAS (97 voli)', 'Carrier (72 voli)', 'Late Aircraft (67 voli)']"
JAC,3,347,-3.3,-6.84,67,27.75,21.42,69,270.78,266.64,"['NAS (87 voli)', 'Late Aircraft (69 voli)', 'Carrier (55 voli)']"
JAC,4,185,-5.17,-8.81,19,24.42,19.58,11,136.64,134.27,"['NAS (25 voli)', 'Carrier (16 voli)', 'Late Aircraft (13 voli)']"
JAC,5,259,-4.94,-6.36,21,36.76,32.4,28,164.86,165.14,"['NAS (49 voli)', 'Late Aircraft (28 voli)', 'Carrier (22 voli)']"
JAC,6,441,-3.31,-9.88,66,31.61,23.73,40,149.3,143.38,"['Carrier (50 voli)', 'Late Aircraft (49 voli)', 'NAS (46 voli)']"
JAC,7,486,-3.81,-8.84,77,32.31,26.51,74,181.3,173.71,"['Carrier (98 voli)', 'NAS (80 voli)', 'Late Aircraft (72 voli)']"
JAC,8,502,-3.57,-6.93,76,32.75,27.67,62,178.24,173.77,"['NAS (77 voli)', 'Late Aircraft (75 voli)', 'Carrier (65 voli)']"
JAC,9,418,-3.83,-8.58,59,31.36,28.19,32,188.13,181.0,"['Late Aircraft (50 voli)', 'NAS (50 voli)', 'Carrier (39 voli)']"
JAC,10,321,-6.3,-12.55,16,30.25,22.25,11,312.73,305.82,"['Carrier (16 voli)', 'NAS (15 voli)', 'Late Aircraft (14 voli)']"
JAC,11,127,-5.14,-10.72,19,35.95,31.74,21,297.33,299.24,"['NAS (27 voli)', 'Carrier (21 voli)', 'Late Aircraft (16 voli)']"
JAC,12,239,-4.64,-8.16,41,30.8,29.88,56,252.52,249.71,"['NAS (71 voli)', 'Carrier (56 voli)', 'Late Aircraft (51 voli)']"
JAN,1,423,-4.12,-9.56,51,35.41,35.1,36,174.11,175.6,"['Late Aircraft (57 voli)', 'NAS (45 voli)', 'Weather (37 voli)']"
JAN,2,440,-4.96,-11.28,39,31.56,26.76,11,113.18,104.0,"['Late Aircraft (25 voli)', 'Carrier (24 voli)', 'NAS (16 voli)']"
JAN,3,441,-4.59,-10.34,57,28.79,26.23,43,159.53,152.21,"['Late Aircraft (65 voli)', 'NAS (43 voli)', 'Carrier (36 voli)']"
JAN,4,488,-5.4,-9.87,60,30.5,25.52,44,193.18,192.86,"['Late Aircraft (60 voli)', 'NAS (41 voli)', 'Carrier (40 voli)']"
JAN,5,468,-3.16,-5.53,101,31.8,29.18,72,176.36,179.17,"['Late Aircraft (100 voli)', 'NAS (92 voli)', 'Carrier (78 voli)']"
JAN,6,450,-3.37,-8.93,84,32.06,27.73,39,152.15,149.18,"['Late Aircraft (89 voli)', 'Carrier (78 voli)', 'NAS (53 voli)']"
JAN,7,393,-3.24,-6.43,114,33.49,33.66,77,159.56,158.18,"['Carrier (113 voli)', 'Late Aircraft (112 voli)', 'NAS (92 voli)']"
JAN,8,438,-4.44,-9.66,58,32.24,24.6,30,173.73,167.5,"['Late Aircraft (56 voli)', 'Carrier (43 voli)', 'NAS (23 voli)']"
JAN,9,460,-4.48,-7.52,43,32.33,27.79,16,162.56,154.69,"['NAS (37 voli)', 'Carrier (29 voli)', 'Late Aircraft (27 voli)']"
JAN,10,556,-4.43,-8.53,38,26.0,19.18,19,184.11,178.89,"['Carrier (36 voli)', 'Late Aircraft (28 voli)', 'NAS (24 voli)']"
JAN,11,511,-3.5,-8.64,46,28.98,23.76,17,156.88,155.75,"['Late Aircraft (37 voli)', 'Carrier (33 voli)', 'NAS (32 voli)']"
JAN,12,453,-3.44,-8.51,58,29.6,25.51,45,184.22,185.62,"['Late Aircraft (61 voli)', 'Carrier (61 voli)', 'NAS (61 voli)']"
JAX,1,1757,-3.66,-8.66,283,32.66,27.51,167,153.1,148.63,"['Late Aircraft (293 voli)', 'Carrier (214 voli)', 'NAS (207 voli)']"
JAX,2,1845,-4.34,-8.89,188,31.3,26.28,97,150.9,145.01,"['Late Aircraft (185 voli)', 'Carrier (164 voli)', 'NAS (149 voli)']"
JAX,3,2115,-3.88,-7.9,316,31.43,27.14,157,162.81,161.73,"['Late Aircraft (318 voli)', 'Carrier (248 voli)', 'NAS (229 voli)']"
JAX,4,2135,-3.71,-6.68,281,31.8,29.66,137,164.05,160.77,"['Late Aircraft (292 voli)', 'NAS (256 voli)', 'Carrier (196 voli)']"
JAX,5,2028,-2.6,-5.23,390,32.4,30.44,260,155.72,157.46,"['Late Aircraft (430 voli)', 'NAS (409 voli)', 'Carrier (350 voli)']"
JAX,6,1910,-3.21,-8.11,327,33.03,27.35,252,161.8,159.04,"['Late Aircraft (354 voli)', 'NAS (257 voli)', 'Carrier (254 voli)']"
JAX,7,1680,-2.82,-7.72,395,34.46,32.11,386,179.74,180.08,"['Late Aircraft (523 voli)', 'Carrier (407 voli)', 'NAS (377 voli)']"
JAX,8,1816,-3.25,-8.08,335,31.63,30.36,210,177.32,174.16,"['Late Aircraft (354 voli)', 'NAS (305 voli)', 'Carrier (248 voli)']"
JAX,9,1975,-3.77,-7.87,207,31.11,27.12,91,159.43,155.32,"['Late Aircraft (192 voli)', 'Carrier (175 voli)', 'NAS (170 voli)']"
JAX,10,2234,-4.42,-9.01,206,30.02,23.43,76,171.18,165.5,"['NAS (149 voli)', 'Carrier (146 voli)', 'Late Aircraft (143 voli)']"
JAX,11,2174,-4.2,-8.38,206,30.6,25.04,103,147.0,145.1,"['NAS (168 voli)', 'Late Aircraft (151 voli)', 'Carrier (145 voli)']"
JAX,12,2019,-2.46,-5.58,378,30.54,25.66,150,140.85,138.44,"['Late Aircraft (313 voli)', 'NAS (279 voli)', 'Carrier (271 voli)']"
JFK,1,5840,-2.32,-7.35,1169,31.89,26.65,782,141.6,141.31,"['NAS (1390 voli)', 'Carrier (1332 voli)', 'Late Aircraft (789 voli)']"
JFK,2,6071,-2.96,-10.88,911,31.49,22.56,565,129.58,122.93,"['Carrier (898 voli)', 'NAS (848 voli)', 'Late Aircraft (512 voli)']"
JFK,3,6525,-2.76,-10.33,1215,33.09,22.72,889,138.56,130.05,"['Carrier (1260 voli)', 'NAS (1076 voli)', 'Late Aircraft (885 voli)']"
JFK,4,7157,-3.01,-9.36,1281,31.48,23.83,709,137.81,131.83,"['NAS (1232 voli)', 'Carrier (1131 voli)', 'Late Aircraft (784 voli)']"
JFK,5,7650,-2.88,-7.85,1427,32.22,26.4,843,146.57,142.74,"['NAS (1477 voli)', 'Carrier (1256 voli)', 'Late Aircraft (898 voli)']"
JFK,6,6813,-2.5,-7.82,1449,32.98,28.04,1016,154.0,149.97,"['NAS (1731 voli)', 'Carrier (1533 voli)', 'Late Aircraft (1147 voli)']"
JFK,7,6687,-1.9,-5.65,1667,32.52,27.27,1387,160.08,154.91,"['Carrier (2126 voli)', 'NAS (2016 voli)', 'Late Aircraft (1451 voli)']"
JFK,8,6663,-2.34,-4.26,1568,33.04,30.8,1196,152.47,152.33,"['NAS (2550 voli)', 'Carrier (1897 voli)', 'Late Aircraft (1319 voli)']"
JFK,9,7845,-3.86,-9.68,932,30.66,22.62,479,135.84,128.26,"['NAS (957 voli)', 'Carrier (830 voli)', 'Late Aircraft (464 voli)']"
JFK,10,8132,-3.53,-11.0,867,29.65,16.31,331,140.81,128.52,"['Carrier (708 voli)', 'NAS (614 voli)', 'Late Aircraft (358 voli)']"
JFK,11,7827,-4.02,-10.77,837,30.37,19.6,368,120.62,109.82,"['Carrier (691 voli)', 'NAS (666 voli)', 'Late Aircraft (402 voli)']"
JFK,12,6895,-1.88,-8.1,1553,31.81,24.33,933,131.0,124.71,"['Carrier (1490 voli)', 'NAS (1366 voli)', 'Late Aircraft (1267 voli)']"
JLN,1,19,-5.21,-3.16,4,21.75,22.75,5,337.6,328.6,"['Carrier (8 voli)', 'Weather (6 voli)', 'NAS (5 voli)']"
JLN,2,37,-8.43,-7.22,1,53.0,35.0,2,128.5,97.0,"['Carrier (4 voli)', 'Weather (2 voli)']"
JLN,3,42,-6.98,-12.48,3,37.0,32.67,5,228.2,220.2,"['Carrier (5 voli)', 'Late Aircraft (2 voli)', 'NAS (2 voli)']"
JLN,4,42,-6.5,-11.29,4,33.5,37.0,4,103.75,95.75,"['Carrier (5 voli)', 'NAS (4 voli)', 'Weather (2 voli)']"
JLN,5,40,-7.03,-8.08,2,29.0,33.5,9,185.78,180.89,"['Carrier (6 voli)', 'NAS (3 voli)', 'Late Aircraft (3 voli)']"
JLN,6,37,-5.43,-16.29,2,52.0,44.0,9,207.78,206.78,"['NAS (7 voli)', 'Late Aircraft (4 voli)', 'Weather (3 voli)']"
JLN,7,43,-5.49,-16.1,5,38.2,29.0,1,72.0,79.0,"['Weather (4 voli)', 'Carrier (3 voli)', 'NAS (3 voli)']"
JLN,8,43,-5.49,-11.98,3,21.0,-2.0,4,370.25,371.25,"['Carrier (4 voli)', 'NAS (2 voli)', 'Late Aircraft (1 voli)']"
JLN,9,38,-5.5,-14.71,5,25.4,13.2,7,168.86,163.57,"['Late Aircraft (4 voli)', 'Carrier (4 voli)', 'NAS (4 voli)']"
JLN,10,40,-6.9,-11.05,7,37.29,23.14,2,67.5,53.5,"['Carrier (5 voli)', 'Late Aircraft (3 voli)', 'NAS (1 voli)']"
JLN,11,42,-6.0,-8.05,3,28.67,13.67,6,355.33,348.0,"['Carrier (5 voli)', 'Late Aircraft (3 voli)', 'NAS (2 voli)']"
JLN,12,42,-5.74,-7.98,2,30.0,24.5,5,241.2,227.0,"['Carrier (6 voli)', 'Late Aircraft (3 voli)', 'NAS (2 voli)']"
JMS,1,40,-7.25,-11.38,2,45.0,34.0,1,99.0,71.0,"['Weather (8 voli)', 'Late Aircraft (3 voli)', 'NAS (1 voli)']"
JMS,2,33,-7.21,-13.94,5,32.8,28.8,4,651.75,649.0,"['Weather (8 voli)', 'NAS (6 voli)', 'Carrier (2 voli)']"
JMS,3,47,-7.06,-12.36,2,43.0,35.0,5,290.8,291.0,"['Carrier (4 voli)', 'NAS (3 voli)', 'Late Aircraft (3 voli)']"
JMS,4,52,-7.21,-11.65,1,15.0,14.0,1,111.0,101.0,"['Carrier (1 voli)', 'Late Aircraft (1 voli)']"
JMS,5,10,-10.2,-12.0,0,NULL,NULL,2,95.5,111.0,"['NAS (2 voli)', 'Late Aircraft (1 voli)', 'Weather (1 voli)']"
JMS,6,26,-5.31,-5.58,2,17.5,38.0,4,127.0,138.75,"['NAS (12 voli)', 'Late Aircraft (4 voli)', 'Carrier (3 voli)']"
JMS,7,46,-6.61,-9.13,7,31.57,25.29,2,167.0,169.0,"['Carrier (5 voli)', 'Late Aircraft (4 voli)', 'NAS (4 voli)']"
JMS,8,51,-8.47,-11.0,4,30.25,25.25,1,151.0,151.0,"['Carrier (3 voli)', 'NAS (2 voli)', 'Late Aircraft (2 voli)']"
JMS,9,48,-9.81,-13.77,5,30.8,24.8,2,113.5,127.0,"['Carrier (6 voli)', 'NAS (3 voli)', 'Late Aircraft (1 voli)']"
JMS,10,52,-8.65,-12.1,3,43.33,37.33,2,590.5,587.0,"['Carrier (4 voli)', 'Late Aircraft (2 voli)', 'NAS (2 voli)']"
JMS,11,36,-6.72,-9.19,4,22.75,22.25,8,249.25,246.13,"['Late Aircraft (7 voli)', 'NAS (7 voli)', 'Weather (7 voli)']"
JMS,12,45,-6.33,-10.12,4,33.0,42.5,6,501.17,500.17,"['NAS (7 voli)', 'Late Aircraft (5 voli)', 'Weather (4 voli)']"
JNU,1,217,-7.84,-6.36,57,31.47,39.25,34,162.38,162.78,"['NAS (71 voli)', 'Late Aircraft (45 voli)', 'Carrier (42 voli)']"
JNU,2,263,-9.7,-9.2,20,35.85,31.84,12,143.5,146.0,"['NAS (21 voli)', 'Late Aircraft (19 voli)', 'Carrier (14 voli)']"
JNU,3,290,-9.67,-10.32,26,35.08,35.92,11,138.36,134.0,"['Late Aircraft (24 voli)', 'NAS (22 voli)', 'Carrier (12 voli)']"
JNU,4,297,-11.04,-12.42,27,29.93,25.5,11,104.0,100.55,"['Late Aircraft (21 voli)', 'Carrier (19 voli)', 'NAS (15 voli)']"
JNU,5,342,-8.41,-10.4,32,26.59,26.47,12,140.17,140.25,"['Carrier (26 voli)', 'Late Aircraft (25 voli)', 'NAS (25 voli)']"
JNU,6,415,-7.86,-9.65,45,29.47,27.87,17,159.12,156.41,"['Late Aircraft (35 voli)', 'NAS (29 voli)', 'Carrier (27 voli)']"
JNU,7,409,-6.19,-6.09,88,28.42,27.41,19,115.79,118.21,"['Late Aircraft (69 voli)', 'NAS (68 voli)', 'Carrier (45 voli)']"
JNU,8,416,-7.01,-8.27,64,30.5,30.09,27,167.74,171.58,"['Late Aircraft (50 voli)', 'NAS (47 voli)', 'Carrier (37 voli)']"
JNU,9,379,-9.12,-10.69,26,28.73,23.65,17,160.76,157.06,"['NAS (26 voli)', 'Late Aircraft (24 voli)', 'Carrier (23 voli)']"
JNU,10,311,-9.82,-11.05,19,35.21,34.79,16,156.06,154.75,"['NAS (22 voli)', 'Carrier (17 voli)', 'Weather (15 voli)']"
JNU,11,276,-10.51,-10.34,21,27.57,32.62,7,117.29,120.14,"['NAS (30 voli)', 'Late Aircraft (16 voli)', 'Weather (10 voli)']"
JNU,12,261,-7.71,-9.23,29,33.28,39.34,21,144.76,168.3,"['NAS (42 voli)', 'Late Aircraft (28 voli)', 'Carrier (22 voli)']"
JST,1,22,-5.73,-10.77,6,30.83,25.33,10,150.6,144.0,"['Late Aircraft (10 voli)', 'Weather (10 voli)', 'NAS (7 voli)']"
JST,2,22,-5.91,-16.41,6,30.0,7.83,1,66.0,52.0,"['Weather (3 voli)', 'Carrier (2 voli)', 'Late Aircraft (2 voli)']"
JST,3,43,-9.0,-17.79,2,34.0,35.5,3,106.67,96.0,"['NAS (3 voli)', 'Carrier (3 voli)', 'Weather (2 voli)']"
JST,4,42,-8.71,-11.17,7,37.43,50.71,10,178.4,172.1,"['Carrier (11 voli)', 'NAS (7 voli)', 'Late Aircraft (7 voli)']"
JST,5,43,-9.07,-10.98,4,34.0,27.75,12,175.92,174.33,"['Late Aircraft (11 voli)', 'NAS (7 voli)', 'Carrier (3 voli)']"
JST,6,47,-7.32,-14.89,7,45.29,39.43,3,237.33,235.67,"['Carrier (6 voli)', 'Late Aircraft (3 voli)', 'NAS (2 voli)']"
JST,7,52,-8.4,-14.48,7,31.43,27.0,3,233.33,230.33,"['Carrier (8 voli)', 'Late Aircraft (1 voli)']"
JST,8,54,-7.17,-9.33,4,36.5,37.75,4,97.25,92.5,"['NAS (7 voli)', 'Carrier (5 voli)', 'Late Aircraft (2 voli)']"
JST,9,50,-7.36,-10.66,3,33.67,31.0,6,284.0,282.17,"['Carrier (5 voli)', 'Late Aircraft (4 voli)', 'NAS (3 voli)']"
JST,10,46,-8.98,-16.5,4,36.5,43.5,6,135.33,134.33,"['NAS (6 voli)', 'Carrier (5 voli)', 'Late Aircraft (5 voli)']"
JST,11,38,-8.5,-13.74,5,23.6,14.2,5,154.4,151.8,"['Carrier (5 voli)', 'Late Aircraft (3 voli)', 'NAS (3 voli)']"
JST,12,43,-5.53,-8.79,3,23.0,20.33,12,486.33,484.75,"['Late Aircraft (8 voli)', 'NAS (8 voli)', 'Carrier (7 voli)']"
KOA,1,953,-1.6,-1.93,176,29.26,26.62,59,196.49,180.12,"['Carrier (206 voli)', 'Late Aircraft (195 voli)', 'NAS (77 voli)']"
KOA,2,936,-2.22,-4.01,130,27.07,18.84,58,181.43,173.4,"['Late Aircraft (133 voli)', 'Carrier (131 voli)', 'NAS (50 voli)']"
KOA,3,1180,-2.82,-6.27,79,28.75,25.08,27,143.26,134.67,"['Carrier (79 voli)', 'Late Aircraft (64 voli)', 'NAS (49 voli)']"
KOA,4,1106,-3.37,-7.1,96,29.51,23.4,46,161.59,157.87,"['Late Aircraft (83 voli)', 'Carrier (81 voli)', 'NAS (35 voli)']"
KOA,5,1112,-3.35,-4.74,141,29.01,27.59,43,145.51,143.86,"['Late Aircraft (142 voli)', 'Carrier (130 voli)', 'NAS (62 voli)']"
KOA,6,1234,-3.52,-5.27,110,28.55,25.9,26,130.88,127.88,"['Carrier (103 voli)', 'Late Aircraft (95 voli)', 'NAS (40 voli)']"
KOA,7,1251,-2.88,-5.26,129,27.06,24.03,43,256.19,240.98,"['Carrier (123 voli)', 'Late Aircraft (112 voli)', 'NAS (60 voli)']"
KOA,8,1197,-3.01,-7.93,109,28.04,20.18,46,165.24,148.78,"['Carrier (90 voli)', 'Late Aircraft (90 voli)', 'NAS (21 voli)']"
KOA,9,1175,-4.61,-7.16,72,29.85,24.19,26,116.96,109.12,"['Late Aircraft (62 voli)', 'Carrier (60 voli)', 'NAS (33 voli)']"
KOA,10,1162,-4.01,-6.73,96,30.6,29.49,37,140.81,135.32,"['Late Aircraft (93 voli)', 'Carrier (91 voli)', 'NAS (40 voli)']"
KOA,11,1120,-4.15,-5.96,78,28.9,23.4,23,199.3,193.17,"['Carrier (70 voli)', 'Late Aircraft (58 voli)', 'NAS (37 voli)']"
KOA,12,1162,-3.46,-6.25,127,27.32,20.15,29,143.38,135.0,"['Late Aircraft (100 voli)', 'Carrier (84 voli)', 'NAS (31 voli)']"
KTN,1,109,-9.92,-13.44,26,32.69,30.54,13,127.46,127.25,"['Late Aircraft (26 voli)', 'Carrier (16 voli)', 'NAS (13 voli)']"
KTN,2,137,-11.28,-13.3,12,36.25,50.5,2,175.0,168.5,"['NAS (13 voli)', 'Late Aircraft (10 voli)', 'Carrier (5 voli)']"
KTN,3,143,-10.69,-11.76,13,34.69,32.31,8,86.25,88.38,"['Late Aircraft (16 voli)', 'NAS (12 voli)', 'Carrier (6 voli)']"
KTN,4,147,-9.91,-13.65,13,24.92,21.85,8,78.25,74.38,"['Carrier (11 voli)', 'Late Aircraft (10 voli)', 'NAS (4 voli)']"
KTN,5,151,-7.95,-11.4,27,30.3,26.41,9,166.89,161.44,"['Late Aircraft (25 voli)', 'Carrier (16 voli)', 'NAS (11 voli)']"
KTN,6,200,-7.37,-8.03,31,27.0,24.26,10,124.9,125.0,"['Carrier (21 voli)', 'Late Aircraft (20 voli)', 'NAS (15 voli)']"
KTN,7,216,-5.42,-6.9,40,32.05,32.7,15,131.8,128.53,"['Late Aircraft (30 voli)', 'NAS (28 voli)', 'Carrier (19 voli)']"
KTN,8,204,-2.85,-4.32,49,26.41,25.79,20,161.8,158.16,"['Late Aircraft (36 voli)', 'NAS (31 voli)', 'Carrier (26 voli)']"
KTN,9,182,-7.44,-8.79,15,32.87,33.13,6,118.5,111.33,"['Late Aircraft (15 voli)', 'NAS (14 voli)', 'Carrier (11 voli)']"
KTN,10,148,-8.61,-10.53,12,33.0,32.25,6,112.83,114.67,"['Late Aircraft (14 voli)', 'NAS (9 voli)', 'Carrier (6 voli)']"
KTN,11,129,-8.51,-10.29,19,30.0,28.47,4,78.25,85.25,"['Late Aircraft (15 voli)', 'NAS (11 voli)', 'Carrier (6 voli)']"
KTN,12,130,-7.51,-10.92,22,26.45,22.86,11,143.91,134.64,"['Late Aircraft (22 voli)', 'NAS (11 voli)', 'Carrier (9 voli)']"
LAN,1,66,-3.64,-3.71,8,26.13,21.0,19,179.89,193.89,"['Carrier (19 voli)', 'NAS (19 voli)', 'Weather (12 voli)']"
LAN,2,86,-5.85,-12.03,7,34.71,29.14,4,86.5,79.5,"['NAS (6 voli)', 'Carrier (5 voli)', 'Late Aircraft (5 voli)']"
LAN,3,85,-4.67,-9.41,13,35.85,31.0,11,269.09,270.82,"['Carrier (14 voli)', 'Late Aircraft (12 voli)', 'NAS (11 voli)']"
LAN,4,84,-5.54,-7.87,9,22.89,20.11,18,140.39,139.61,"['Carrier (16 voli)', 'NAS (10 voli)', 'Late Aircraft (8 voli)']"
LAN,5,90,-6.26,-10.81,11,41.18,47.55,12,137.25,134.75,"['Carrier (15 voli)', 'NAS (9 voli)', 'Late Aircraft (7 voli)']"
LAN,6,69,-6.29,-8.61,18,34.44,33.5,21,142.48,139.24,"['Carrier (22 voli)', 'NAS (14 voli)', 'Weather (14 voli)']"
LAN,7,80,-5.25,-7.96,14,29.36,32.07,14,131.71,134.21,"['Late Aircraft (16 voli)', 'Carrier (13 voli)', 'NAS (11 voli)']"
LAN,8,78,-5.51,-8.68,14,35.57,37.57,14,213.21,217.86,"['Carrier (17 voli)', 'NAS (13 voli)', 'Late Aircraft (10 voli)']"
LAN,9,83,-6.78,-14.41,11,39.82,32.0,5,116.6,129.4,"['Carrier (6 voli)', 'Weather (4 voli)', 'Late Aircraft (3 voli)']"
LAN,10,93,-5.57,-10.42,15,36.8,32.33,5,102.6,105.8,"['Carrier (11 voli)', 'NAS (6 voli)', 'Late Aircraft (4 voli)']"
LAN,11,86,-6.08,-9.84,12,26.0,22.42,8,146.5,155.38,"['Carrier (20 voli)', 'NAS (13 voli)', 'Weather (4 voli)']"
LAN,12,74,-6.43,-4.73,11,42.45,41.55,6,146.0,148.67,"['Carrier (19 voli)', 'NAS (8 voli)', 'Weather (8 voli)']"
LAR,1,42,-8.48,-7.26,3,42.0,58.0,1,118.0,112.0,"['NAS (5 voli)', 'Weather (4 voli)', 'Late Aircraft (3 voli)']"
LAR,2,41,-7.15,-4.88,2,24.0,36.0,3,108.67,97.67,"['Carrier (4 voli)', 'NAS (3 voli)', 'Weather (3 voli)']"
LAR,3,41,-8.17,-9.05,4,31.5,40.25,4,328.75,318.5,"['Weather (7 voli)', 'NAS (4 voli)', 'Carrier (3 voli)']"
LAR,4,45,-8.89,-7.73,1,15.0,18.0,1,65.0,69.0,"['Carrier (3 voli)', 'NAS (3 voli)', 'Weather (3 voli)']"
LAR,5,47,-7.85,-7.62,2,44.5,40.5,3,102.0,95.33,"['Weather (3 voli)', 'NAS (3 voli)', 'Late Aircraft (1 voli)']"
LAR,6,38,-6.95,-5.0,2,26.5,21.0,7,290.29,285.29,"['Carrier (7 voli)', 'NAS (5 voli)', 'Late Aircraft (4 voli)']"
LAR,7,43,-6.65,-10.0,1,18.0,5.0,4,124.0,119.25,"['NAS (6 voli)', 'Weather (2 voli)', 'Late Aircraft (1 voli)']"
LAR,8,39,-7.92,-9.77,9,36.22,32.44,5,275.8,269.4,"['Late Aircraft (7 voli)', 'NAS (5 voli)', 'Carrier (4 voli)']"
LAR,9,42,-7.95,-9.9,4,40.75,34.25,4,93.5,77.0,"['Late Aircraft (7 voli)', 'Carrier (2 voli)', 'NAS (1 voli)']"
LAR,10,44,-9.16,-11.82,4,35.25,18.75,4,375.5,371.75,"['Carrier (4 voli)', 'Late Aircraft (2 voli)', 'NAS (2 voli)']"
LAR,11,38,-6.58,-8.61,4,33.75,21.75,6,125.0,108.83,"['Carrier (5 voli)', 'Late Aircraft (4 voli)', 'Weather (4 voli)']"
LAR,12,46,-7.48,-11.15,2,28.0,13.5,3,104.67,82.0,"['Carrier (3 voli)', 'Late Aircraft (2 voli)', 'NAS (1 voli)']"
LAS,1,11068,-1.95,-6.4,2323,31.23,25.4,898,127.99,122.3,"['Carrier (1919 voli)', 'Late Aircraft (1835 voli)', 'NAS (1459 voli)']"
LAS,2,10555,-2.02,-8.52,2084,30.93,23.94,872,121.69,116.47,"['Late Aircraft (1642 voli)', 'Carrier (1444 voli)', 'NAS (1391 voli)']"
LAS,3,11312,-1.84,-6.4,2741,31.72,26.96,1566,132.89,129.07,"['Late Aircraft (2626 voli)', 'Carrier (2280 voli)', 'NAS (2130 voli)']"
LAS,4,11634,-1.9,-8.3,2544,30.99,23.78,953,124.88,117.55,"['Late Aircraft (1900 voli)', 'Carrier (1778 voli)', 'NAS (1399 voli)']"
LAS,5,11513,-1.27,-7.94,3084,31.56,23.8,1246,134.76,128.52,"['Late Aircraft (2297 voli)', 'Carrier (2192 voli)', 'NAS (1683 voli)']"
LAS,6,10894,-0.91,-5.94,3228,30.92,24.96,1293,137.29,131.23,"['Carrier (2572 voli)', 'Late Aircraft (2386 voli)', 'NAS (2055 voli)']"
LAS,7,10062,-0.75,-5.81,3666,32.12,27.46,1950,140.26,136.69,"['Carrier (3615 voli)', 'Late Aircraft (3019 voli)', 'NAS (2547 voli)']"
LAS,8,11753,-2.18,-7.51,2587,31.21,25.82,1351,127.18,121.7,"['Carrier (2141 voli)', 'Late Aircraft (2036 voli)', 'NAS (1957 voli)']"
LAS,9,12072,-2.48,-8.71,2181,30.72,23.42,985,118.68,111.37,"['Carrier (1594 voli)', 'Late Aircraft (1570 voli)', 'NAS (1439 voli)']"
LAS,10,13718,-2.19,-8.86,2260,29.77,23.82,713,127.41,123.67,"['NAS (1596 voli)', 'Carrier (1478 voli)', 'Late Aircraft (1372 voli)']"
LAS,11,12345,-2.44,-10.93,1932,29.6,19.16,620,124.62,117.59,"['Carrier (1138 voli)', 'Late Aircraft (1096 voli)', 'NAS (916 voli)']"
LAS,12,12025,-2.13,-9.64,2213,30.28,21.62,855,131.18,124.8,"['Carrier (1449 voli)', 'Late Aircraft (1371 voli)', 'NAS (1125 voli)']"
LAW,1,68,-7.46,-9.43,5,41.0,33.6,12,218.5,219.17,"['Weather (12 voli)', 'Carrier (10 voli)', 'NAS (7 voli)']"
LAW,2,77,-7.6,-15.45,2,34.5,38.0,3,220.33,220.33,"['Weather (5 voli)', 'NAS (4 voli)', 'Carrier (3 voli)']"
LAW,3,76,-4.83,-11.34,4,31.25,25.0,9,124.33,114.11,"['Carrier (10 voli)', 'Weather (6 voli)', 'Late Aircraft (3 voli)']"
LAW,4,66,-6.32,-9.45,11,38.82,42.73,7,212.43,208.86,"['Weather (11 voli)', 'Carrier (8 voli)', 'NAS (8 voli)']"
LAW,5,64,-7.81,-12.69,11,37.64,37.0,8,144.38,139.5,"['Weather (15 voli)', 'Carrier (11 voli)', 'NAS (7 voli)']"
LAW,6,76,-9.09,-11.93,3,44.33,48.0,11,110.55,109.55,"['Carrier (9 voli)', 'NAS (7 voli)', 'Weather (4 voli)']"
LAW,7,71,-5.21,-6.51,7,25.57,30.29,12,263.33,270.58,"['NAS (17 voli)', 'Carrier (15 voli)', 'Weather (7 voli)']"
LAW,8,84,-8.37,-12.75,5,27.2,24.8,3,108.67,108.67,"['Carrier (7 voli)', 'NAS (4 voli)', 'Late Aircraft (2 voli)']"
LAW,9,82,-7.72,-5.35,4,44.0,51.0,4,178.0,179.5,"['NAS (9 voli)', 'Carrier (6 voli)', 'Weather (5 voli)']"
LAW,10,78,-6.17,-13.96,8,36.5,34.0,5,291.2,282.8,"['Carrier (8 voli)', 'Late Aircraft (6 voli)', 'NAS (5 voli)']"
LAW,11,67,-5.49,-6.94,8,43.25,54.25,5,126.8,124.2,"['Weather (13 voli)', 'Carrier (10 voli)', 'NAS (10 voli)']"
LAW,12,66,-5.27,-8.14,14,29.93,28.64,6,195.17,220.33,"['NAS (13 voli)', 'Carrier (11 voli)', 'Weather (11 voli)']"
LAX,1,11843,-2.76,-5.86,1630,31.6,25.94,827,154.41,147.8,"['Carrier (1964 voli)', 'NAS (1518 voli)', 'Late Aircraft (1139 voli)']"
LAX,2,10787,-2.47,-8.11,1731,30.86,23.58,786,147.04,141.31,"['Carrier (1361 voli)', 'NAS (1331 voli)', 'Late Aircraft (1046 voli)']"
LAX,3,12249,-2.2,-4.88,2159,31.53,27.35,1074,140.67,136.91,"['NAS (2114 voli)', 'Carrier (1993 voli)', 'Late Aircraft (1489 voli)']"
LAX,4,12312,-2.67,-6.86,1789,31.66,26.95,957,150.53,146.52,"['NAS (1715 voli)', 'Carrier (1501 voli)', 'Late Aircraft (1287 voli)']"
LAX,5,12308,-2.15,-6.32,2400,31.83,26.75,1294,142.96,137.71,"['Carrier (2170 voli)', 'NAS (2036 voli)', 'Late Aircraft (1820 voli)']"
LAX,6,12531,-2.01,-5.2,2470,31.09,26.5,1243,134.3,130.15,"['Carrier (2335 voli)', 'NAS (2215 voli)', 'Late Aircraft (1842 voli)']"
LAX,7,12677,-2.28,-6.22,2569,31.32,26.41,1478,150.74,145.47,"['Carrier (2854 voli)', 'NAS (2070 voli)', 'Late Aircraft (2017 voli)']"
LAX,8,13753,-2.88,-7.61,1940,31.38,26.35,1035,147.71,144.56,"['Carrier (1822 voli)', 'NAS (1619 voli)', 'Late Aircraft (1375 voli)']"
LAX,9,13282,-3.57,-10.08,1389,30.78,23.09,681,153.67,146.11,"['Carrier (1094 voli)', 'NAS (1000 voli)', 'Late Aircraft (904 voli)']"
LAX,10,14151,-3.67,-8.67,1473,29.9,24.23,655,141.9,136.26,"['Carrier (1265 voli)', 'NAS (1214 voli)', 'Late Aircraft (890 voli)']"
LAX,11,12281,-3.14,-11.04,1461,30.94,19.87,705,137.82,130.51,"['Carrier (1038 voli)', 'NAS (905 voli)', 'Late Aircraft (819 voli)']"
LAX,12,12707,-2.77,-9.04,1945,31.39,23.06,1006,140.91,134.56,"['Carrier (1478 voli)', 'NAS (1381 voli)', 'Late Aircraft (1138 voli)']"
LBB,1,349,-5.26,-10.67,51,31.75,23.98,48,166.96,162.94,"['Late Aircraft (58 voli)', 'Weather (37 voli)', 'NAS (34 voli)']"
LBB,2,382,-5.18,-9.92,33,30.97,26.36,18,115.61,115.67,"['NAS (40 voli)', 'Carrier (33 voli)', 'Late Aircraft (29 voli)']"
LBB,3,452,-5.5,-8.65,54,31.83,29.94,27,209.81,207.89,"['NAS (55 voli)', 'Late Aircraft (53 voli)', 'Carrier (27 voli)']"
LBB,4,382,-4.42,-6.98,62,33.32,28.81,25,166.6,165.84,"['Late Aircraft (55 voli)', 'NAS (52 voli)', 'Carrier (28 voli)']"
LBB,5,393,-3.33,-8.09,69,36.51,34.43,55,174.07,171.36,"['Late Aircraft (72 voli)', 'NAS (68 voli)', 'Carrier (51 voli)']"
LBB,6,403,-4.14,-6.82,54,31.54,27.65,37,186.62,183.76,"['Late Aircraft (53 voli)', 'Carrier (45 voli)', 'NAS (43 voli)']"
LBB,7,425,-4.24,-7.49,59,31.34,27.76,31,151.61,150.61,"['Late Aircraft (66 voli)', 'NAS (41 voli)', 'Carrier (35 voli)']"
LBB,8,484,-5.14,-8.9,36,34.28,27.78,21,178.52,178.95,"['Late Aircraft (36 voli)', 'Carrier (30 voli)', 'NAS (23 voli)']"
LBB,9,453,-4.97,-8.23,47,33.26,32.98,12,97.75,92.08,"['NAS (40 voli)', 'Late Aircraft (40 voli)', 'Carrier (31 voli)']"
LBB,10,463,-4.57,-8.89,36,33.25,25.92,20,191.8,189.45,"['Late Aircraft (37 voli)', 'NAS (29 voli)', 'Carrier (23 voli)']"
LBB,11,392,-3.07,-8.17,57,32.21,29.14,37,149.95,150.43,"['Late Aircraft (50 voli)', 'NAS (49 voli)', 'Carrier (42 voli)']"
LBB,12,440,-3.36,-10.47,63,32.81,25.06,50,146.96,148.9,"['Carrier (50 voli)', 'Late Aircraft (49 voli)', 'NAS (36 voli)']"
LBE,1,22,-5.09,-8.64,2,28.5,36.0,3,133.0,129.67,"['Late Aircraft (5 voli)', 'NAS (4 voli)', 'Weather (2 voli)']"
LBE,2,16,-1.94,-13.75,8,31.38,24.38,2,77.0,61.0,"['Late Aircraft (4 voli)', 'NAS (3 voli)', 'Carrier (1 voli)']"
LBE,3,21,-3.86,-13.05,8,27.5,40.75,1,86.0,93.0,"['NAS (8 voli)', 'Late Aircraft (2 voli)', 'Weather (1 voli)']"
LBE,4,37,-8.43,-17.81,6,32.5,25.17,2,429.0,416.0,"['NAS (5 voli)', 'Late Aircraft (3 voli)', 'Carrier (2 voli)']"
LBE,5,45,-5.96,-13.16,8,33.25,21.13,4,123.75,113.75,"['NAS (8 voli)', 'Late Aircraft (3 voli)', 'Carrier (2 voli)']"
LBE,6,47,-6.49,-15.02,6,25.5,17.33,2,125.0,116.0,"['Late Aircraft (4 voli)', 'NAS (2 voli)', 'Carrier (1 voli)']"
LBE,7,36,-5.06,-8.26,10,35.0,27.0,7,92.29,80.57,"['Carrier (10 voli)', 'Late Aircraft (8 voli)', 'NAS (6 voli)']"
LBE,8,36,-8.97,-15.42,3,31.0,17.33,3,102.33,98.0,"['Weather (5 voli)', 'NAS (2 voli)', 'Carrier (2 voli)']"
LBE,9,51,-10.37,-17.25,1,25.0,13.0,5,128.2,120.8,"['Late Aircraft (5 voli)', 'Carrier (1 voli)', 'NAS (1 voli)']"
LBE,10,63,-10.17,-18.05,2,36.5,31.5,0,NULL,NULL,"['Weather (2 voli)', 'Late Aircraft (1 voli)', 'NAS (1 voli)']"
LBE,11,20,-5.75,-14.9,1,34.0,54.0,3,152.67,136.33,"['NAS (4 voli)', 'Carrier (2 voli)', 'Late Aircraft (2 voli)']"
LBE,12,19,-3.32,-16.89,2,33.0,11.5,3,102.0,98.0,"['NAS (5 voli)', 'Carrier (1 voli)', 'Weather (1 voli)']"
LBF,1,34,-4.68,-5.18,4,29.0,23.0,5,346.0,352.2,"['NAS (6 voli)', 'Late Aircraft (5 voli)', 'Carrier (3 voli)']"
LBF,2,39,-7.18,-11.59,2,47.5,37.0,1,62.0,116.0,"['Carrier (3 voli)', 'Late Aircraft (3 voli)', 'NAS (3 voli)']"
LBF,3,39,-7.62,-12.0,4,24.5,18.5,2,693.5,688.5,"['Weather (7 voli)', 'NAS (2 voli)', 'Late Aircraft (1 voli)']"
LBF,4,44,-8.73,-3.02,5,20.4,23.6,2,68.0,67.0,"['Carrier (5 voli)', 'Late Aircraft (3 voli)', 'NAS (3 voli)']"
LBF,5,48,-9.06,-5.71,1,43.0,41.0,1,815.0,821.0,"['NAS (3 voli)', 'Carrier (1 voli)', 'Weather (1 voli)']"
LBF,6,41,-9.63,-2.37,5,29.2,27.8,4,142.75,143.0,"['NAS (5 voli)', 'Late Aircraft (4 voli)', 'Carrier (3 voli)']"
LBF,7,47,-8.87,-4.09,2,27.5,24.5,3,92.0,109.33,"['Carrier (6 voli)', 'NAS (3 voli)', 'Late Aircraft (1 voli)']"
LBF,8,46,-7.15,-0.96,3,39.0,46.67,4,87.0,81.75,"['NAS (7 voli)', 'Late Aircraft (6 voli)', 'Carrier (2 voli)']"
LBF,9,43,-7.77,-5.16,5,35.8,34.6,4,320.0,318.25,"['Late Aircraft (6 voli)', 'NAS (4 voli)', 'Carrier (3 voli)']"
LBF,10,48,-7.56,-7.65,3,31.67,29.0,0,NULL,NULL,"['Carrier (2 voli)', 'Late Aircraft (2 voli)', 'NAS (1 voli)']"
LBF,11,42,-7.64,-11.0,3,32.67,28.33,4,172.75,165.0,"['Carrier (3 voli)', 'Late Aircraft (3 voli)', 'Weather (3 voli)']"
LBF,12,39,-8.79,-13.74,3,24.0,14.67,3,183.0,166.67,"['Carrier (4 voli)', 'Late Aircraft (2 voli)']"
LBL,1,8,-5.25,-15.13,1,26.0,34.0,0,NULL,NULL,"['Weather (2 voli)', 'Carrier (1 voli)', 'NAS (1 voli)']"
LBL,2,25,-8.84,-13.72,3,40.0,38.67,2,317.0,309.5,"['Late Aircraft (4 voli)', 'NAS (2 voli)', 'Carrier (1 voli)']"
LBL,3,43,-7.81,-11.05,5,21.4,24.8,1,195.0,212.0,"['NAS (7 voli)', 'Late Aircraft (6 voli)', 'Weather (2 voli)']"
LBL,4,46,-7.35,-10.41,3,22.67,20.0,2,281.5,279.0,"['Carrier (2 voli)', 'Weather (2 voli)', 'Late Aircraft (1 voli)']"
LBL,5,42,-7.88,-11.54,3,32.0,26.33,9,212.89,211.89,"['Late Aircraft (8 voli)', 'NAS (4 voli)', 'Carrier (2 voli)']"
LBL,6,43,-5.44,-8.84,4,27.0,22.25,3,458.67,487.0,"['Carrier (3 voli)', 'NAS (3 voli)', 'Late Aircraft (2 voli)']"
LBL,7,36,-8.17,-12.33,6,26.33,20.17,2,106.0,107.0,"['NAS (11 voli)', 'Carrier (5 voli)', 'Late Aircraft (2 voli)']"
LBL,8,34,-6.24,-11.12,10,36.6,31.9,8,169.0,167.38,"['Carrier (10 voli)', 'Late Aircraft (7 voli)', 'NAS (6 voli)']"
LBL,9,41,-8.12,-13.1,7,27.57,21.71,3,137.0,128.0,"['Late Aircraft (3 voli)', 'NAS (3 voli)', 'Carrier (2 voli)']"
LBL,10,44,-9.48,-14.82,6,37.17,36.5,2,113.5,101.5,"['Late Aircraft (5 voli)', 'NAS (3 voli)', 'Weather (2 voli)']"
LBL,11,38,-7.95,-11.0,5,39.4,47.2,3,80.67,79.0,"['Late Aircraft (6 voli)', 'NAS (6 voli)', 'Weather (4 voli)']"
LBL,12,47,-8.6,-10.3,1,50.0,45.0,3,133.33,122.67,"['Carrier (2 voli)', 'Late Aircraft (2 voli)', 'NAS (1 voli)']"
LCH,1,73,-7.7,-2.38,4,28.75,25.25,11,326.27,327.27,"['Carrier (14 voli)', 'Weather (8 voli)', 'NAS (5 voli)']"
LCH,2,74,-7.55,-3.82,6,33.0,30.67,7,231.71,224.29,"['Carrier (13 voli)', 'Late Aircraft (4 voli)', 'NAS (4 voli)']"
LCH,3,77,-6.88,-8.96,3,34.67,26.0,6,274.83,273.17,"['Carrier (8 voli)', 'Weather (5 voli)', 'NAS (4 voli)']"
LCH,4,69,-7.41,-15.28,3,29.33,25.0,10,186.3,187.7,"['Weather (11 voli)', 'NAS (9 voli)', 'Carrier (6 voli)']"
LCH,5,59,-5.85,-11.78,8,31.0,27.75,17,304.88,310.24,"['NAS (16 voli)', 'Weather (15 voli)', 'Late Aircraft (11 voli)']"
LCH,6,73,-8.14,-14.34,5,39.8,29.6,11,166.73,171.73,"['Carrier (9 voli)', 'Weather (7 voli)', 'NAS (5 voli)']"
LCH,7,72,-5.14,-9.06,10,33.5,27.3,9,156.67,159.0,"['Late Aircraft (13 voli)', 'NAS (13 voli)', 'Carrier (7 voli)']"
LCH,8,79,-7.78,-13.77,6,45.67,35.83,7,199.43,192.86,"['Carrier (6 voli)', 'Late Aircraft (5 voli)', 'Weather (4 voli)']"
LCH,9,70,-5.64,-5.7,10,26.8,22.7,9,233.22,225.89,"['Carrier (13 voli)', 'NAS (6 voli)', 'Late Aircraft (5 voli)']"
LCH,10,73,-6.99,-12.12,10,34.8,25.8,9,203.11,192.11,"['Carrier (12 voli)', 'Late Aircraft (4 voli)', 'Weather (2 voli)']"
LCH,11,65,-7.08,-11.25,6,37.17,27.67,11,178.82,169.64,"['Weather (10 voli)', 'Carrier (9 voli)', 'NAS (3 voli)']"
LCH,12,71,-7.79,-10.62,9,34.56,33.56,8,160.5,162.75,"['NAS (9 voli)', 'Weather (8 voli)', 'Carrier (7 voli)']"
LCK,1,38,-4.82,-10.87,7,36.0,30.14,3,84.0,93.33,"['Late Aircraft (8 voli)', 'NAS (6 voli)', 'Carrier (5 voli)']"
LCK,2,40,-4.45,-9.08,6,23.67,13.5,4,84.0,76.25,"['Carrier (4 voli)', 'Late Aircraft (4 voli)', 'NAS (4 voli)']"
LCK,3,48,-5.83,-11.38,15,27.6,20.87,11,113.45,116.91,"['Late Aircraft (18 voli)', 'NAS (15 voli)', 'Carrier (4 voli)']"
LCK,4,50,-7.02,-14.64,7,29.71,19.29,6,164.83,168.0,"['Late Aircraft (7 voli)', 'NAS (6 voli)', 'Carrier (3 voli)']"
LCK,5,59,-5.58,-9.29,9,28.11,23.78,9,304.67,300.22,"['Late Aircraft (16 voli)', 'NAS (9 voli)', 'Carrier (7 voli)']"
LCK,6,97,-5.81,-7.16,22,35.82,38.45,9,126.67,126.33,"['Late Aircraft (28 voli)', 'NAS (19 voli)', 'Carrier (11 voli)']"
LCK,7,92,-7.16,-2.15,17,33.18,35.94,16,175.75,178.88,"['Late Aircraft (29 voli)', 'NAS (27 voli)', 'Carrier (25 voli)']"
LCK,8,56,-6.89,-6.66,14,34.43,33.71,14,115.36,117.0,"['Late Aircraft (24 voli)', 'NAS (15 voli)', 'Carrier (10 voli)']"
LCK,9,39,-7.67,-10.74,10,31.6,33.7,8,138.88,135.63,"['Late Aircraft (12 voli)', 'Carrier (9 voli)', 'NAS (9 voli)']"
LCK,10,50,-6.44,-8.96,4,35.0,33.0,2,107.5,107.5,"['Late Aircraft (5 voli)', 'Carrier (4 voli)', 'NAS (4 voli)']"
LCK,11,40,-3.53,-8.7,7,41.43,27.71,3,86.67,77.33,"['Late Aircraft (9 voli)', 'Carrier (4 voli)', 'NAS (2 voli)']"
LCK,12,36,-5.44,-10.83,12,31.67,32.09,17,204.76,204.29,"['Late Aircraft (22 voli)', 'Carrier (12 voli)', 'NAS (11 voli)']"
LEX,1,428,-4.58,-6.83,67,32.72,32.6,64,185.41,182.45,"['NAS (102 voli)', 'Late Aircraft (75 voli)', 'Carrier (71 voli)']"
LEX,2,464,-4.4,-9.88,59,32.22,22.69,22,194.32,183.09,"['Carrier (46 voli)', 'NAS (41 voli)', 'Late Aircraft (29 voli)']"
LEX,3,623,-5.1,-9.71,70,31.8,23.59,42,183.21,175.86,"['Late Aircraft (65 voli)', 'NAS (56 voli)', 'Carrier (36 voli)']"
LEX,4,668,-4.83,-8.93,56,28.25,26.14,41,154.37,149.25,"['NAS (64 voli)', 'Late Aircraft (53 voli)', 'Carrier (39 voli)']"
LEX,5,566,-3.75,-8.81,89,34.03,29.09,83,151.98,157.73,"['Late Aircraft (110 voli)', 'NAS (105 voli)', 'Carrier (64 voli)']"
LEX,6,621,-3.67,-10.49,100,30.2,23.98,66,199.09,198.32,"['Late Aircraft (89 voli)', 'Carrier (78 voli)', 'NAS (74 voli)']"
LEX,7,564,-4.45,-8.75,111,31.28,29.21,116,160.13,157.85,"['Late Aircraft (151 voli)', 'Carrier (128 voli)', 'NAS (117 voli)']"
LEX,8,598,-4.93,-9.02,86,32.77,31.45,61,167.05,160.74,"['NAS (92 voli)', 'Late Aircraft (91 voli)', 'Carrier (64 voli)']"
LEX,9,623,-4.79,-8.99,91,31.16,25.04,35,149.43,150.11,"['Carrier (73 voli)', 'Late Aircraft (69 voli)', 'NAS (67 voli)']"
LEX,10,661,-4.93,-8.84,69,30.2,21.41,29,150.86,142.21,"['NAS (61 voli)', 'Carrier (57 voli)', 'Late Aircraft (50 voli)']"
LEX,11,614,-5.53,-10.28,48,32.25,24.65,29,153.97,160.32,"['Carrier (53 voli)', 'NAS (52 voli)', 'Late Aircraft (33 voli)']"
LEX,12,528,-3.77,-10.1,86,31.98,27.77,53,211.49,203.85,"['Late Aircraft (77 voli)', 'NAS (74 voli)', 'Carrier (69 voli)']"
LFT,1,148,-4.07,-7.48,24,32.33,28.08,28,185.43,191.5,"['Weather (34 voli)', 'Late Aircraft (33 voli)', 'NAS (25 voli)']"
LFT,2,179,-5.19,-7.09,24,30.63,23.25,9,133.0,129.89,"['Weather (16 voli)', 'Late Aircraft (11 voli)', 'NAS (11 voli)']"
LFT,3,262,-5.12,-9.08,27,32.63,26.93,22,174.68,172.27,"['NAS (28 voli)', 'Weather (25 voli)', 'Carrier (20 voli)']"
LFT,4,225,-4.87,-6.6,14,34.86,39.36,23,166.13,176.48,"['NAS (28 voli)', 'Late Aircraft (25 voli)', 'Weather (22 voli)']"
LFT,5,177,-4.24,-6.55,26,28.35,28.12,31,186.84,190.62,"['Late Aircraft (37 voli)', 'Weather (28 voli)', 'NAS (25 voli)']"
LFT,6,207,-4.11,-9.18,28,30.25,27.0,30,165.93,161.14,"['Carrier (34 voli)', 'Late Aircraft (27 voli)', 'Weather (19 voli)']"
LFT,7,213,-3.71,-7.43,43,32.05,27.95,45,196.44,195.78,"['Carrier (47 voli)', 'Weather (40 voli)', 'NAS (39 voli)']"
LFT,8,248,-5.85,-12.79,28,33.89,28.0,20,194.35,188.1,"['Carrier (33 voli)', 'NAS (11 voli)', 'Late Aircraft (9 voli)']"
LFT,9,190,-5.14,-8.48,25,28.56,26.36,13,126.69,124.77,"['Carrier (19 voli)', 'Late Aircraft (18 voli)', 'NAS (15 voli)']"
LFT,10,234,-4.91,-11.97,18,28.56,18.39,19,151.84,142.74,"['Carrier (27 voli)', 'Late Aircraft (12 voli)', 'NAS (8 voli)']"
LFT,11,226,-5.23,-10.45,21,33.71,25.62,23,194.39,191.77,"['Late Aircraft (22 voli)', 'Carrier (20 voli)', 'NAS (19 voli)']"
LFT,12,238,-4.34,-7.98,19,29.47,23.11,23,181.35,188.09,"['NAS (33 voli)', 'Weather (25 voli)', 'Late Aircraft (24 voli)']"
LGA,1,7865,-3.57,-10.14,1445,32.71,27.56,1119,143.16,146.3,"['NAS (1577 voli)', 'Carrier (1422 voli)', 'Late Aircraft (1420 voli)']"
LGA,2,8105,-3.9,-12.57,1086,31.21,17.78,674,148.77,135.97,"['Carrier (865 voli)', 'Late Aircraft (845 voli)', 'NAS (761 voli)']"
LGA,3,9148,-3.86,-13.19,1422,32.55,20.89,833,131.23,121.58,"['Late Aircraft (1089 voli)', 'Carrier (1036 voli)', 'NAS (870 voli)']"
LGA,4,9837,-4.05,-11.74,1270,31.71,23.07,822,151.34,144.46,"['Carrier (1112 voli)', 'NAS (1083 voli)', 'Late Aircraft (977 voli)']"
LGA,5,9949,-3.79,-9.5,1576,31.79,27.07,1268,143.52,142.46,"['NAS (1856 voli)', 'Late Aircraft (1503 voli)', 'Carrier (1475 voli)']"
LGA,6,9080,-3.52,-10.66,1581,32.88,28.02,1238,157.42,153.26,"['NAS (1719 voli)', 'Carrier (1549 voli)', 'Late Aircraft (1469 voli)']"
LGA,7,8990,-3.12,-7.27,1891,32.92,31.16,1752,154.95,152.15,"['NAS (2545 voli)', 'Carrier (2377 voli)', 'Late Aircraft (2066 voli)']"
LGA,8,8950,-3.11,-7.29,1632,32.14,30.67,1432,160.33,157.87,"['NAS (2557 voli)', 'Carrier (1892 voli)', 'Late Aircraft (1629 voli)']"
LGA,9,11023,-4.93,-11.62,986,30.92,23.01,467,131.3,123.18,"['NAS (780 voli)', 'Carrier (751 voli)', 'Late Aircraft (595 voli)']"
LGA,10,11073,-4.62,-12.76,1065,30.54,21.1,499,148.13,139.88,"['Carrier (814 voli)', 'NAS (707 voli)', 'Late Aircraft (649 voli)']"
LGA,11,10588,-4.6,-12.54,1054,31.06,19.78,503,121.38,109.29,"['Late Aircraft (719 voli)', 'Carrier (692 voli)', 'NAS (619 voli)']"
LGA,12,9149,-2.93,-8.94,1846,32.25,25.32,1002,131.4,125.92,"['Late Aircraft (1524 voli)', 'Carrier (1507 voli)', 'NAS (1502 voli)']"
LGB,1,1212,-2.08,-6.42,179,29.32,24.98,69,104.33,102.42,"['Late Aircraft (165 voli)', 'Carrier (117 voli)', 'NAS (104 voli)']"
LGB,2,1130,-1.26,-8.29,175,28.66,20.91,58,103.34,94.62,"['Late Aircraft (127 voli)', 'Carrier (92 voli)', 'NAS (86 voli)']"
LGB,3,1214,-1.06,-6.44,198,29.76,25.05,68,111.25,104.68,"['Late Aircraft (151 voli)', 'Carrier (121 voli)', 'NAS (111 voli)']"
LGB,4,1222,-1.36,-8.21,181,29.46,21.46,55,113.27,103.85,"['Late Aircraft (130 voli)', 'Carrier (81 voli)', 'NAS (73 voli)']"
LGB,5,1197,-0.77,-9.05,233,30.65,22.64,75,122.91,117.51,"['Late Aircraft (176 voli)', 'Carrier (143 voli)', 'NAS (80 voli)']"
LGB,6,1206,-0.32,-7.67,200,30.75,23.3,57,121.42,113.72,"['Late Aircraft (157 voli)', 'Carrier (108 voli)', 'NAS (68 voli)']"
LGB,7,1161,-0.96,-7.56,272,30.1,23.65,79,112.84,105.51,"['Late Aircraft (200 voli)', 'Carrier (156 voli)', 'NAS (70 voli)']"
LGB,8,1273,-2.4,-7.42,122,30.77,26.93,40,109.7,104.18,"['Late Aircraft (86 voli)', 'Carrier (79 voli)', 'NAS (76 voli)']"
LGB,9,1206,-2.46,-9.25,126,28.54,21.95,46,131.87,125.83,"['Late Aircraft (89 voli)', 'Carrier (59 voli)', 'NAS (53 voli)']"
LGB,10,1226,-2.59,-9.24,150,31.28,23.89,74,115.49,107.42,"['Late Aircraft (132 voli)', 'Carrier (107 voli)', 'NAS (63 voli)']"
LGB,11,1275,-3.28,-11.56,117,31.12,21.66,37,112.08,102.3,"['Late Aircraft (77 voli)', 'Carrier (55 voli)', 'NAS (30 voli)']"
LGB,12,1140,-2.26,-9.42,203,31.24,25.13,119,132.24,124.8,"['Late Aircraft (187 voli)', 'Carrier (143 voli)', 'NAS (82 voli)']"
LIH,1,916,-1.81,-1.13,212,29.96,28.59,69,172.78,158.83,"['Late Aircraft (230 voli)', 'Carrier (136 voli)', 'NAS (107 voli)']"
LIH,2,943,-1.67,-3.43,127,29.8,19.98,26,197.04,181.77,"['Late Aircraft (114 voli)', 'Carrier (98 voli)', 'NAS (23 voli)']"
LIH,3,1136,-2.7,-5.74,110,25.85,21.15,15,164.87,154.67,"['Carrier (81 voli)', 'Late Aircraft (69 voli)', 'NAS (28 voli)']"
LIH,4,1083,-3.18,-7.12,115,29.89,25.12,33,166.15,163.33,"['Late Aircraft (93 voli)', 'Carrier (84 voli)', 'NAS (26 voli)']"
LIH,5,1120,-2.97,-5.39,140,29.18,27.98,47,128.26,124.66,"['Carrier (148 voli)', 'Late Aircraft (142 voli)', 'NAS (42 voli)']"
LIH,6,1197,-2.84,-4.96,114,27.46,26.11,39,112.97,109.64,"['Late Aircraft (122 voli)', 'Carrier (106 voli)', 'NAS (43 voli)']"
LIH,7,1240,-2.71,-4.69,140,31.72,29.55,33,154.0,151.55,"['Carrier (122 voli)', 'Late Aircraft (114 voli)', 'NAS (64 voli)']"
LIH,8,1192,-3.11,-8.71,88,31.26,22.83,24,188.29,185.61,"['Late Aircraft (70 voli)', 'Carrier (65 voli)', 'NAS (12 voli)']"
LIH,9,1124,-3.69,-7.13,82,29.06,23.8,17,233.12,238.31,"['Carrier (66 voli)', 'Late Aircraft (61 voli)', 'NAS (41 voli)']"
LIH,10,1142,-3.19,-6.82,89,26.1,22.37,17,110.12,104.65,"['Carrier (72 voli)', 'Late Aircraft (64 voli)', 'NAS (30 voli)']"
LIH,11,1124,-4.08,-7.37,70,32.67,24.19,22,103.41,96.33,"['Carrier (52 voli)', 'Late Aircraft (51 voli)', 'NAS (26 voli)']"
LIH,12,1163,-3.31,-6.77,112,29.35,23.76,34,156.47,147.47,"['Late Aircraft (101 voli)', 'Carrier (93 voli)', 'NAS (29 voli)']"
LIT,1,660,-3.64,-5.68,120,33.13,28.27,86,149.17,154.14,"['NAS (137 voli)', 'Late Aircraft (123 voli)', 'Weather (85 voli)']"
LIT,2,753,-4.72,-8.07,62,31.23,26.03,26,185.5,176.77,"['NAS (47 voli)', 'Late Aircraft (44 voli)', 'Carrier (36 voli)']"
LIT,3,808,-4.3,-9.37,89,31.79,26.46,66,131.92,129.0,"['Late Aircraft (95 voli)', 'NAS (77 voli)', 'Carrier (62 voli)']"
LIT,4,869,-3.49,-8.64,117,28.29,23.41,77,184.52,186.89,"['Carrier (86 voli)', 'NAS (84 voli)', 'Late Aircraft (80 voli)']"
LIT,5,753,-1.87,-6.37,193,31.25,28.34,141,148.46,157.36,"['NAS (190 voli)', 'Late Aircraft (154 voli)', 'Carrier (143 voli)']"
LIT,6,847,-2.24,-5.66,166,31.14,27.43,107,161.35,161.43,"['Late Aircraft (159 voli)', 'Carrier (143 voli)', 'NAS (136 voli)']"
LIT,7,812,-1.55,-4.15,218,32.03,31.93,128,158.96,158.51,"['NAS (216 voli)', 'Late Aircraft (212 voli)', 'Carrier (181 voli)']"
LIT,8,900,-3.52,-8.46,120,30.98,27.06,62,121.03,117.37,"['Late Aircraft (102 voli)', 'NAS (92 voli)', 'Carrier (91 voli)']"
LIT,9,876,-3.88,-8.44,111,30.75,24.66,55,134.78,130.18,"['Late Aircraft (98 voli)', 'NAS (86 voli)', 'Carrier (80 voli)']"
LIT,10,1026,-3.38,-8.74,91,30.53,24.21,45,146.0,140.36,"['Carrier (83 voli)', 'NAS (79 voli)', 'Late Aircraft (69 voli)']"
LIT,11,886,-3.97,-8.76,90,32.88,30.22,37,166.43,168.08,"['NAS (71 voli)', 'Carrier (60 voli)', 'Late Aircraft (57 voli)']"
LIT,12,774,-2.73,-8.01,133,30.59,26.02,70,137.11,138.17,"['Late Aircraft (112 voli)', 'Carrier (106 voli)', 'NAS (105 voli)']"
LNK,1,27,-1.3,-4.04,9,23.89,26.44,9,160.44,172.67,"['Late Aircraft (11 voli)', 'NAS (10 voli)', 'Weather (5 voli)']"
LNK,2,47,-7.77,-15.45,6,20.33,9.5,2,71.5,62.0,"['Carrier (2 voli)']"
LNK,3,37,-5.92,-13.22,3,36.67,22.33,2,282.5,265.5,"['Carrier (5 voli)', 'Late Aircraft (1 voli)', 'NAS (1 voli)']"
LNK,4,72,-4.82,-9.04,8,42.5,36.88,10,350.4,342.9,"['Carrier (8 voli)', 'Late Aircraft (7 voli)', 'NAS (3 voli)']"
LNK,5,87,-4.75,-9.15,21,33.71,34.95,21,191.52,192.95,"['NAS (18 voli)', 'Carrier (15 voli)', 'Late Aircraft (13 voli)']"
LNK,6,174,-5.66,-9.86,19,34.05,26.16,15,162.07,158.07,"['Carrier (20 voli)', 'NAS (12 voli)', 'Late Aircraft (9 voli)']"
LNK,7,168,-6.38,-9.26,20,32.7,27.65,23,153.61,147.48,"['Carrier (26 voli)', 'Late Aircraft (13 voli)', 'NAS (13 voli)']"
LNK,8,152,-5.28,-7.49,33,36.21,28.67,18,205.78,204.44,"['Carrier (23 voli)', 'NAS (23 voli)', 'Late Aircraft (16 voli)']"
LNK,9,153,-5.39,-9.93,14,36.14,21.43,15,217.4,203.0,"['Carrier (15 voli)', 'Late Aircraft (9 voli)', 'NAS (7 voli)']"
LNK,10,196,-6.08,-10.04,10,37.6,27.7,10,133.2,113.1,"['Carrier (19 voli)', 'Weather (7 voli)', 'Late Aircraft (4 voli)']"
LNK,11,170,-5.26,-9.72,16,31.63,20.88,11,126.55,115.09,"['Carrier (14 voli)', 'Weather (7 voli)', 'NAS (6 voli)']"
LNK,12,129,-5.61,-8.92,15,33.13,22.87,15,155.73,137.27,"['Carrier (15 voli)', 'Late Aircraft (13 voli)', 'NAS (8 voli)']"
LRD,1,96,-4.75,-6.82,15,22.87,24.13,16,152.88,145.5,"['Late Aircraft (17 voli)', 'NAS (11 voli)', 'Carrier (7 voli)']"
LRD,2,107,-6.05,-5.29,12,32.42,34.17,2,150.0,150.5,"['Late Aircraft (11 voli)', 'NAS (5 voli)', 'Carrier (1 voli)']"
LRD,3,102,-4.2,-3.52,12,30.08,30.5,11,129.64,128.09,"['Late Aircraft (19 voli)', 'NAS (17 voli)', 'Carrier (5 voli)']"
LRD,4,121,-5.55,-7.81,9,37.11,30.67,18,142.5,143.5,"['NAS (18 voli)', 'Late Aircraft (15 voli)', 'Carrier (8 voli)']"
LRD,5,106,-3.36,-3.93,19,35.42,33.0,26,219.69,231.2,"['Late Aircraft (36 voli)', 'NAS (31 voli)', 'Carrier (11 voli)']"
LRD,6,118,-2.97,-4.01,31,30.87,29.68,11,109.91,105.09,"['Late Aircraft (29 voli)', 'NAS (18 voli)', 'Carrier (12 voli)']"
LRD,7,127,-3.2,-2.17,24,33.33,32.67,20,209.1,207.0,"['Late Aircraft (39 voli)', 'NAS (29 voli)', 'Carrier (17 voli)']"
LRD,8,140,-6.56,-8.71,15,32.07,30.93,5,156.8,153.6,"['Late Aircraft (18 voli)', 'NAS (13 voli)', 'Carrier (4 voli)']"
LRD,9,125,-4.23,-7.06,10,35.4,30.3,5,388.2,383.0,"['Late Aircraft (13 voli)', 'NAS (10 voli)', 'Carrier (4 voli)']"
LRD,10,135,-5.9,-11.14,8,28.38,24.13,8,136.25,132.88,"['Late Aircraft (8 voli)', 'Carrier (5 voli)', 'NAS (5 voli)']"
LRD,11,127,-6.08,-8.84,9,25.22,17.56,13,131.38,126.67,"['Late Aircraft (14 voli)', 'NAS (9 voli)', 'Carrier (7 voli)']"
LRD,12,131,-4.4,-5.25,15,24.8,19.33,12,197.33,201.17,"['Late Aircraft (20 voli)', 'NAS (18 voli)', 'Carrier (4 voli)']"
LSE,1,1,1.0,1.0,2,28.5,5.5,1,113.0,99.0,"['Carrier (1 voli)', 'Weather (1 voli)']"
LSE,2,3,-5.33,-14.0,0,NULL,NULL,0,NULL,NULL,"[]"
LSE,5,38,-2.79,-5.24,4,37.5,35.25,7,137.29,149.17,"['NAS (7 voli)', 'Late Aircraft (7 voli)', 'Carrier (4 voli)']"
LSE,6,12,-3.75,-11.42,1,15.0,16.0,0,NULL,NULL,"['Late Aircraft (1 voli)', 'NAS (1 voli)']"
LSE,7,39,-3.72,-4.03,7,25.0,21.43,4,158.0,150.75,"['Carrier (8 voli)', 'Late Aircraft (7 voli)', 'NAS (7 voli)']"
LSE,8,30,-2.63,-5.2,2,30.5,23.5,2,227.5,221.0,"['NAS (2 voli)', 'Carrier (2 voli)', 'Late Aircraft (1 voli)']"
LSE,9,62,-4.82,-4.05,6,36.83,47.5,3,81.33,86.33,"['NAS (9 voli)', 'Carrier (6 voli)', 'Late Aircraft (5 voli)']"
LSE,10,37,-6.14,-6.92,1,17.0,17.0,2,95.5,88.0,"['NAS (2 voli)', 'Carrier (2 voli)', 'Late Aircraft (1 voli)']"
LSE,11,45,-4.36,-13.38,2,24.0,19.5,2,581.5,584.5,"['Carrier (4 voli)', 'Late Aircraft (3 voli)', 'NAS (2 voli)']"
LSE,12,8,-3.63,-9.13,1,15.0,26.0,0,NULL,NULL,"['Late Aircraft (1 voli)', 'NAS (1 voli)']"
LWS,1,64,-3.27,-2.02,11,33.82,21.36,13,140.31,137.92,"['Carrier (16 voli)', 'NAS (9 voli)', 'Late Aircraft (5 voli)']"
LWS,2,74,-3.78,-10.2,4,27.0,26.0,8,231.88,225.63,"['Carrier (8 voli)', 'NAS (5 voli)', 'Late Aircraft (3 voli)']"
LWS,3,85,-4.22,-4.05,3,39.33,31.0,3,220.67,221.33,"['Carrier (9 voli)', 'Late Aircraft (4 voli)', 'NAS (3 voli)']"
LWS,4,82,-4.76,-6.49,3,24.67,14.67,4,120.25,108.5,"['Carrier (9 voli)', 'Weather (1 voli)']"
LWS,5,81,-3.62,-6.26,6,27.5,26.0,2,376.5,365.0,"['Carrier (5 voli)', 'Weather (3 voli)', 'NAS (3 voli)']"
LWS,6,73,-2.99,-9.49,4,18.75,1.75,5,243.2,224.2,"['Carrier (5 voli)']"
LWS,7,82,-2.61,-9.16,7,34.14,23.29,3,447.0,437.67,"['Carrier (8 voli)', 'Weather (2 voli)']"
LWS,8,81,-4.2,-8.93,6,25.17,19.17,3,104.33,100.33,"['Carrier (6 voli)', 'NAS (3 voli)', 'Weather (1 voli)']"
LWS,9,81,-4.21,-7.28,5,35.6,33.2,4,351.0,342.5,"['Carrier (9 voli)', 'NAS (2 voli)', 'Late Aircraft (2 voli)']"
LWS,10,82,-4.1,-5.76,8,26.13,20.5,2,269.0,258.0,"['Carrier (7 voli)', 'NAS (3 voli)', 'Security (1 voli)']"
LWS,11,84,-4.3,-6.18,6,27.33,16.5,0,NULL,NULL,"['Carrier (10 voli)', 'Weather (1 voli)']"
LWS,12,83,-3.49,-7.35,1,57.0,89.0,8,290.75,283.13,"['Carrier (8 voli)', 'Weather (6 voli)', 'NAS (3 voli)']"
MAF,1,554,-4.33,-7.88,66,34.17,30.76,46,139.85,140.59,"['Late Aircraft (64 voli)', 'NAS (58 voli)', 'Carrier (39 voli)']"
MAF,2,579,-4.76,-8.24,39,31.03,26.28,16,169.25,162.81,"['NAS (34 voli)', 'Late Aircraft (26 voli)', 'Carrier (26 voli)']"
MAF,3,609,-3.85,-8.01,58,31.69,28.26,37,148.19,142.46,"['Late Aircraft (55 voli)', 'NAS (42 voli)', 'Carrier (32 voli)']"
MAF,4,689,-4.91,-9.36,70,35.41,31.42,55,150.93,148.27,"['Late Aircraft (71 voli)', 'NAS (54 voli)', 'Carrier (50 voli)']"
MAF,5,574,-2.21,-5.85,135,33.05,31.9,111,176.35,176.1,"['NAS (141 voli)', 'Carrier (127 voli)', 'Late Aircraft (120 voli)']"
MAF,6,606,-3.18,-5.92,137,31.25,30.92,85,135.69,134.45,"['Carrier (110 voli)', 'Late Aircraft (99 voli)', 'NAS (99 voli)']"
MAF,7,598,-2.93,-5.32,129,31.16,28.43,74,140.26,136.64,"['Late Aircraft (120 voli)', 'Carrier (102 voli)', 'NAS (87 voli)']"
MAF,8,715,-4.63,-7.39,75,29.79,27.11,45,154.36,149.93,"['Late Aircraft (60 voli)', 'Carrier (52 voli)', 'NAS (38 voli)']"
MAF,9,671,-4.76,-9.03,74,32.54,26.92,25,157.16,149.6,"['Carrier (48 voli)', 'Late Aircraft (42 voli)', 'NAS (39 voli)']"
MAF,10,737,-5.02,-9.03,54,31.35,24.94,27,161.48,154.48,"['Carrier (41 voli)', 'NAS (38 voli)', 'Late Aircraft (33 voli)']"
MAF,11,706,-4.74,-10.23,59,32.2,28.73,36,136.42,128.33,"['Late Aircraft (46 voli)', 'Carrier (45 voli)', 'NAS (44 voli)']"
MAF,12,679,-4.24,-8.91,75,29.63,24.95,54,161.76,158.59,"['NAS (59 voli)', 'Late Aircraft (58 voli)', 'Carrier (58 voli)']"
MBS,1,79,-4.15,-8.01,22,36.95,43.45,38,146.61,145.11,"['Weather (39 voli)', 'NAS (34 voli)', 'Carrier (31 voli)']"
MBS,2,134,-6.13,-14.95,6,34.33,39.17,9,231.11,223.0,"['Carrier (9 voli)', 'Late Aircraft (5 voli)', 'NAS (4 voli)']"
MBS,3,149,-5.76,-9.77,7,26.86,33.43,9,210.78,199.67,"['Carrier (9 voli)', 'NAS (9 voli)', 'Late Aircraft (8 voli)']"
MBS,4,146,-7.16,-11.79,9,37.0,34.78,11,134.45,134.64,"['Carrier (12 voli)', 'NAS (11 voli)', 'Late Aircraft (4 voli)']"
MBS,5,134,-6.19,-9.18,17,36.53,33.12,22,127.68,127.09,"['NAS (18 voli)', 'Carrier (16 voli)', 'Late Aircraft (16 voli)']"
MBS,6,149,-5.07,-7.64,13,31.85,32.23,22,176.23,173.45,"['Carrier (29 voli)', 'NAS (16 voli)', 'Weather (8 voli)']"
MBS,7,150,-5.58,-9.58,23,34.26,28.91,21,121.14,121.52,"['Carrier (24 voli)', 'NAS (14 voli)', 'Late Aircraft (12 voli)']"
MBS,8,162,-4.54,-7.53,17,33.94,30.18,20,176.35,174.9,"['Carrier (25 voli)', 'NAS (15 voli)', 'Late Aircraft (9 voli)']"
MBS,9,169,-6.82,-10.43,13,36.69,29.15,8,124.63,122.38,"['Carrier (12 voli)', 'Late Aircraft (7 voli)', 'NAS (3 voli)']"
MBS,10,170,-5.75,-9.38,18,28.39,25.22,16,183.06,177.38,"['Carrier (25 voli)', 'NAS (12 voli)', 'Late Aircraft (5 voli)']"
MBS,11,153,-5.32,-9.24,14,32.21,24.14,18,145.28,141.78,"['Carrier (24 voli)', 'NAS (13 voli)', 'Weather (8 voli)']"
MBS,12,132,-3.14,-4.82,32,32.13,31.23,25,148.92,149.0,"['Carrier (33 voli)', 'NAS (32 voli)', 'Weather (15 voli)']"
MCI,1,2650,-2.18,-3.21,558,30.89,31.85,292,153.18,162.29,"['NAS (708 voli)', 'Carrier (539 voli)', 'Late Aircraft (510 voli)']"
MCI,2,2948,-3.07,-8.09,294,28.73,23.25,123,166.98,163.62,"['NAS (276 voli)', 'Late Aircraft (212 voli)', 'Carrier (207 voli)']"
MCI,3,3392,-2.7,-8.55,467,30.32,24.11,174,139.73,137.95,"['Late Aircraft (370 voli)', 'NAS (319 voli)', 'Carrier (275 voli)']"
MCI,4,3287,-2.57,-8.22,504,30.55,24.09,211,156.27,152.84,"['Late Aircraft (428 voli)', 'Carrier (325 voli)', 'NAS (317 voli)']"
MCI,5,3296,-1.67,-5.78,599,31.26,27.69,367,146.86,145.63,"['Late Aircraft (618 voli)', 'NAS (527 voli)', 'Carrier (485 voli)']"
MCI,6,3465,-1.92,-6.48,631,30.92,27.21,290,161.47,158.83,"['Late Aircraft (602 voli)', 'NAS (470 voli)', 'Carrier (463 voli)']"
MCI,7,3344,-2.05,-5.53,698,31.42,28.47,405,154.99,152.95,"['Late Aircraft (740 voli)', 'Carrier (629 voli)', 'NAS (559 voli)']"
MCI,8,3541,-3.28,-7.57,480,30.4,26.5,247,141.87,138.44,"['Late Aircraft (438 voli)', 'NAS (426 voli)', 'Carrier (344 voli)']"
MCI,9,3638,-3.63,-8.19,323,29.95,23.83,119,130.54,124.19,"['NAS (250 voli)', 'Late Aircraft (246 voli)', 'Carrier (220 voli)']"
MCI,10,3878,-3.65,-9.13,323,29.19,22.39,117,170.11,163.66,"['Late Aircraft (219 voli)', 'Carrier (205 voli)', 'NAS (205 voli)']"
MCI,11,3427,-3.41,-9.15,338,29.83,22.18,153,143.04,139.62,"['NAS (252 voli)', 'Carrier (245 voli)', 'Late Aircraft (245 voli)']"
MCI,12,3033,-2.27,-9.68,519,29.02,19.28,194,152.84,144.82,"['Late Aircraft (342 voli)', 'Carrier (339 voli)', 'NAS (261 voli)']"
MCO,1,9705,-1.26,-5.97,2549,30.77,26.32,1231,147.78,145.12,"['Carrier (2463 voli)', 'NAS (2123 voli)', 'Late Aircraft (2061 voli)']"
MCO,2,10706,-2.39,-5.09,1777,30.53,26.21,800,126.47,120.16,"['NAS (1741 voli)', 'Carrier (1644 voli)', 'Late Aircraft (1330 voli)']"
MCO,3,10587,-1.57,-4.49,2786,31.98,29.83,1830,141.09,140.64,"['NAS (3008 voli)', 'Carrier (2889 voli)', 'Late Aircraft (2776 voli)']"
MCO,4,10865,-2.07,-7.16,1900,30.95,24.42,1030,143.4,137.71,"['Carrier (1693 voli)', 'NAS (1473 voli)', 'Late Aircraft (1450 voli)']"
MCO,5,9685,-1.38,-4.67,2395,31.96,30.3,1506,138.8,138.28,"['NAS (2361 voli)', 'Carrier (2285 voli)', 'Late Aircraft (2175 voli)']"
MCO,6,8809,-1.58,-7.52,2276,32.42,26.8,1695,147.56,142.79,"['Late Aircraft (2102 voli)', 'Carrier (2004 voli)', 'NAS (1844 voli)']"
MCO,7,8183,-1.16,-5.73,2605,32.59,28.32,1999,150.69,146.44,"['Carrier (2748 voli)', 'Late Aircraft (2564 voli)', 'NAS (2346 voli)']"
MCO,8,7908,-1.63,-6.55,2191,32.52,29.16,1516,136.43,132.48,"['NAS (2048 voli)', 'Late Aircraft (1976 voli)', 'Carrier (1862 voli)']"
MCO,9,8803,-2.73,-7.4,1232,29.97,25.93,459,127.07,122.04,"['NAS (1105 voli)', 'Carrier (867 voli)', 'Late Aircraft (794 voli)']"
MCO,10,9440,-2.87,-10.19,1209,29.23,20.6,427,127.51,117.21,"['Carrier (862 voli)', 'Weather (858 voli)', 'Late Aircraft (709 voli)']"
MCO,11,10426,-3.0,-9.72,1353,30.05,22.93,514,122.84,117.23,"['Carrier (970 voli)', 'NAS (955 voli)', 'Late Aircraft (775 voli)']"
MCO,12,10074,-1.87,-8.47,2035,30.85,22.97,1133,132.07,126.37,"['Carrier (1719 voli)', 'Late Aircraft (1708 voli)', 'NAS (1303 voli)']"
MCW,1,24,-4.79,-8.09,7,35.43,22.33,7,178.86,171.57,"['Late Aircraft (10 voli)', 'Weather (9 voli)', 'NAS (5 voli)']"
MCW,2,39,-8.69,-18.56,0,NULL,NULL,3,127.0,122.0,"['Weather (2 voli)', 'Carrier (2 voli)', 'NAS (1 voli)']"
MCW,3,39,-8.72,-12.95,5,39.2,44.6,7,312.71,300.57,"['Late Aircraft (8 voli)', 'NAS (6 voli)', 'Carrier (4 voli)']"
MCW,4,43,-9.09,-9.77,3,39.33,32.67,4,303.75,295.5,"['Late Aircraft (7 voli)', 'Carrier (4 voli)', 'NAS (2 voli)']"
MCW,5,42,-7.6,-2.57,4,32.0,33.0,5,172.4,169.2,"['NAS (9 voli)', 'Late Aircraft (7 voli)', 'Carrier (2 voli)']"
MCW,6,38,-8.13,-11.34,6,21.0,19.0,7,251.29,250.71,"['Late Aircraft (11 voli)', 'NAS (5 voli)']"
MCW,7,39,-7.54,-5.1,6,45.83,50.83,7,358.71,361.29,"['Late Aircraft (14 voli)', 'NAS (10 voli)', 'Carrier (3 voli)']"
MCW,8,34,-6.41,-8.68,10,34.6,39.9,8,169.63,171.75,"['Late Aircraft (13 voli)', 'NAS (10 voli)', 'Carrier (2 voli)']"
MCW,9,42,-8.64,-15.29,2,41.5,28.5,5,279.0,264.2,"['Late Aircraft (6 voli)', 'Carrier (2 voli)', 'NAS (2 voli)']"
MCW,10,44,-9.82,-15.36,3,41.67,26.0,2,68.5,45.5,"['Carrier (3 voli)', 'Late Aircraft (2 voli)']"
MCW,11,36,-8.81,-8.58,4,46.75,43.75,9,397.89,394.56,"['Late Aircraft (8 voli)', 'Carrier (5 voli)', 'NAS (5 voli)']"
MCW,12,40,-10.3,-11.43,3,22.33,24.67,4,130.5,136.75,"['Weather (6 voli)', 'Late Aircraft (5 voli)', 'NAS (4 voli)']"
MDT,1,257,-4.8,-7.98,31,31.77,34.81,31,187.77,186.74,"['NAS (46 voli)', 'Late Aircraft (33 voli)', 'Carrier (26 voli)']"
MDT,2,255,-4.85,-14.72,27,30.89,21.74,17,204.06,198.76,"['Carrier (18 voli)', 'NAS (17 voli)', 'Late Aircraft (15 voli)']"
MDT,3,306,-4.42,-12.56,38,32.11,27.97,17,176.65,176.47,"['NAS (32 voli)', 'Late Aircraft (24 voli)', 'Carrier (23 voli)']"
MDT,4,422,-4.63,-11.75,42,33.67,26.6,15,144.67,144.27,"['Late Aircraft (32 voli)', 'Carrier (32 voli)', 'NAS (32 voli)']"
MDT,5,364,-3.48,-8.2,58,32.98,30.12,44,137.66,137.2,"['NAS (66 voli)', 'Late Aircraft (63 voli)', 'Carrier (58 voli)']"
MDT,6,377,-3.96,-9.26,67,30.28,25.76,41,195.39,192.29,"['Carrier (65 voli)', 'Late Aircraft (53 voli)', 'NAS (50 voli)']"
MDT,7,346,-4.31,-7.56,74,33.93,32.32,64,161.63,163.5,"['Carrier (95 voli)', 'Late Aircraft (67 voli)', 'NAS (64 voli)']"
MDT,8,343,-2.93,-5.66,63,30.95,33.9,48,248.52,245.98,"['Carrier (69 voli)', 'NAS (66 voli)', 'Late Aircraft (55 voli)']"
MDT,9,323,-3.9,-8.15,48,30.48,25.4,29,146.34,139.86,"['Carrier (43 voli)', 'Late Aircraft (33 voli)', 'NAS (30 voli)']"
MDT,10,401,-3.86,-10.97,36,29.0,18.5,20,234.95,227.85,"['Carrier (27 voli)', 'Late Aircraft (24 voli)', 'NAS (19 voli)']"
MDT,11,363,-4.07,-12.14,42,31.69,22.95,28,143.93,129.93,"['Carrier (43 voli)', 'Late Aircraft (28 voli)', 'NAS (19 voli)']"
MDT,12,284,-1.94,-7.93,55,28.49,22.15,46,146.91,140.93,"['Carrier (62 voli)', 'NAS (51 voli)', 'Late Aircraft (42 voli)']"
MDW,1,3750,-0.19,-4.24,1026,30.56,26.31,411,137.26,135.26,"['Carrier (869 voli)', 'NAS (831 voli)', 'Late Aircraft (829 voli)']"
MDW,2,4307,-1.21,-9.61,559,28.77,20.77,144,121.78,112.68,"['Carrier (341 voli)', 'NAS (313 voli)', 'Late Aircraft (294 voli)']"
MDW,3,4865,-0.57,-7.85,1196,30.5,22.96,407,118.59,112.51,"['Late Aircraft (834 voli)', 'Carrier (792 voli)', 'NAS (603 voli)']"
MDW,4,5169,-0.53,-6.72,1137,30.32,24.13,353,128.07,122.25,"['Late Aircraft (825 voli)', 'Carrier (788 voli)', 'NAS (606 voli)']"
MDW,5,4479,0.21,-4.3,1635,31.42,28.83,770,118.37,117.16,"['Late Aircraft (1520 voli)', 'Carrier (1248 voli)', 'NAS (1106 voli)']"
MDW,6,4961,0.71,-4.63,1824,30.55,26.69,706,129.18,128.17,"['Carrier (1541 voli)', 'Late Aircraft (1484 voli)', 'NAS (1061 voli)']"
MDW,7,5019,0.92,-3.66,1929,30.85,26.6,808,120.35,116.08,"['Late Aircraft (1730 voli)', 'Carrier (1719 voli)', 'NAS (1126 voli)']"
MDW,8,5251,-0.15,-6.59,1358,30.27,26.8,490,113.03,109.76,"['Late Aircraft (1017 voli)', 'Carrier (974 voli)', 'NAS (822 voli)']"
MDW,9,5623,-0.7,-7.56,964,28.36,21.45,179,113.3,107.04,"['Carrier (637 voli)', 'Late Aircraft (521 voli)', 'NAS (484 voli)']"
MDW,10,5577,-1.18,-9.71,830,28.63,18.72,182,111.94,101.31,"['Carrier (478 voli)', 'Late Aircraft (443 voli)', 'NAS (265 voli)']"
MDW,11,4889,-1.59,-9.61,640,29.38,20.9,233,140.8,133.24,"['Carrier (417 voli)', 'Late Aircraft (414 voli)', 'NAS (346 voli)']"
MDW,12,4331,-0.22,-8.96,1117,29.94,21.95,337,116.42,108.94,"['Carrier (734 voli)', 'Late Aircraft (712 voli)', 'NAS (442 voli)']"
MEI,1,16,-4.56,-14.69,3,22.67,-0.67,4,93.25,59.75,"['Weather (6 voli)', 'Carrier (2 voli)', 'Late Aircraft (2 voli)']"
MEI,2,25,-8.12,-12.2,3,40.33,17.0,5,160.8,140.0,"['Late Aircraft (4 voli)', 'Carrier (2 voli)', 'Weather (1 voli)']"
MEI,3,43,-7.02,-9.35,2,30.5,38.5,4,338.25,330.5,"['NAS (4 voli)', 'Weather (3 voli)', 'Late Aircraft (1 voli)']"
MEI,4,41,-8.07,-7.39,3,30.0,25.0,4,358.75,358.25,"['Carrier (7 voli)', 'NAS (3 voli)', 'Late Aircraft (1 voli)']"
MEI,5,37,-5.7,0.35,5,30.0,36.4,10,217.9,245.3,"['NAS (16 voli)', 'Weather (7 voli)', 'Late Aircraft (6 voli)']"
MEI,6,45,-5.91,0.7,1,21.0,31.0,4,465.0,466.0,"['Carrier (7 voli)', 'NAS (6 voli)', 'Late Aircraft (3 voli)']"
MEI,7,33,-5.52,-1.21,4,42.5,58.5,9,126.78,124.22,"['NAS (9 voli)', 'Carrier (8 voli)', 'Weather (7 voli)']"
MEI,8,46,-6.7,-8.54,7,25.57,21.29,0,NULL,NULL,"['Late Aircraft (4 voli)', 'Carrier (3 voli)', 'NAS (3 voli)']"
MEI,9,46,-7.87,-7.67,2,20.5,18.0,3,237.0,237.0,"['Carrier (4 voli)', 'NAS (3 voli)', 'Late Aircraft (2 voli)']"
MEI,10,48,-6.1,-6.0,3,33.0,24.33,2,87.0,88.5,"['Carrier (6 voli)', 'NAS (1 voli)']"
MEI,11,47,-7.4,-8.4,4,30.0,29.75,1,61.0,73.0,"['Carrier (6 voli)', 'NAS (5 voli)']"
MEI,12,43,-5.47,-6.21,7,29.86,32.57,1,164.0,193.0,"['NAS (7 voli)', 'Carrier (6 voli)', 'Weather (2 voli)']"
MEM,1,1247,-3.89,-6.77,213,32.24,29.53,116,182.19,185.27,"['NAS (232 voli)', 'Late Aircraft (163 voli)', 'Carrier (160 voli)']"
MEM,2,1360,-4.52,-9.65,110,30.66,25.5,46,164.93,157.7,"['NAS (98 voli)', 'Carrier (85 voli)', 'Late Aircraft (57 voli)']"
MEM,3,1481,-3.8,-9.6,192,31.16,23.35,90,148.88,144.63,"['Late Aircraft (145 voli)', 'NAS (137 voli)', 'Carrier (125 voli)']"
MEM,4,1541,-3.74,-9.44,152,30.75,24.28,96,177.18,173.13,"['Carrier (143 voli)', 'Late Aircraft (127 voli)', 'NAS (117 voli)']"
MEM,5,1448,-2.24,-7.28,306,31.13,26.3,184,172.86,175.54,"['Carrier (260 voli)', 'Late Aircraft (248 voli)', 'NAS (241 voli)']"
MEM,6,1621,-2.86,-8.93,267,31.13,25.91,160,159.34,155.22,"['Carrier (229 voli)', 'Late Aircraft (211 voli)', 'NAS (209 voli)']"
MEM,7,1487,-2.51,-7.34,293,31.57,26.8,243,163.62,160.38,"['Carrier (358 voli)', 'Late Aircraft (303 voli)', 'NAS (283 voli)']"
MEM,8,1656,-3.95,-9.17,189,32.84,28.9,107,184.05,182.29,"['NAS (191 voli)', 'Carrier (176 voli)', 'Late Aircraft (174 voli)']"
MEM,9,1578,-3.62,-9.24,169,30.56,26.34,71,137.03,133.13,"['NAS (148 voli)', 'Late Aircraft (130 voli)', 'Carrier (117 voli)']"
MEM,10,1703,-3.66,-9.96,151,29.11,19.17,70,148.06,139.54,"['Carrier (115 voli)', 'NAS (98 voli)', 'Late Aircraft (89 voli)']"
MEM,11,1521,-3.56,-9.8,138,32.14,26.27,76,119.17,116.72,"['NAS (129 voli)', 'Carrier (122 voli)', 'Late Aircraft (101 voli)']"
MEM,12,1392,-2.57,-7.95,226,31.41,23.13,98,172.74,170.0,"['Carrier (166 voli)', 'NAS (161 voli)', 'Late Aircraft (151 voli)']"
MFE,1,220,-4.37,-8.68,32,32.5,29.5,22,288.73,286.36,"['Late Aircraft (36 voli)', 'NAS (24 voli)', 'Carrier (18 voli)']"
MFE,2,251,-5.14,-6.96,22,33.73,29.68,12,134.75,141.42,"['NAS (27 voli)', 'Late Aircraft (20 voli)', 'Carrier (19 voli)']"
MFE,3,231,-4.09,-6.23,26,33.08,31.58,26,133.96,136.96,"['NAS (41 voli)', 'Late Aircraft (31 voli)', 'Carrier (23 voli)']"
MFE,4,231,-3.63,-7.34,30,30.83,30.66,30,155.07,157.17,"['NAS (32 voli)', 'Carrier (29 voli)', 'Late Aircraft (27 voli)']"
MFE,5,252,-3.52,-4.96,39,33.59,29.74,76,177.09,178.72,"['Carrier (68 voli)', 'NAS (64 voli)', 'Late Aircraft (49 voli)']"
MFE,6,286,-3.08,-3.22,53,32.36,27.85,57,183.61,184.93,"['Carrier (63 voli)', 'NAS (59 voli)', 'Late Aircraft (57 voli)']"
MFE,7,325,-3.94,-3.65,64,32.05,34.28,66,158.33,158.58,"['Carrier (79 voli)', 'NAS (70 voli)', 'Late Aircraft (70 voli)']"
MFE,8,363,-4.94,-7.6,38,31.58,29.84,46,156.91,155.5,"['Late Aircraft (43 voli)', 'Carrier (37 voli)', 'NAS (33 voli)']"
MFE,9,378,-5.35,-8.52,33,31.42,27.48,23,126.83,117.65,"['Late Aircraft (30 voli)', 'Carrier (27 voli)', 'NAS (22 voli)']"
MFE,10,435,-6.29,-9.93,34,33.91,30.21,13,248.0,244.69,"['NAS (27 voli)', 'Carrier (25 voli)', 'Late Aircraft (25 voli)']"
MFE,11,329,-5.61,-10.08,40,33.43,28.35,31,146.81,150.74,"['Late Aircraft (33 voli)', 'NAS (30 voli)', 'Carrier (29 voli)']"
MFE,12,369,-5.24,-9.73,38,32.11,25.95,36,143.44,156.33,"['Carrier (42 voli)', 'NAS (33 voli)', 'Late Aircraft (27 voli)']"
MFR,1,285,-4.99,-13.33,25,30.2,19.44,29,207.07,198.69,"['Carrier (30 voli)', 'Late Aircraft (14 voli)', 'NAS (12 voli)']"
MFR,2,273,-5.04,-11.72,26,32.12,23.04,28,131.25,131.64,"['NAS (33 voli)', 'Carrier (17 voli)', 'Late Aircraft (11 voli)']"
MFR,3,291,-4.32,-7.57,36,33.06,25.36,22,152.59,154.05,"['NAS (41 voli)', 'Carrier (27 voli)', 'Late Aircraft (10 voli)']"
MFR,4,300,-4.87,-6.82,23,32.0,29.39,19,204.95,202.37,"['Carrier (29 voli)', 'NAS (23 voli)', 'Late Aircraft (7 voli)']"
MFR,5,302,-5.0,-9.26,36,32.25,28.64,21,209.33,203.29,"['Carrier (30 voli)', 'NAS (27 voli)', 'Late Aircraft (21 voli)']"
MFR,6,299,-2.69,-6.65,46,30.33,25.65,24,106.67,101.21,"['Carrier (41 voli)', 'NAS (31 voli)', 'Late Aircraft (24 voli)']"
MFR,7,299,-3.26,-8.06,42,31.52,26.05,36,147.39,143.61,"['Carrier (53 voli)', 'Late Aircraft (33 voli)', 'NAS (22 voli)']"
MFR,8,313,-4.06,-7.79,32,29.66,23.39,23,237.57,235.91,"['Carrier (36 voli)', 'NAS (23 voli)', 'Late Aircraft (20 voli)']"
MFR,9,303,-4.52,-8.82,32,27.63,20.25,18,159.11,153.33,"['Carrier (35 voli)', 'NAS (14 voli)', 'Late Aircraft (10 voli)']"
MFR,10,337,-5.4,-9.95,30,26.3,23.67,11,124.18,119.82,"['Carrier (25 voli)', 'NAS (18 voli)', 'Late Aircraft (10 voli)']"
MFR,11,299,-5.28,-9.74,27,32.85,28.93,21,316.43,312.57,"['Carrier (37 voli)', 'NAS (23 voli)', 'Weather (15 voli)']"
MFR,12,288,-3.68,-9.93,34,34.68,26.18,27,211.04,195.23,"['Carrier (38 voli)', 'Weather (33 voli)', 'Late Aircraft (23 voli)']"
MGM,1,128,-2.2,-7.98,31,32.16,28.29,21,202.38,194.67,"['Carrier (29 voli)', 'Late Aircraft (28 voli)', 'NAS (20 voli)']"
MGM,2,152,-4.49,-9.3,23,32.87,27.65,8,153.88,152.25,"['Carrier (20 voli)', 'NAS (16 voli)', 'Late Aircraft (14 voli)']"
MGM,3,170,-4.09,-7.36,24,31.29,25.79,11,209.82,200.91,"['Late Aircraft (18 voli)', 'NAS (17 voli)', 'Carrier (16 voli)']"
MGM,4,170,-4.55,-8.03,15,26.33,27.53,12,136.17,130.42,"['NAS (18 voli)', 'Late Aircraft (13 voli)', 'Carrier (12 voli)']"
MGM,5,161,-3.94,-4.68,18,31.0,29.06,26,236.31,233.12,"['Carrier (29 voli)', 'NAS (29 voli)', 'Weather (14 voli)']"
MGM,6,171,-5.12,-9.33,32,31.28,21.32,16,185.38,178.94,"['Late Aircraft (20 voli)', 'Carrier (19 voli)', 'NAS (15 voli)']"
MGM,7,159,-2.73,-3.94,27,30.15,33.33,38,155.16,155.32,"['NAS (37 voli)', 'Carrier (36 voli)', 'Late Aircraft (33 voli)']"
MGM,8,196,-4.48,-8.24,25,29.72,23.48,8,282.5,281.13,"['Carrier (21 voli)', 'Late Aircraft (17 voli)', 'NAS (14 voli)']"
MGM,9,182,-3.91,-8.07,18,30.94,29.11,16,138.81,112.33,"['Late Aircraft (24 voli)', 'NAS (22 voli)', 'Carrier (11 voli)']"
MGM,10,184,-4.89,-13.31,17,32.29,26.88,8,136.88,132.38,"['Late Aircraft (12 voli)', 'Carrier (8 voli)', 'NAS (6 voli)']"
MGM,11,179,-4.14,-10.45,30,31.47,27.4,10,155.4,153.67,"['Carrier (23 voli)', 'NAS (21 voli)', 'Late Aircraft (13 voli)']"
MGM,12,160,-3.41,-7.37,44,35.16,32.36,26,201.81,199.23,"['Carrier (45 voli)', 'NAS (30 voli)', 'Late Aircraft (23 voli)']"
MGW,12,20,-4.75,-2.65,4,27.75,34.5,11,244.64,230.73,"['Carrier (10 voli)', 'Late Aircraft (7 voli)', 'NAS (4 voli)']"
MHK,1,67,-3.43,-7.78,11,31.45,25.64,8,167.38,168.88,"['Late Aircraft (12 voli)', 'NAS (10 voli)', 'Weather (8 voli)']"
MHK,2,60,-5.2,-10.07,1,15.0,-11.0,2,126.5,108.0,"['Carrier (4 voli)', 'NAS (3 voli)']"
MHK,3,41,-2.95,-9.24,4,24.75,12.75,2,401.0,393.5,"['Carrier (3 voli)', 'Late Aircraft (3 voli)', 'Weather (3 voli)']"
MHK,4,47,-4.15,-15.02,5,30.8,20.2,4,120.0,82.33,"['Late Aircraft (4 voli)', 'Carrier (3 voli)', 'NAS (3 voli)']"
MHK,5,43,-3.16,-6.58,7,27.14,20.14,9,120.56,129.67,"['Late Aircraft (11 voli)', 'Carrier (9 voli)', 'NAS (7 voli)']"
MHK,6,68,-4.59,-12.99,10,31.9,38.5,6,250.83,275.4,"['Late Aircraft (9 voli)', 'Carrier (6 voli)', 'NAS (5 voli)']"
MHK,7,77,-3.48,-12.45,9,27.33,16.0,5,128.4,118.6,"['Late Aircraft (8 voli)', 'Carrier (5 voli)', 'NAS (5 voli)']"
MHK,8,75,-5.77,-13.13,9,35.11,23.78,3,125.0,113.0,"['Late Aircraft (6 voli)', 'NAS (4 voli)', 'Carrier (3 voli)']"
MHK,9,57,-4.74,-10.42,5,29.0,12.8,2,78.0,63.0,"['NAS (8 voli)', 'Carrier (2 voli)', 'Late Aircraft (2 voli)']"
MHK,10,66,-2.64,-16.77,5,23.6,4.4,4,91.5,75.5,"['Late Aircraft (5 voli)', 'Carrier (2 voli)', 'NAS (2 voli)']"
MHK,11,61,-2.79,-14.39,4,23.25,19.5,4,157.75,175.25,"['Late Aircraft (5 voli)', 'Weather (4 voli)', 'NAS (4 voli)']"
MHK,12,68,-1.66,-14.16,8,20.5,7.0,4,193.25,177.75,"['Weather (4 voli)', 'Carrier (3 voli)', 'NAS (3 voli)']"
MHT,1,258,-4.02,-8.14,41,29.29,26.61,33,138.58,150.76,"['NAS (52 voli)', 'Late Aircraft (44 voli)', 'Carrier (28 voli)']"
MHT,2,246,-4.2,-12.86,28,29.29,18.14,12,123.92,121.67,"['NAS (20 voli)', 'Late Aircraft (17 voli)', 'Carrier (12 voli)']"
MHT,3,311,-3.55,-12.05,53,32.49,28.06,30,162.3,161.87,"['NAS (56 voli)', 'Late Aircraft (46 voli)', 'Carrier (31 voli)']"
MHT,4,366,-3.59,-8.26,52,34.58,29.04,23,167.78,177.35,"['Late Aircraft (44 voli)', 'NAS (42 voli)', 'Carrier (33 voli)']"
MHT,5,364,-3.42,-6.19,66,32.27,29.73,37,177.3,180.3,"['Late Aircraft (73 voli)', 'NAS (64 voli)', 'Carrier (34 voli)']"
MHT,6,413,-3.7,-8.92,51,30.94,28.96,24,191.17,186.25,"['Late Aircraft (51 voli)', 'NAS (36 voli)', 'Carrier (33 voli)']"
MHT,7,343,-3.43,-8.06,94,30.33,26.0,53,151.36,152.26,"['Late Aircraft (91 voli)', 'Carrier (85 voli)', 'NAS (68 voli)']"
MHT,8,439,-3.32,-7.83,63,32.73,30.43,45,206.49,208.27,"['NAS (77 voli)', 'Late Aircraft (67 voli)', 'Carrier (51 voli)']"
MHT,9,477,-4.69,-12.4,36,31.0,23.92,19,175.63,164.89,"['Late Aircraft (32 voli)', 'NAS (26 voli)', 'Carrier (18 voli)']"
MHT,10,453,-3.51,-11.87,63,28.06,17.83,25,124.32,112.28,"['Carrier (41 voli)', 'Late Aircraft (37 voli)', 'NAS (27 voli)']"
MHT,11,352,-4.56,-12.86,22,28.45,13.77,13,145.38,134.31,"['Late Aircraft (17 voli)', 'NAS (13 voli)', 'Carrier (12 voli)']"
MHT,12,330,-4.7,-11.22,52,31.17,23.63,24,185.42,166.52,"['Late Aircraft (46 voli)', 'NAS (41 voli)', 'Carrier (27 voli)']"
MIA,1,6670,-0.8,-4.3,2083,31.86,29.66,984,144.52,142.25,"['Carrier (2136 voli)', 'NAS (1840 voli)', 'Late Aircraft (1776 voli)']"
MIA,2,7294,-1.83,-2.76,1405,30.84,29.0,678,143.24,140.27,"['NAS (1628 voli)', 'Carrier (1460 voli)', 'Late Aircraft (1194 voli)']"
MIA,3,6894,-1.28,-3.91,1899,32.68,31.4,1360,162.99,163.89,"['NAS (2145 voli)', 'Late Aircraft (2057 voli)', 'Carrier (1846 voli)']"
MIA,4,7212,-1.86,-6.2,1371,31.68,26.5,760,153.0,148.0,"['Carrier (1277 voli)', 'NAS (1151 voli)', 'Late Aircraft (1118 voli)']"
MIA,5,6248,-0.96,-3.71,1836,32.78,30.64,1227,143.89,143.48,"['Carrier (1854 voli)', 'Late Aircraft (1814 voli)', 'NAS (1782 voli)']"
MIA,6,4879,-0.91,-6.41,1708,33.19,29.1,1338,161.0,155.84,"['Late Aircraft (1823 voli)', 'Carrier (1538 voli)', 'NAS (1428 voli)']"
MIA,7,5208,-0.99,-6.11,1735,32.83,27.82,1328,158.54,152.78,"['Carrier (1983 voli)', 'Late Aircraft (1835 voli)', 'NAS (1489 voli)']"
MIA,8,4954,-1.05,-6.21,1627,33.25,28.83,1392,143.15,138.04,"['Late Aircraft (1837 voli)', 'Carrier (1477 voli)', 'NAS (1406 voli)']"
MIA,9,5880,-2.7,-7.94,903,31.41,27.47,430,136.46,133.61,"['NAS (926 voli)', 'Carrier (723 voli)', 'Late Aircraft (558 voli)']"
MIA,10,6657,-3.08,-10.86,823,31.48,22.35,394,134.09,124.64,"['Carrier (714 voli)', 'Late Aircraft (552 voli)', 'NAS (417 voli)']"
MIA,11,7177,-2.63,-10.49,970,30.94,21.28,469,129.7,120.39,"['Carrier (792 voli)', 'Late Aircraft (643 voli)', 'NAS (557 voli)']"
MIA,12,6855,-1.45,-7.76,1712,32.21,26.26,864,131.92,125.91,"['Carrier (1533 voli)', 'Late Aircraft (1413 voli)', 'NAS (1322 voli)']"
MKE,1,1422,-2.22,-4.46,265,33.71,31.67,195,189.03,190.52,"['NAS (348 voli)', 'Carrier (258 voli)', 'Late Aircraft (237 voli)']"
MKE,2,1664,-3.97,-10.94,186,31.76,19.88,63,166.4,157.81,"['NAS (136 voli)', 'Late Aircraft (105 voli)', 'Carrier (100 voli)']"
MKE,3,1978,-3.47,-8.99,302,32.4,28.49,187,137.33,133.58,"['Late Aircraft (281 voli)', 'NAS (278 voli)', 'Carrier (218 voli)']"
MKE,4,1935,-3.74,-8.41,199,30.65,24.17,138,156.42,154.55,"['Late Aircraft (193 voli)', 'NAS (169 voli)', 'Carrier (159 voli)']"
MKE,5,1834,-3.27,-7.13,273,32.28,27.97,218,164.73,165.7,"['Late Aircraft (275 voli)', 'NAS (252 voli)', 'Carrier (207 voli)']"
MKE,6,1906,-3.31,-7.87,292,31.01,27.57,169,154.23,148.29,"['NAS (272 voli)', 'Late Aircraft (261 voli)', 'Carrier (209 voli)']"
MKE,7,1879,-2.97,-7.41,361,32.52,30.94,255,158.84,158.81,"['Carrier (381 voli)', 'Late Aircraft (357 voli)', 'NAS (333 voli)']"
MKE,8,2079,-3.35,-8.07,256,32.22,28.39,168,129.69,128.49,"['NAS (266 voli)', 'Late Aircraft (229 voli)', 'Carrier (217 voli)']"
MKE,9,2036,-3.97,-9.73,202,29.91,24.42,90,144.48,140.86,"['NAS (162 voli)', 'Carrier (160 voli)', 'Late Aircraft (112 voli)']"
MKE,10,2172,-3.83,-11.4,198,29.96,22.04,93,175.65,166.01,"['Carrier (159 voli)', 'Late Aircraft (117 voli)', 'NAS (103 voli)']"
MKE,11,1831,-4.03,-10.5,192,31.47,24.03,89,159.98,152.8,"['Carrier (161 voli)', 'NAS (133 voli)', 'Late Aircraft (116 voli)']"
MKE,12,1683,-2.81,-8.89,279,30.56,25.11,160,161.71,161.19,"['Carrier (241 voli)', 'NAS (215 voli)', 'Late Aircraft (193 voli)']"
MLB,1,174,-7.79,-14.96,23,34.09,23.27,19,159.32,156.95,"['Late Aircraft (29 voli)', 'Carrier (16 voli)', 'NAS (6 voli)']"
MLB,2,191,-7.89,-11.9,21,34.19,31.43,3,130.0,123.33,"['Late Aircraft (17 voli)', 'NAS (11 voli)', 'Carrier (10 voli)']"
MLB,3,196,-6.56,-10.85,37,28.89,25.38,10,131.1,122.1,"['Late Aircraft (31 voli)', 'Carrier (22 voli)', 'NAS (18 voli)']"
MLB,4,209,-6.81,-11.77,19,29.0,21.63,14,183.14,179.5,"['Late Aircraft (17 voli)', 'Carrier (14 voli)', 'NAS (13 voli)']"
MLB,5,193,-6.62,-10.59,22,36.77,36.95,20,132.25,132.9,"['Late Aircraft (38 voli)', 'NAS (27 voli)', 'Carrier (17 voli)']"
MLB,6,188,-6.1,-12.51,16,32.38,21.56,14,134.36,125.77,"['Late Aircraft (16 voli)', 'Carrier (11 voli)', 'NAS (7 voli)']"
MLB,7,168,-4.43,-6.41,24,36.25,33.13,27,122.07,133.67,"['Late Aircraft (43 voli)', 'NAS (43 voli)', 'Carrier (34 voli)']"
MLB,8,171,-5.97,-10.42,23,36.83,28.52,20,117.8,129.35,"['Late Aircraft (29 voli)', 'NAS (23 voli)', 'Carrier (21 voli)']"
MLB,9,194,-6.09,-10.05,12,25.5,32.92,8,118.63,126.75,"['NAS (18 voli)', 'Late Aircraft (13 voli)', 'Carrier (8 voli)']"
MLB,10,195,-7.31,-10.29,7,26.29,20.86,7,120.29,110.29,"['Weather (15 voli)', 'NAS (11 voli)', 'Late Aircraft (9 voli)']"
MLB,11,208,-6.85,-9.79,17,29.76,23.24,5,131.2,135.8,"['Late Aircraft (13 voli)', 'Carrier (10 voli)', 'NAS (9 voli)']"
MLB,12,208,-5.54,-9.08,33,31.55,25.52,14,197.64,201.57,"['Late Aircraft (30 voli)', 'Carrier (24 voli)', 'NAS (20 voli)']"
MLI,1,194,-3.43,-4.97,41,30.32,37.0,44,212.16,217.05,"['Weather (78 voli)', 'NAS (57 voli)', 'Late Aircraft (40 voli)']"
MLI,2,253,-5.09,-11.82,21,29.71,21.33,16,209.25,196.63,"['NAS (20 voli)', 'Carrier (19 voli)', 'Late Aircraft (11 voli)']"
MLI,3,290,-5.42,-11.02,32,32.0,25.25,22,137.18,135.05,"['NAS (35 voli)', 'Late Aircraft (24 voli)', 'Carrier (19 voli)']"
MLI,4,246,-4.71,-8.31,36,33.64,30.69,15,276.87,282.93,"['NAS (29 voli)', 'Late Aircraft (25 voli)', 'Carrier (20 voli)']"
MLI,5,260,-3.95,-7.66,42,32.9,31.1,52,203.56,206.79,"['NAS (59 voli)', 'Late Aircraft (49 voli)', 'Carrier (40 voli)']"
MLI,6,279,-4.99,-8.68,36,36.08,32.42,31,167.26,165.87,"['Late Aircraft (43 voli)', 'NAS (36 voli)', 'Carrier (35 voli)']"
MLI,7,269,-4.65,-6.2,56,30.82,30.66,46,132.83,130.17,"['Late Aircraft (61 voli)', 'Carrier (60 voli)', 'NAS (52 voli)']"
MLI,8,281,-4.87,-6.9,35,31.86,35.23,29,126.31,122.59,"['NAS (39 voli)', 'Carrier (36 voli)', 'Late Aircraft (35 voli)']"
MLI,9,288,-5.56,-9.19,30,35.83,28.8,16,153.69,155.5,"['NAS (27 voli)', 'Carrier (23 voli)', 'Late Aircraft (21 voli)']"
MLI,10,362,-5.82,-11.63,22,35.23,30.36,9,145.67,138.0,"['Carrier (22 voli)', 'Late Aircraft (15 voli)', 'NAS (13 voli)']"
MLI,11,303,-5.4,-8.24,31,31.61,26.55,20,139.2,140.55,"['Carrier (37 voli)', 'NAS (27 voli)', 'Late Aircraft (26 voli)']"
MLI,12,252,-2.85,-9.95,31,35.48,22.5,33,211.7,205.09,"['Carrier (31 voli)', 'NAS (30 voli)', 'Late Aircraft (29 voli)']"
MLU,1,103,-5.5,-4.45,21,28.62,27.95,20,177.15,183.65,"['NAS (30 voli)', 'Late Aircraft (24 voli)', 'Carrier (19 voli)']"
MLU,2,132,-5.34,-3.8,8,33.5,30.13,5,124.2,119.0,"['Late Aircraft (9 voli)', 'NAS (7 voli)', 'Carrier (3 voli)']"
MLU,3,128,-4.45,-5.83,21,33.38,27.14,5,160.6,157.8,"['Late Aircraft (14 voli)', 'NAS (13 voli)', 'Carrier (12 voli)']"
MLU,4,120,-4.03,-3.99,17,32.06,26.41,10,126.5,123.9,"['NAS (18 voli)', 'Late Aircraft (17 voli)', 'Carrier (11 voli)']"
MLU,5,116,-2.58,-5.66,10,27.1,21.6,24,175.0,172.92,"['Late Aircraft (20 voli)', 'NAS (17 voli)', 'Carrier (14 voli)']"
MLU,6,136,-4.63,-9.76,16,30.13,17.88,15,117.33,115.0,"['Late Aircraft (19 voli)', 'Carrier (13 voli)', 'NAS (7 voli)']"
MLU,7,152,-3.88,-8.57,19,35.32,38.68,26,144.96,141.35,"['Late Aircraft (32 voli)', 'NAS (23 voli)', 'Carrier (20 voli)']"
MLU,8,158,-5.77,-8.54,8,26.63,23.5,11,214.09,202.18,"['Carrier (11 voli)', 'Late Aircraft (7 voli)', 'NAS (5 voli)']"
MLU,9,156,-5.99,-9.02,24,31.83,31.46,14,153.57,150.86,"['NAS (21 voli)', 'Carrier (20 voli)', 'Late Aircraft (19 voli)']"
MLU,10,171,-5.98,-12.06,7,40.0,30.71,3,203.0,191.67,"['Carrier (7 voli)', 'Late Aircraft (6 voli)', 'NAS (4 voli)']"
MLU,11,129,-3.25,-8.5,11,32.91,23.82,18,181.17,175.72,"['Late Aircraft (19 voli)', 'Carrier (15 voli)', 'NAS (12 voli)']"
MLU,12,130,-4.76,-8.77,12,35.67,31.17,13,124.0,114.77,"['Carrier (16 voli)', 'NAS (15 voli)', 'Late Aircraft (8 voli)']"
MOB,1,148,-4.06,-9.24,21,31.67,30.85,16,187.5,185.88,"['NAS (21 voli)', 'Late Aircraft (17 voli)', 'Carrier (16 voli)']"
MOB,2,200,-4.71,-10.42,17,30.0,25.12,9,291.78,291.56,"['Carrier (18 voli)', 'NAS (11 voli)', 'Late Aircraft (8 voli)']"
MOB,3,174,-4.7,-7.79,20,32.15,26.45,14,118.64,117.77,"['Late Aircraft (22 voli)', 'NAS (16 voli)', 'Carrier (14 voli)']"
MOB,4,179,-4.59,-8.24,20,25.0,30.9,3,150.33,200.33,"['NAS (19 voli)', 'Late Aircraft (14 voli)', 'Carrier (5 voli)']"
MOB,5,165,-3.55,-4.8,24,37.46,38.29,16,219.25,240.44,"['NAS (43 voli)', 'Late Aircraft (32 voli)', 'Carrier (21 voli)']"
MOB,6,168,-4.91,-10.37,28,34.25,27.79,15,123.4,117.67,"['Late Aircraft (29 voli)', 'Carrier (23 voli)', 'NAS (18 voli)']"
MOB,7,162,-4.04,-7.4,25,36.0,32.71,27,117.63,114.78,"['Carrier (40 voli)', 'Late Aircraft (35 voli)', 'NAS (31 voli)']"
MOB,8,208,-4.15,-9.26,11,24.64,18.73,7,137.57,127.0,"['Late Aircraft (13 voli)', 'NAS (12 voli)', 'Carrier (10 voli)']"
MOB,9,194,-5.12,-9.72,16,29.25,24.69,10,228.9,226.2,"['NAS (23 voli)', 'Late Aircraft (18 voli)', 'Carrier (11 voli)']"
MOB,10,211,-5.04,-11.67,9,27.67,29.11,3,72.67,67.33,"['NAS (8 voli)', 'Carrier (7 voli)', 'Late Aircraft (5 voli)']"
MOB,11,176,-4.39,-8.26,18,30.11,26.39,9,127.44,130.5,"['Late Aircraft (15 voli)', 'NAS (15 voli)', 'Carrier (13 voli)']"
MOB,12,181,-3.76,-8.53,24,31.08,30.88,20,248.0,251.6,"['NAS (33 voli)', 'Late Aircraft (29 voli)', 'Carrier (19 voli)']"
MOT,1,110,-2.84,-6.81,15,39.07,38.85,31,257.81,257.41,"['NAS (29 voli)', 'Weather (28 voli)', 'Carrier (27 voli)']"
MOT,2,132,-4.96,-13.03,12,31.75,23.92,11,227.73,227.64,"['Weather (13 voli)', 'NAS (12 voli)', 'Carrier (10 voli)']"
MOT,3,146,-4.61,-9.4,9,27.78,27.44,7,201.29,205.0,"['Carrier (13 voli)', 'NAS (13 voli)', 'Weather (10 voli)']"
MOT,4,151,-5.74,-11.05,9,28.89,17.11,9,164.22,153.11,"['Carrier (19 voli)', 'NAS (6 voli)', 'Late Aircraft (3 voli)']"
MOT,5,158,-4.24,-11.47,17,30.94,18.65,7,127.14,123.29,"['Carrier (9 voli)', 'NAS (5 voli)', 'Late Aircraft (3 voli)']"
MOT,6,139,-3.42,-2.08,31,34.48,34.47,21,239.52,243.52,"['NAS (41 voli)', 'Carrier (38 voli)', 'Weather (15 voli)']"
MOT,7,187,-3.49,-5.73,23,37.87,38.26,17,173.47,169.53,"['Carrier (34 voli)', 'NAS (18 voli)', 'Weather (8 voli)']"
MOT,8,165,-5.05,-5.24,30,31.87,30.97,13,199.92,199.77,"['Carrier (32 voli)', 'NAS (27 voli)', 'Weather (10 voli)']"
MOT,9,164,-5.09,-8.52,19,34.89,30.63,4,321.25,320.75,"['Carrier (20 voli)', 'NAS (11 voli)', 'Weather (3 voli)']"
MOT,10,172,-5.03,-12.77,17,26.06,23.59,4,204.0,202.0,"['Carrier (15 voli)', 'NAS (13 voli)', 'Late Aircraft (5 voli)']"
MOT,11,150,-3.3,-5.89,13,36.85,46.38,17,181.47,184.82,"['Carrier (31 voli)', 'NAS (25 voli)', 'Weather (12 voli)']"
MOT,12,142,-3.07,-1.88,28,35.46,29.93,27,205.74,201.7,"['Carrier (43 voli)', 'NAS (23 voli)', 'Weather (19 voli)']"
MQT,1,18,-4.06,-9.29,1,31.0,14.0,1,65.0,44.0,"['Weather (3 voli)', 'Late Aircraft (2 voli)', 'NAS (1 voli)']"
MQT,2,26,-3.23,-9.88,4,33.0,10.75,6,155.0,123.67,"['Carrier (3 voli)', 'Late Aircraft (3 voli)', 'Weather (2 voli)']"
MQT,3,47,-5.43,-7.15,2,21.0,4.5,2,101.5,73.0,"['Late Aircraft (3 voli)', 'NAS (3 voli)', 'Weather (1 voli)']"
MQT,4,40,-7.23,-8.95,5,36.0,29.6,10,209.0,205.5,"['Carrier (12 voli)', 'Weather (5 voli)', 'NAS (5 voli)']"
MQT,5,68,-6.78,-5.71,10,41.4,46.5,5,133.0,135.2,"['NAS (12 voli)', 'Late Aircraft (7 voli)', 'Carrier (6 voli)']"
MQT,6,71,-3.7,-8.01,10,37.0,48.4,6,152.5,161.67,"['Carrier (11 voli)', 'NAS (10 voli)', 'Late Aircraft (9 voli)']"
MQT,7,68,-3.84,-6.56,15,30.27,27.6,9,143.22,142.11,"['Carrier (17 voli)', 'Late Aircraft (10 voli)', 'NAS (9 voli)']"
MQT,8,68,-4.12,-7.94,18,28.0,28.61,6,181.33,189.33,"['NAS (18 voli)', 'Carrier (17 voli)', 'Late Aircraft (11 voli)']"
MQT,9,80,-6.16,-9.65,6,24.83,23.0,3,115.67,111.0,"['Carrier (7 voli)', 'NAS (5 voli)', 'Late Aircraft (1 voli)']"
MQT,10,59,-6.71,-12.85,2,42.5,37.5,4,133.5,124.0,"['Carrier (5 voli)', 'Late Aircraft (2 voli)', 'NAS (2 voli)']"
MQT,11,41,-4.83,-12.93,7,41.71,36.14,1,97.0,79.0,"['Carrier (6 voli)', 'Weather (4 voli)', 'NAS (3 voli)']"
MQT,12,27,-2.26,-10.74,13,27.23,14.08,10,190.9,183.4,"['Weather (11 voli)', 'Carrier (9 voli)', 'NAS (5 voli)']"
MRY,1,252,-5.37,-11.65,25,26.8,22.64,20,134.8,129.5,"['Late Aircraft (26 voli)', 'NAS (23 voli)', 'Carrier (19 voli)']"
MRY,2,242,-5.09,-9.37,20,30.85,30.4,19,208.0,202.16,"['Carrier (18 voli)', 'Late Aircraft (17 voli)', 'NAS (17 voli)']"
MRY,3,253,-5.52,-6.06,33,32.88,32.09,8,202.63,203.13,"['NAS (33 voli)', 'Carrier (19 voli)', 'Late Aircraft (15 voli)']"
MRY,4,302,-5.51,-6.1,25,31.92,30.04,19,181.16,179.68,"['NAS (33 voli)', 'Carrier (28 voli)', 'Late Aircraft (19 voli)']"
MRY,5,342,-6.4,-8.13,43,36.33,33.84,26,142.38,156.5,"['Late Aircraft (44 voli)', 'NAS (41 voli)', 'Carrier (35 voli)']"
MRY,6,340,-4.82,-5.37,48,30.88,31.13,34,147.24,144.5,"['Carrier (45 voli)', 'Late Aircraft (40 voli)', 'NAS (39 voli)']"
MRY,7,335,-4.3,-5.28,58,31.48,30.88,38,241.82,247.97,"['Carrier (60 voli)', 'Late Aircraft (58 voli)', 'NAS (57 voli)']"
MRY,8,369,-5.12,-6.69,35,33.14,31.51,32,130.56,128.13,"['NAS (51 voli)', 'Carrier (42 voli)', 'Late Aircraft (36 voli)']"
MRY,9,330,-5.06,-7.03,35,37.26,36.03,22,182.23,184.33,"['Carrier (34 voli)', 'Late Aircraft (29 voli)', 'NAS (28 voli)']"
MRY,10,396,-5.81,-6.81,33,33.55,31.79,26,144.38,144.42,"['Carrier (51 voli)', 'NAS (33 voli)', 'Late Aircraft (28 voli)']"
MRY,11,350,-5.33,-8.36,45,32.76,28.91,24,175.83,175.5,"['Late Aircraft (39 voli)', 'Carrier (38 voli)', 'NAS (30 voli)']"
MRY,12,315,-4.55,-6.89,44,36.52,33.07,38,214.47,210.08,"['Carrier (47 voli)', 'NAS (35 voli)', 'Late Aircraft (32 voli)']"
MSN,1,567,-3.57,-6.53,83,34.6,33.92,109,166.25,166.83,"['NAS (130 voli)', 'Carrier (128 voli)', 'Weather (71 voli)']"
MSN,2,691,-5.08,-12.89,49,34.16,27.71,38,165.37,150.0,"['Carrier (46 voli)', 'NAS (41 voli)', 'Late Aircraft (26 voli)']"
MSN,3,742,-4.82,-10.25,85,34.06,26.2,53,199.19,190.92,"['NAS (72 voli)', 'Carrier (67 voli)', 'Late Aircraft (65 voli)']"
MSN,4,837,-5.94,-9.72,80,30.03,25.09,76,207.84,209.93,"['Carrier (85 voli)', 'NAS (70 voli)', 'Late Aircraft (66 voli)']"
MSN,5,773,-4.53,-7.88,109,33.8,35.07,114,166.96,164.79,"['Carrier (126 voli)', 'NAS (124 voli)', 'Late Aircraft (109 voli)']"
MSN,6,788,-4.58,-6.07,114,33.48,31.31,104,146.21,147.07,"['NAS (132 voli)', 'Carrier (119 voli)', 'Late Aircraft (102 voli)']"
MSN,7,756,-4.77,-5.74,110,35.44,35.05,93,140.89,140.14,"['Carrier (161 voli)', 'NAS (138 voli)', 'Late Aircraft (121 voli)']"
MSN,8,907,-5.57,-6.4,105,32.07,30.61,92,145.62,144.55,"['NAS (131 voli)', 'Carrier (115 voli)', 'Late Aircraft (107 voli)']"
MSN,9,841,-6.14,-8.91,76,30.42,27.24,49,173.82,167.12,"['Carrier (75 voli)', 'NAS (74 voli)', 'Late Aircraft (54 voli)']"
MSN,10,909,-5.92,-11.02,58,30.45,22.07,31,143.61,136.52,"['Carrier (52 voli)', 'NAS (45 voli)', 'Late Aircraft (33 voli)']"
MSN,11,823,-5.94,-10.14,66,32.35,26.82,39,137.44,138.87,"['NAS (90 voli)', 'Carrier (52 voli)', 'Late Aircraft (44 voli)']"
MSN,12,709,-4.07,-7.59,119,31.55,24.73,83,170.37,169.43,"['Carrier (110 voli)', 'NAS (110 voli)', 'Late Aircraft (89 voli)']"
MSO,1,159,-2.09,-4.41,28,29.75,26.64,30,231.07,236.37,"['NAS (39 voli)', 'Weather (38 voli)', 'Carrier (28 voli)']"
MSO,2,181,-4.79,-9.52,16,29.19,22.94,10,126.9,127.7,"['NAS (18 voli)', 'Carrier (15 voli)', 'Late Aircraft (8 voli)']"
MSO,3,216,-4.78,-7.26,16,26.63,25.06,11,139.36,136.91,"['NAS (19 voli)', 'Late Aircraft (13 voli)', 'Carrier (13 voli)']"
MSO,4,203,-5.05,-7.81,21,33.57,25.29,11,215.91,210.36,"['Carrier (17 voli)', 'NAS (15 voli)', 'Late Aircraft (13 voli)']"
MSO,5,298,-2.97,-6.66,36,34.47,30.4,21,122.9,122.43,"['NAS (37 voli)', 'Late Aircraft (32 voli)', 'Carrier (27 voli)']"
MSO,6,379,-3.39,-8.68,65,31.68,23.47,43,179.33,174.02,"['Carrier (54 voli)', 'Late Aircraft (50 voli)', 'NAS (46 voli)']"
MSO,7,403,-1.93,-6.24,81,32.36,28.69,54,191.63,187.34,"['Carrier (102 voli)', 'Late Aircraft (68 voli)', 'NAS (56 voli)']"
MSO,8,386,-2.68,-6.15,73,31.64,26.08,32,130.34,126.19,"['Carrier (67 voli)', 'NAS (52 voli)', 'Late Aircraft (43 voli)']"
MSO,9,321,-3.33,-7.84,35,29.83,21.0,18,122.28,117.78,"['Late Aircraft (32 voli)', 'Carrier (24 voli)', 'NAS (20 voli)']"
MSO,10,277,-4.25,-7.34,27,32.37,32.0,12,198.08,194.25,"['NAS (23 voli)', 'Carrier (22 voli)', 'Late Aircraft (20 voli)']"
MSO,11,249,-4.45,-7.82,13,34.23,30.23,15,162.67,159.0,"['Carrier (29 voli)', 'NAS (25 voli)', 'Late Aircraft (15 voli)']"
MSO,12,241,-4.1,-8.06,28,24.57,18.43,20,225.05,224.6,"['Carrier (26 voli)', 'NAS (25 voli)', 'Late Aircraft (16 voli)']"
MSP,1,6578,-2.21,-8.9,1032,31.63,23.54,679,172.42,164.12,"['Carrier (1121 voli)', 'NAS (909 voli)', 'Late Aircraft (445 voli)']"
MSP,2,6778,-3.0,-11.93,678,30.91,18.89,322,148.02,134.76,"['Carrier (573 voli)', 'NAS (499 voli)', 'Late Aircraft (191 voli)']"
MSP,3,7987,-2.81,-8.37,1006,31.1,27.4,543,142.54,141.66,"['NAS (1049 voli)', 'Carrier (955 voli)', 'Late Aircraft (463 voli)']"
MSP,4,8634,-3.25,-8.56,896,31.18,24.6,416,136.65,132.23,"['Carrier (830 voli)', 'NAS (661 voli)', 'Late Aircraft (374 voli)']"
MSP,5,8836,-2.69,-5.62,1188,31.22,29.05,701,135.4,134.35,"['NAS (1191 voli)', 'Carrier (1159 voli)', 'Late Aircraft (708 voli)']"
MSP,6,7853,-1.35,-3.06,2132,32.7,31.82,1140,135.16,134.53,"['NAS (2044 voli)', 'Carrier (2018 voli)', 'Late Aircraft (1522 voli)']"
MSP,7,7816,-1.43,-5.43,2003,32.74,27.75,1395,147.22,142.48,"['Carrier (2620 voli)', 'NAS (1452 voli)', 'Late Aircraft (1434 voli)']"
MSP,8,8950,-1.87,-6.44,1791,32.4,29.22,817,133.19,130.41,"['Carrier (1569 voli)', 'NAS (1490 voli)', 'Late Aircraft (1000 voli)']"
MSP,9,9261,-3.54,-10.48,854,30.84,22.39,294,116.97,108.78,"['Carrier (639 voli)', 'NAS (487 voli)', 'Late Aircraft (316 voli)']"
MSP,10,9737,-3.96,-10.56,711,31.67,23.97,290,127.67,118.23,"['Carrier (679 voli)', 'NAS (420 voli)', 'Late Aircraft (229 voli)']"
MSP,11,8694,-3.69,-8.14,721,30.93,25.33,333,133.69,131.74,"['NAS (782 voli)', 'Carrier (706 voli)', 'Late Aircraft (223 voli)']"
MSP,12,7773,-1.82,-6.13,1307,31.88,26.7,774,151.62,147.73,"['Carrier (1466 voli)', 'NAS (1392 voli)', 'Late Aircraft (524 voli)']"
MSY,1,2835,-2.0,-6.34,653,31.55,25.5,346,153.1,150.74,"['Late Aircraft (674 voli)', 'Carrier (567 voli)', 'NAS (507 voli)']"
MSY,2,3378,-2.69,-7.03,440,30.23,24.36,153,129.36,123.71,"['Late Aircraft (337 voli)', 'NAS (323 voli)', 'Carrier (321 voli)']"
MSY,3,3339,-2.04,-7.26,718,31.34,26.09,333,153.86,150.09,"['Late Aircraft (618 voli)', 'NAS (501 voli)', 'Carrier (488 voli)']"
MSY,4,3357,-2.34,-7.7,538,30.62,25.97,301,180.5,178.97,"['Late Aircraft (523 voli)', 'NAS (418 voli)', 'Carrier (401 voli)']"
MSY,5,3089,-1.05,-4.18,798,30.97,28.86,531,156.5,157.8,"['Late Aircraft (836 voli)', 'NAS (763 voli)', 'Carrier (717 voli)']"
MSY,6,3050,-1.87,-6.14,717,30.96,27.31,330,158.87,157.92,"['Late Aircraft (678 voli)', 'NAS (526 voli)', 'Carrier (516 voli)']"
MSY,7,2603,-1.16,-6.13,840,32.65,29.58,583,149.59,146.66,"['Late Aircraft (973 voli)', 'Carrier (830 voli)', 'NAS (681 voli)']"
MSY,8,2813,-2.54,-8.22,542,31.42,26.19,296,150.75,143.83,"['Late Aircraft (515 voli)', 'Carrier (404 voli)', 'NAS (384 voli)']"
MSY,9,2870,-2.85,-7.55,429,30.8,25.15,136,142.43,133.72,"['Late Aircraft (309 voli)', 'NAS (293 voli)', 'Carrier (279 voli)']"
MSY,10,3725,-2.18,-8.21,446,28.56,21.59,168,139.32,131.54,"['Carrier (339 voli)', 'Late Aircraft (330 voli)', 'NAS (290 voli)']"
MSY,11,3491,-2.5,-7.95,466,30.23,24.38,183,143.94,140.41,"['Late Aircraft (345 voli)', 'Carrier (305 voli)', 'NAS (295 voli)']"
MSY,12,3203,-2.56,-7.78,613,30.82,24.82,294,147.27,146.15,"['Late Aircraft (513 voli)', 'Carrier (453 voli)', 'NAS (438 voli)']"
MTJ,1,269,-3.97,-7.76,52,30.98,25.46,34,159.29,160.59,"['Late Aircraft (59 voli)', 'NAS (45 voli)', 'Carrier (26 voli)']"
MTJ,2,247,-2.9,-9.78,58,30.79,23.09,28,128.5,134.71,"['Late Aircraft (45 voli)', 'NAS (40 voli)', 'Carrier (30 voli)']"
MTJ,3,298,-4.64,-8.65,54,32.83,28.81,19,168.42,162.32,"['NAS (44 voli)', 'Late Aircraft (43 voli)', 'Carrier (25 voli)']"
MTJ,4,131,-5.13,-10.18,13,32.69,23.92,5,164.0,161.0,"['Late Aircraft (14 voli)', 'Carrier (10 voli)', 'NAS (10 voli)']"
MTJ,5,106,-5.17,-10.73,19,28.74,25.26,17,117.29,127.76,"['NAS (25 voli)', 'Late Aircraft (24 voli)', 'Carrier (10 voli)']"
MTJ,6,175,-4.65,-7.99,32,36.03,27.72,22,280.59,280.9,"['NAS (31 voli)', 'Late Aircraft (28 voli)', 'Carrier (22 voli)']"
MTJ,7,178,-4.32,-9.26,31,28.23,23.63,31,138.13,128.63,"['Late Aircraft (43 voli)', 'NAS (27 voli)', 'Carrier (24 voli)']"
MTJ,8,200,-4.31,-9.04,18,35.28,34.22,13,143.85,140.92,"['NAS (25 voli)', 'Late Aircraft (19 voli)', 'Carrier (13 voli)']"
MTJ,9,153,-4.25,-11.37,13,29.77,14.62,9,253.11,242.33,"['Late Aircraft (13 voli)', 'Carrier (11 voli)', 'NAS (9 voli)']"
MTJ,10,110,-4.88,-15.55,8,26.25,10.75,1,119.0,115.0,"['Late Aircraft (2 voli)', 'NAS (2 voli)', 'Carrier (1 voli)']"
MTJ,11,84,-3.83,-11.32,14,30.86,18.64,11,130.0,133.45,"['Late Aircraft (15 voli)', 'Carrier (15 voli)', 'NAS (12 voli)']"
MTJ,12,169,-4.27,-10.68,38,29.89,29.76,25,145.8,152.12,"['Late Aircraft (41 voli)', 'NAS (34 voli)', 'Carrier (27 voli)']"
MVY,5,30,-7.27,-9.57,1,52.0,47.0,4,216.0,223.5,"['NAS (5 voli)', 'Carrier (4 voli)', 'Late Aircraft (3 voli)']"
MVY,6,171,-7.29,-9.63,21,33.48,44.57,25,225.68,228.56,"['NAS (44 voli)', 'Late Aircraft (33 voli)', 'Weather (15 voli)']"
MVY,7,258,-6.12,-7.53,39,31.69,31.36,38,165.0,163.13,"['NAS (54 voli)', 'Late Aircraft (42 voli)', 'Carrier (39 voli)']"
MVY,8,233,-4.31,-5.18,51,31.29,32.98,36,191.86,196.33,"['NAS (78 voli)', 'Late Aircraft (63 voli)', 'Carrier (47 voli)']"
MVY,9,59,-8.66,-8.44,3,27.33,31.0,4,136.75,158.0,"['NAS (11 voli)', 'Carrier (5 voli)', 'Late Aircraft (4 voli)']"
MVY,10,28,-12.86,-9.64,3,40.0,40.33,1,290.0,274.0,"['Late Aircraft (4 voli)', 'NAS (2 voli)']"
MYR,1,591,-6.95,-12.88,66,31.8,20.39,54,146.24,143.8,"['Late Aircraft (72 voli)', 'NAS (47 voli)', 'Carrier (26 voli)']"
MYR,2,690,-7.02,-12.2,48,30.67,20.25,39,222.28,216.79,"['Late Aircraft (51 voli)', 'NAS (42 voli)', 'Carrier (27 voli)']"
MYR,3,859,-5.39,-10.45,109,32.16,26.48,56,142.91,138.67,"['Late Aircraft (87 voli)', 'NAS (82 voli)', 'Carrier (38 voli)']"
MYR,4,1115,-6.69,-10.15,124,30.81,26.76,80,134.4,130.21,"['NAS (126 voli)', 'Late Aircraft (122 voli)', 'Carrier (58 voli)']"
MYR,5,1242,-5.08,-8.38,211,31.08,28.59,114,143.68,142.17,"['NAS (217 voli)', 'Late Aircraft (197 voli)', 'Carrier (118 voli)']"
MYR,6,1438,-5.33,-9.71,241,32.08,29.11,187,172.8,169.47,"['Late Aircraft (261 voli)', 'NAS (232 voli)', 'Carrier (175 voli)']"
MYR,7,1251,-4.87,-9.12,323,31.74,27.6,233,167.82,163.98,"['Late Aircraft (354 voli)', 'Carrier (283 voli)', 'NAS (260 voli)']"
MYR,8,1225,-4.61,-8.93,228,31.64,30.05,160,137.08,137.03,"['Late Aircraft (251 voli)', 'NAS (231 voli)', 'Carrier (160 voli)']"
MYR,9,1171,-5.42,-11.21,111,29.7,24.48,67,132.12,127.21,"['Late Aircraft (111 voli)', 'NAS (101 voli)', 'Carrier (65 voli)']"
MYR,10,1200,-6.09,-10.74,88,30.5,24.33,57,142.61,135.77,"['Late Aircraft (97 voli)', 'NAS (79 voli)', 'Carrier (58 voli)']"
MYR,11,853,-6.63,-11.64,90,29.88,27.02,39,132.23,127.74,"['NAS (71 voli)', 'Late Aircraft (52 voli)', 'Carrier (34 voli)']"
MYR,12,671,-4.96,-10.58,97,32.48,27.84,67,138.78,134.42,"['Late Aircraft (104 voli)', 'NAS (80 voli)', 'Carrier (47 voli)']"
OAJ,1,61,-4.46,-8.33,2,23.5,28.5,6,317.0,305.83,"['Late Aircraft (9 voli)', 'NAS (6 voli)', 'Carrier (2 voli)']"
OAJ,2,70,-5.23,-13.21,3,33.0,18.0,2,208.0,196.5,"['Carrier (4 voli)', 'Late Aircraft (1 voli)']"
OAJ,3,80,-3.31,-11.46,6,20.17,14.0,4,140.25,141.0,"['Carrier (4 voli)', 'NAS (4 voli)', 'Late Aircraft (3 voli)']"
OAJ,4,132,-5.52,-10.84,9,29.33,15.78,3,83.0,73.67,"['Late Aircraft (7 voli)', 'NAS (3 voli)', 'Carrier (2 voli)']"
OAJ,5,80,-4.73,-8.98,11,31.0,27.82,12,136.92,136.42,"['Late Aircraft (17 voli)', 'NAS (10 voli)', 'Carrier (9 voli)']"
OAJ,6,141,-4.82,-10.15,1,19.0,7.0,4,95.75,83.5,"['NAS (5 voli)', 'Late Aircraft (4 voli)', 'Carrier (2 voli)']"
OAJ,7,140,-3.83,-7.31,22,34.91,32.95,33,152.94,156.0,"['Carrier (44 voli)', 'Late Aircraft (35 voli)', 'NAS (33 voli)']"
OAJ,8,167,-4.46,-6.89,18,31.5,21.61,16,236.5,235.63,"['Carrier (21 voli)', 'Late Aircraft (17 voli)', 'NAS (15 voli)']"
OAJ,9,193,-4.26,-9.25,17,31.29,32.18,16,195.44,188.63,"['Late Aircraft (27 voli)', 'NAS (23 voli)', 'Carrier (19 voli)']"
OAJ,10,185,-4.34,-5.9,15,24.87,21.13,11,98.64,94.0,"['NAS (24 voli)', 'Late Aircraft (14 voli)', 'Carrier (9 voli)']"
OAJ,11,142,-6.28,-10.65,8,26.13,10.25,8,203.25,190.75,"['NAS (11 voli)', 'Carrier (6 voli)', 'Late Aircraft (5 voli)']"
OAJ,12,109,-4.08,-10.04,14,30.07,26.14,13,184.46,177.46,"['NAS (17 voli)', 'Carrier (15 voli)', 'Late Aircraft (14 voli)']"
OAK,1,2775,-1.37,-7.23,535,29.57,22.78,146,110.18,103.81,"['Carrier (374 voli)', 'Late Aircraft (351 voli)', 'NAS (261 voli)']"
OAK,2,2515,-0.95,-7.72,456,29.22,22.18,141,113.96,109.14,"['Late Aircraft (305 voli)', 'Carrier (292 voli)', 'NAS (218 voli)']"
OAK,3,2763,-1.22,-7.1,521,30.47,25.62,173,113.36,110.01,"['Late Aircraft (398 voli)', 'Carrier (370 voli)', 'NAS (276 voli)']"
OAK,4,2906,-1.33,-7.49,439,28.84,22.38,127,101.26,94.97,"['Late Aircraft (292 voli)', 'Carrier (285 voli)', 'NAS (168 voli)']"
OAK,5,2847,-0.67,-7.15,553,29.43,22.31,186,113.35,106.25,"['Late Aircraft (412 voli)', 'Carrier (394 voli)', 'NAS (221 voli)']"
OAK,6,2679,-0.6,-6.77,705,30.54,23.62,197,105.37,98.87,"['Late Aircraft (532 voli)', 'Carrier (495 voli)', 'NAS (269 voli)']"
OAK,7,2785,-0.78,-5.78,642,30.1,25.16,245,110.08,107.09,"['Carrier (540 voli)', 'Late Aircraft (483 voli)', 'NAS (313 voli)']"
OAK,8,2856,-1.66,-8.11,491,30.79,24.33,175,110.7,104.93,"['Late Aircraft (353 voli)', 'Carrier (343 voli)', 'NAS (236 voli)']"
OAK,9,2778,-1.81,-8.49,423,29.06,22.08,161,112.39,107.32,"['Late Aircraft (291 voli)', 'Carrier (266 voli)', 'NAS (204 voli)']"
OAK,10,2810,-1.94,-8.89,402,29.87,24.05,137,120.49,116.72,"['Late Aircraft (250 voli)', 'Carrier (244 voli)', 'NAS (216 voli)']"
OAK,11,2634,-2.04,-9.7,342,29.27,20.66,78,96.26,90.44,"['Late Aircraft (211 voli)', 'Carrier (200 voli)', 'NAS (114 voli)']"
OAK,12,2412,-1.28,-8.91,513,30.07,21.61,180,117.51,112.41,"['Late Aircraft (347 voli)', 'Carrier (333 voli)', 'NAS (166 voli)']"
OGG,1,1554,-1.39,-3.79,328,29.62,26.14,100,134.08,122.91,"['Carrier (367 voli)', 'Late Aircraft (296 voli)', 'NAS (104 voli)']"
OGG,2,1539,-2.3,-5.27,229,29.55,19.61,66,139.3,125.42,"['Late Aircraft (198 voli)', 'Carrier (174 voli)', 'NAS (54 voli)']"
OGG,3,1871,-2.61,-5.64,211,28.64,22.12,51,151.47,143.32,"['Carrier (169 voli)', 'Late Aircraft (140 voli)', 'NAS (78 voli)']"
OGG,4,1852,-2.77,-7.29,175,31.23,27.86,59,156.0,149.8,"['Carrier (169 voli)', 'Late Aircraft (139 voli)', 'NAS (62 voli)']"
OGG,5,1799,-2.2,-3.71,253,29.83,29.13,64,122.22,122.41,"['Carrier (270 voli)', 'Late Aircraft (210 voli)', 'NAS (115 voli)']"
OGG,6,2036,-2.57,-4.19,159,28.4,25.33,48,168.21,157.26,"['Carrier (184 voli)', 'Late Aircraft (157 voli)', 'NAS (62 voli)']"
OGG,7,2059,-2.5,-5.09,235,29.72,25.56,67,184.63,179.12,"['Carrier (227 voli)', 'Late Aircraft (209 voli)', 'NAS (63 voli)']"
OGG,8,1947,-2.75,-8.39,189,28.69,20.95,55,166.2,156.25,"['Carrier (131 voli)', 'Late Aircraft (130 voli)', 'NAS (24 voli)']"
OGG,9,1870,-3.81,-7.2,122,27.45,23.17,33,136.55,125.85,"['Late Aircraft (104 voli)', 'Carrier (102 voli)', 'NAS (39 voli)']"
OGG,10,1836,-2.82,-6.19,174,28.33,23.9,38,118.42,109.97,"['Late Aircraft (159 voli)', 'Carrier (155 voli)', 'NAS (52 voli)']"
OGG,11,1855,-3.77,-6.24,115,28.48,22.63,38,100.0,91.79,"['Carrier (117 voli)', 'Late Aircraft (90 voli)', 'NAS (53 voli)']"
OGG,12,1896,-3.2,-6.69,196,28.88,22.27,58,124.78,115.63,"['Carrier (171 voli)', 'Late Aircraft (169 voli)', 'NAS (48 voli)']"
OKC,1,1364,-4.11,-6.0,166,32.35,30.67,111,174.95,174.73,"['NAS (190 voli)', 'Late Aircraft (161 voli)', 'Carrier (151 voli)']"
OKC,2,1406,-4.6,-7.08,99,31.9,28.98,62,148.9,145.79,"['NAS (130 voli)', 'Carrier (104 voli)', 'Late Aircraft (75 voli)']"
OKC,3,1472,-4.11,-9.2,177,30.7,25.03,75,133.04,127.12,"['Late Aircraft (147 voli)', 'NAS (127 voli)', 'Carrier (125 voli)']"
OKC,4,1567,-3.43,-8.09,177,30.47,26.07,79,160.33,152.62,"['Late Aircraft (149 voli)', 'Carrier (135 voli)', 'NAS (128 voli)']"
OKC,5,1479,-2.12,-5.07,275,31.27,28.08,162,151.3,150.93,"['Late Aircraft (259 voli)', 'NAS (248 voli)', 'Carrier (232 voli)']"
OKC,6,1598,-3.15,-7.43,274,29.65,25.11,126,175.73,173.62,"['Carrier (215 voli)', 'Late Aircraft (204 voli)', 'NAS (166 voli)']"
OKC,7,1566,-3.09,-6.76,284,30.99,27.92,183,140.98,136.17,"['Carrier (252 voli)', 'Late Aircraft (241 voli)', 'NAS (190 voli)']"
OKC,8,1605,-3.83,-8.13,203,31.74,28.25,138,174.52,168.24,"['Carrier (181 voli)', 'NAS (181 voli)', 'Late Aircraft (160 voli)']"
OKC,9,1642,-4.2,-7.73,177,29.61,24.26,73,161.85,155.93,"['Carrier (147 voli)', 'Late Aircraft (119 voli)', 'NAS (114 voli)']"
OKC,10,1815,-4.36,-9.03,144,31.78,26.48,86,146.97,142.34,"['Carrier (144 voli)', 'NAS (114 voli)', 'Late Aircraft (98 voli)']"
OKC,11,1575,-4.03,-8.89,175,30.95,26.22,81,140.56,137.35,"['Carrier (139 voli)', 'Late Aircraft (120 voli)', 'NAS (112 voli)']"
OKC,12,1544,-3.52,-8.71,181,31.56,25.92,101,156.52,155.64,"['Carrier (166 voli)', 'Late Aircraft (143 voli)', 'NAS (132 voli)']"
OMA,1,1299,-2.64,-4.88,232,32.75,34.63,199,175.18,185.1,"['NAS (324 voli)', 'Carrier (264 voli)', 'Late Aircraft (199 voli)']"
OMA,2,1460,-4.25,-10.19,138,32.02,23.64,69,155.17,148.64,"['NAS (108 voli)', 'Late Aircraft (103 voli)', 'Carrier (89 voli)']"
OMA,3,1576,-3.22,-8.72,235,30.83,23.93,117,143.02,137.91,"['Late Aircraft (178 voli)', 'Carrier (157 voli)', 'NAS (155 voli)']"
OMA,4,1601,-3.36,-7.65,181,29.49,22.66,104,163.16,160.13,"['Late Aircraft (147 voli)', 'NAS (141 voli)', 'Carrier (133 voli)']"
OMA,5,1461,-2.07,-5.13,355,31.93,28.78,227,176.67,175.35,"['Late Aircraft (310 voli)', 'NAS (305 voli)', 'Carrier (272 voli)']"
OMA,6,1504,-2.07,-5.32,332,31.25,27.34,175,161.58,159.29,"['Carrier (292 voli)', 'Late Aircraft (277 voli)', 'NAS (253 voli)']"
OMA,7,1527,-2.06,-5.52,315,31.04,28.72,191,162.65,156.92,"['Carrier (329 voli)', 'Late Aircraft (297 voli)', 'NAS (264 voli)']"
OMA,8,1611,-3.28,-7.16,229,30.9,28.07,119,128.44,128.1,"['NAS (196 voli)', 'Late Aircraft (182 voli)', 'Carrier (168 voli)']"
OMA,9,1680,-3.88,-8.64,134,31.13,24.72,55,144.75,142.11,"['Carrier (110 voli)', 'NAS (108 voli)', 'Late Aircraft (92 voli)']"
OMA,10,1809,-3.83,-9.14,159,28.96,22.22,62,163.79,157.32,"['Carrier (128 voli)', 'NAS (97 voli)', 'Late Aircraft (91 voli)']"
OMA,11,1644,-3.45,-9.05,157,29.51,22.3,60,172.75,167.25,"['NAS (121 voli)', 'Carrier (104 voli)', 'Late Aircraft (92 voli)']"
OMA,12,1514,-2.55,-9.65,247,29.69,19.9,111,147.03,142.22,"['Carrier (201 voli)', 'Late Aircraft (139 voli)', 'NAS (123 voli)']"
OME,1,20,-10.25,-14.25,5,31.2,26.25,2,79.5,81.5,"['Late Aircraft (4 voli)', 'Weather (4 voli)', 'NAS (3 voli)']"
OME,2,21,-10.19,-9.57,5,40.2,38.8,0,NULL,NULL,"['Carrier (4 voli)', 'Late Aircraft (4 voli)', 'NAS (3 voli)']"
OME,3,22,-9.86,-6.14,7,26.43,30.43,1,172.0,171.0,"['NAS (3 voli)', 'Carrier (3 voli)', 'Late Aircraft (3 voli)']"
OME,4,23,-13.39,-8.52,3,48.67,51.33,2,144.5,157.0,"['NAS (6 voli)', 'Late Aircraft (5 voli)', 'Carrier (2 voli)']"
OME,5,30,-12.37,-7.47,1,31.0,30.0,0,NULL,NULL,"['NAS (1 voli)', 'Carrier (1 voli)', 'Late Aircraft (1 voli)']"
OME,6,25,-10.64,0.0,4,30.5,36.75,1,132.0,139.0,"['NAS (7 voli)', 'Late Aircraft (5 voli)', 'Weather (1 voli)']"
OME,7,25,-6.6,-0.36,6,28.33,36.83,0,NULL,NULL,"['Late Aircraft (7 voli)', 'NAS (7 voli)', 'Carrier (2 voli)']"
OME,8,20,-2.6,5.05,8,31.25,36.0,2,94.5,112.5,"['Late Aircraft (11 voli)', 'Carrier (10 voli)', 'NAS (10 voli)']"
OME,9,29,-11.69,-5.66,2,20.0,25.0,0,NULL,NULL,"['Late Aircraft (3 voli)', 'NAS (2 voli)', 'Carrier (1 voli)']"
OME,10,24,-13.63,-9.92,4,31.25,34.0,2,83.5,91.5,"['NAS (5 voli)', 'Late Aircraft (5 voli)', 'Carrier (2 voli)']"
OME,11,26,-15.0,-11.69,0,NULL,NULL,2,69.5,68.0,"['NAS (2 voli)', 'Late Aircraft (2 voli)']"
OME,12,25,-11.56,-7.52,5,28.6,31.2,0,NULL,NULL,"['Late Aircraft (4 voli)', 'Carrier (3 voli)', 'NAS (3 voli)']"
ONT,1,1505,-3.22,-10.1,189,32.28,25.14,108,161.04,155.38,"['Late Aircraft (169 voli)', 'Carrier (163 voli)', 'NAS (104 voli)']"
ONT,2,1368,-2.94,-10.97,190,30.89,24.46,87,173.21,166.77,"['Late Aircraft (132 voli)', 'Carrier (112 voli)', 'NAS (106 voli)']"
ONT,3,1602,-2.53,-8.08,261,32.5,28.38,119,166.71,166.41,"['Late Aircraft (214 voli)', 'NAS (183 voli)', 'Carrier (156 voli)']"
ONT,4,1688,-2.63,-8.07,272,30.38,26.71,96,158.59,153.91,"['Late Aircraft (215 voli)', 'NAS (162 voli)', 'Carrier (150 voli)']"
ONT,5,1725,-2.21,-7.16,326,30.82,26.92,148,159.39,155.19,"['Late Aircraft (304 voli)', 'NAS (235 voli)', 'Carrier (213 voli)']"
ONT,6,1825,-2.23,-6.9,302,30.5,25.03,131,166.91,163.74,"['Late Aircraft (244 voli)', 'Carrier (230 voli)', 'NAS (176 voli)']"
ONT,7,1889,-2.44,-7.03,316,32.27,27.56,138,145.2,138.74,"['Late Aircraft (294 voli)', 'Carrier (250 voli)', 'NAS (172 voli)']"
ONT,8,2039,-3.65,-8.23,221,31.33,27.53,120,130.45,127.64,"['Late Aircraft (201 voli)', 'Carrier (168 voli)', 'NAS (162 voli)']"
ONT,9,1943,-3.54,-9.8,221,30.11,22.62,107,144.26,139.54,"['Late Aircraft (177 voli)', 'NAS (135 voli)', 'Carrier (133 voli)']"
ONT,10,2083,-3.3,-9.75,193,29.76,23.82,83,148.23,136.95,"['Carrier (146 voli)', 'Late Aircraft (140 voli)', 'NAS (119 voli)']"
ONT,11,1866,-3.15,-9.63,206,31.53,23.88,77,155.1,149.82,"['Late Aircraft (164 voli)', 'Carrier (140 voli)', 'NAS (111 voli)']"
ONT,12,1736,-2.52,-8.79,220,30.18,23.94,103,135.32,131.82,"['Late Aircraft (172 voli)', 'Carrier (162 voli)', 'NAS (130 voli)']"
ORD,1,12622,-1.64,-4.8,2932,32.2,30.52,2470,150.55,149.39,"['NAS (3523 voli)', 'Carrier (3168 voli)', 'Late Aircraft (2660 voli)']"
ORD,2,15854,-3.1,-9.81,1661,30.94,23.05,848,136.92,130.45,"['NAS (1313 voli)', 'Carrier (1313 voli)', 'Late Aircraft (946 voli)']"
ORD,3,17340,-2.63,-7.9,2522,31.68,25.26,1365,128.04,121.93,"['NAS (2309 voli)', 'Carrier (2082 voli)', 'Late Aircraft (1779 voli)']"
ORD,4,18640,-2.25,-7.22,2856,31.38,27.07,1482,141.17,137.09,"['NAS (2571 voli)', 'Carrier (2476 voli)', 'Late Aircraft (2125 voli)']"
ORD,5,16629,-1.44,-3.95,3901,33.03,33.37,3574,158.47,159.2,"['NAS (4962 voli)', 'Carrier (4161 voli)', 'Late Aircraft (4101 voli)']"
ORD,6,16582,-1.22,-5.13,3981,32.66,29.45,2986,142.18,139.5,"['Carrier (4260 voli)', 'NAS (3929 voli)', 'Late Aircraft (3751 voli)']"
ORD,7,15938,-0.97,-4.98,4267,32.62,30.16,3294,147.04,142.82,"['Carrier (4932 voli)', 'NAS (4235 voli)', 'Late Aircraft (4127 voli)']"
ORD,8,17493,-1.34,-5.29,4305,32.74,30.7,2976,136.42,132.92,"['NAS (4325 voli)', 'Carrier (4130 voli)', 'Late Aircraft (3898 voli)']"
ORD,9,20038,-2.64,-7.92,2740,31.41,24.53,1232,128.73,120.14,"['Carrier (2298 voli)', 'NAS (2141 voli)', 'Late Aircraft (1759 voli)']"
ORD,10,20811,-2.53,-9.18,2517,30.71,21.6,1013,125.89,116.7,"['Carrier (2051 voli)', 'NAS (1623 voli)', 'Late Aircraft (1459 voli)']"
ORD,11,18480,-2.79,-7.28,2180,31.7,29.04,1149,133.88,132.72,"['NAS (2179 voli)', 'Carrier (2031 voli)', 'Late Aircraft (1391 voli)']"
ORD,12,16756,-1.19,-6.79,3125,31.48,25.12,1804,139.9,133.74,"['Carrier (2834 voli)', 'NAS (2654 voli)', 'Late Aircraft (2162 voli)']"
ORF,1,1161,-4.17,-8.25,143,33.8,29.91,94,149.77,145.57,"['NAS (154 voli)', 'Late Aircraft (150 voli)', 'Carrier (101 voli)']"
ORF,2,1215,-4.33,-9.08,99,30.08,22.28,47,150.6,145.47,"['NAS (131 voli)', 'Late Aircraft (80 voli)', 'Carrier (61 voli)']"
ORF,3,1270,-3.49,-10.08,157,32.21,24.7,106,143.1,137.98,"['NAS (137 voli)', 'Late Aircraft (131 voli)', 'Carrier (124 voli)']"
ORF,4,1370,-3.56,-7.75,185,31.93,25.99,104,156.9,152.24,"['Late Aircraft (174 voli)', 'NAS (169 voli)', 'Carrier (147 voli)']"
ORF,5,1298,-2.59,-7.17,250,30.1,26.22,169,158.7,155.3,"['Late Aircraft (241 voli)', 'NAS (213 voli)', 'Carrier (199 voli)']"
ORF,6,1330,-2.2,-7.48,298,31.2,24.6,158,186.42,183.61,"['Carrier (250 voli)', 'Late Aircraft (231 voli)', 'NAS (206 voli)']"
ORF,7,1216,-1.71,-6.0,348,32.91,30.39,264,169.21,169.27,"['Late Aircraft (366 voli)', 'Carrier (360 voli)', 'NAS (314 voli)']"
ORF,8,1436,-2.69,-6.68,267,32.06,28.69,177,173.8,171.62,"['NAS (272 voli)', 'Late Aircraft (262 voli)', 'Carrier (244 voli)']"
ORF,9,1596,-3.89,-7.82,156,30.7,28.02,91,127.46,129.14,"['NAS (184 voli)', 'Late Aircraft (144 voli)', 'Carrier (134 voli)']"
ORF,10,1616,-4.12,-8.05,184,30.08,22.16,58,193.22,191.12,"['NAS (142 voli)', 'Late Aircraft (126 voli)', 'Carrier (115 voli)']"
ORF,11,1505,-4.11,-10.13,150,29.15,21.37,70,139.5,133.72,"['NAS (129 voli)', 'Carrier (123 voli)', 'Late Aircraft (91 voli)']"
ORF,12,1313,-2.24,-8.36,229,30.55,23.46,120,144.76,137.25,"['Carrier (185 voli)', 'Late Aircraft (162 voli)', 'NAS (162 voli)']"
ORH,1,62,-4.58,-8.23,15,29.67,29.0,7,219.71,222.14,"['NAS (20 voli)', 'Carrier (14 voli)', 'Late Aircraft (11 voli)']"
ORH,2,69,-3.88,-15.09,26,32.46,14.42,12,112.58,119.83,"['Late Aircraft (19 voli)', 'Carrier (14 voli)', 'NAS (14 voli)']"
ORH,3,79,-4.25,-8.61,33,33.45,30.13,22,120.14,118.64,"['Late Aircraft (37 voli)', 'NAS (35 voli)', 'Carrier (27 voli)']"
ORH,4,82,-6.38,-10.38,9,32.89,30.22,7,111.57,123.29,"['NAS (17 voli)', 'Late Aircraft (14 voli)', 'Carrier (8 voli)']"
ORH,5,68,-3.79,-13.62,14,28.14,29.21,14,254.0,250.43,"['Late Aircraft (17 voli)', 'NAS (16 voli)', 'Carrier (11 voli)']"
ORH,6,66,-3.95,-15.82,13,36.0,22.33,10,252.5,243.4,"['NAS (16 voli)', 'Late Aircraft (9 voli)', 'Carrier (6 voli)']"
ORH,7,70,-5.33,-10.9,16,34.81,24.13,21,167.19,172.35,"['Late Aircraft (23 voli)', 'NAS (21 voli)', 'Carrier (14 voli)']"
ORH,8,58,-5.83,-8.28,13,34.31,30.38,18,139.83,140.72,"['NAS (30 voli)', 'Late Aircraft (24 voli)', 'Carrier (10 voli)']"
ORH,9,83,-7.13,-10.13,4,25.75,29.0,3,181.33,172.5,"['NAS (9 voli)', 'Carrier (4 voli)', 'Late Aircraft (3 voli)']"
ORH,10,80,-7.36,-16.15,8,34.75,29.0,3,115.33,106.0,"['Late Aircraft (7 voli)', 'NAS (6 voli)', 'Carrier (2 voli)']"
ORH,11,92,-5.62,-12.39,7,34.29,12.29,6,181.33,174.33,"['Late Aircraft (9 voli)', 'Carrier (8 voli)', 'NAS (5 voli)']"
ORH,12,83,-5.46,-5.28,15,34.4,26.87,11,207.36,203.36,"['Late Aircraft (19 voli)', 'NAS (18 voli)', 'Carrier (8 voli)']"
OTH,1,13,-2.08,-7.54,1,19.0,19.0,2,132.0,127.5,"['Weather (2 voli)', 'Carrier (1 voli)', 'Late Aircraft (1 voli)']"
OTH,2,7,-0.14,2.0,4,42.75,41.75,3,149.0,153.0,"['NAS (6 voli)', 'Weather (2 voli)', 'Late Aircraft (1 voli)']"
OTH,3,9,-2.33,-0.67,5,31.4,33.6,2,120.0,132.5,"['NAS (8 voli)', 'Late Aircraft (3 voli)', 'Weather (2 voli)']"
OTH,4,14,-1.29,0.14,13,36.08,42.15,3,89.0,93.0,"['NAS (14 voli)', 'Carrier (2 voli)', 'Late Aircraft (1 voli)']"
OTH,5,23,-1.78,-6.3,7,39.71,41.86,4,572.0,558.25,"['NAS (10 voli)', 'Carrier (3 voli)', 'Weather (1 voli)']"
OTH,6,34,-3.03,-15.41,2,25.0,10.0,3,89.33,86.33,"['NAS (2 voli)', 'Late Aircraft (1 voli)']"
OTH,7,28,-2.79,-12.32,4,43.5,30.75,7,280.14,271.57,"['Late Aircraft (4 voli)', 'Carrier (3 voli)', 'NAS (2 voli)']"
OTH,8,21,-2.81,-9.76,10,28.7,21.11,7,118.14,106.57,"['Late Aircraft (9 voli)', 'NAS (4 voli)', 'Carrier (3 voli)']"
OTH,9,19,-0.26,-3.67,16,27.5,18.38,3,435.33,424.67,"['Late Aircraft (7 voli)', 'Carrier (4 voli)', 'NAS (2 voli)']"
OTH,10,28,-4.04,-7.68,3,39.33,32.33,5,403.2,397.4,"['Carrier (3 voli)', 'Late Aircraft (3 voli)', 'NAS (3 voli)']"
OTH,11,12,-3.67,-6.25,5,33.2,32.4,0,NULL,NULL,"['NAS (5 voli)', 'Late Aircraft (1 voli)', 'Weather (1 voli)']"
OTH,12,15,-2.6,-16.33,4,33.5,25.5,2,140.5,135.0,"['Late Aircraft (3 voli)', 'NAS (2 voli)', 'Carrier (1 voli)']"
OTZ,1,21,-12.9,-17.19,2,43.0,43.0,1,82.0,98.0,"['Weather (4 voli)', 'NAS (3 voli)', 'Late Aircraft (3 voli)']"
OTZ,2,23,-14.39,-11.09,4,28.25,29.25,0,NULL,NULL,"['Late Aircraft (4 voli)', 'Carrier (2 voli)', 'NAS (2 voli)']"
OTZ,3,25,-7.04,-8.04,0,NULL,NULL,2,235.5,231.5,"['Weather (4 voli)', 'Late Aircraft (2 voli)', 'Carrier (1 voli)']"
OTZ,4,21,-9.0,-5.86,3,30.67,26.0,2,142.5,144.0,"['Weather (4 voli)', 'Late Aircraft (4 voli)', 'NAS (3 voli)']"
OTZ,5,30,-10.9,-8.67,1,34.0,31.0,0,NULL,NULL,"['Late Aircraft (1 voli)']"
OTZ,6,26,-10.65,-6.19,2,23.5,24.5,2,157.0,164.0,"['Late Aircraft (4 voli)', 'NAS (2 voli)']"
OTZ,7,27,-11.41,-8.07,3,37.0,40.0,1,421.0,412.0,"['Late Aircraft (4 voli)', 'NAS (3 voli)', 'Carrier (1 voli)']"
OTZ,8,31,-7.87,-4.55,0,NULL,NULL,0,NULL,NULL,"['NAS (2 voli)']"
OTZ,9,28,-12.43,-13.46,2,39.5,49.0,0,NULL,NULL,"['NAS (2 voli)', 'Carrier (1 voli)', 'Late Aircraft (1 voli)']"
OTZ,10,26,-11.23,-10.96,3,34.67,34.0,0,NULL,NULL,"['Weather (5 voli)', 'Late Aircraft (2 voli)', 'Security (1 voli)']"
OTZ,11,25,-11.48,-13.64,2,38.0,39.0,0,NULL,NULL,"['Weather (2 voli)', 'Late Aircraft (2 voli)', 'Carrier (1 voli)']"
OTZ,12,24,-10.38,-10.42,4,35.5,37.5,1,105.0,105.0,"['Late Aircraft (4 voli)', 'Carrier (2 voli)', 'NAS (2 voli)']"
PAE,1,69,-4.13,-5.21,14,30.14,35.36,2,83.0,72.0,"['Carrier (31 voli)', 'NAS (15 voli)', 'Late Aircraft (4 voli)']"
PAE,2,100,-5.4,-0.74,11,28.27,41.64,1,231.0,266.0,"['NAS (21 voli)', 'Carrier (9 voli)', 'Late Aircraft (3 voli)']"
PAE,3,121,-5.63,-5.08,11,35.45,37.0,5,194.8,209.2,"['NAS (22 voli)', 'Carrier (11 voli)', 'Late Aircraft (4 voli)']"
PAE,4,113,-5.13,-5.42,8,39.25,39.0,4,134.25,131.0,"['NAS (16 voli)', 'Carrier (9 voli)', 'Late Aircraft (5 voli)']"
PAE,5,78,-5.63,-8.23,6,33.0,29.83,2,135.0,115.5,"['NAS (6 voli)', 'Late Aircraft (5 voli)', 'Carrier (5 voli)']"
PAE,6,46,-3.09,-10.74,2,40.0,35.0,4,87.5,68.0,"['Late Aircraft (4 voli)', 'Carrier (2 voli)', 'NAS (1 voli)']"
PAE,7,39,-2.97,-12.59,12,34.42,24.67,0,NULL,NULL,"['Late Aircraft (7 voli)', 'NAS (6 voli)', 'Carrier (1 voli)']"
PAE,8,49,-5.39,-9.49,7,28.86,16.14,2,69.5,52.5,"['NAS (7 voli)', 'Late Aircraft (4 voli)', 'Carrier (4 voli)']"
PAE,9,48,-7.98,-14.04,2,38.0,25.0,4,73.75,62.75,"['Late Aircraft (4 voli)', 'Carrier (2 voli)']"
PAE,10,59,-3.24,-6.25,4,25.0,23.25,1,71.0,68.0,"['NAS (4 voli)', 'Late Aircraft (2 voli)', 'Carrier (1 voli)']"
PAE,11,66,-4.09,-7.61,7,33.0,31.29,3,106.67,116.0,"['Late Aircraft (9 voli)', 'NAS (5 voli)', 'Carrier (3 voli)']"
PAE,12,73,-2.49,-10.78,13,27.46,14.77,5,93.2,90.4,"['NAS (9 voli)', 'Carrier (8 voli)', 'Late Aircraft (6 voli)']"
PBG,1,18,-3.5,0.0,8,37.13,23.88,6,178.33,185.5,"['NAS (8 voli)', 'Late Aircraft (8 voli)', 'Weather (3 voli)']"
PBG,2,28,-1.93,-7.0,11,37.0,24.09,6,111.0,125.5,"['NAS (12 voli)', 'Late Aircraft (8 voli)', 'Carrier (6 voli)']"
PBG,3,23,1.7,4.26,12,27.33,17.25,6,139.33,132.5,"['NAS (10 voli)', 'Late Aircraft (10 voli)', 'Carrier (6 voli)']"
PBG,4,25,-2.44,-13.6,9,26.78,13.33,3,146.0,151.67,"['NAS (7 voli)', 'Carrier (4 voli)', 'Late Aircraft (3 voli)']"
PBG,5,15,-9.2,-10.47,6,35.67,35.33,3,507.67,515.67,"['NAS (6 voli)', 'Carrier (6 voli)', 'Late Aircraft (4 voli)']"
PBG,6,19,-3.0,-8.11,5,39.6,39.8,5,324.4,330.4,"['NAS (8 voli)', 'Late Aircraft (6 voli)', 'Carrier (5 voli)']"
PBG,7,29,-3.59,-6.79,9,30.89,26.89,4,138.5,144.0,"['Carrier (11 voli)', 'NAS (10 voli)', 'Late Aircraft (8 voli)']"
PBG,8,18,-2.61,4.83,8,36.5,31.14,7,181.0,186.43,"['Late Aircraft (12 voli)', 'NAS (11 voli)', 'Carrier (4 voli)']"
PBG,9,12,-10.25,-10.17,3,33.67,32.33,0,NULL,NULL,"['NAS (3 voli)', 'Late Aircraft (2 voli)', 'Carrier (1 voli)']"
PBG,10,21,-4.76,-13.95,2,23.0,23.0,2,103.5,78.5,"['Carrier (4 voli)', 'Weather (4 voli)', 'Late Aircraft (2 voli)']"
PBG,11,28,-6.25,-14.14,2,16.5,15.0,2,118.5,91.5,"['Carrier (1 voli)', 'Late Aircraft (1 voli)', 'NAS (1 voli)']"
PBG,12,27,-3.93,-5.3,17,32.88,38.63,10,417.2,421.1,"['NAS (24 voli)', 'Late Aircraft (15 voli)', 'Weather (6 voli)']"
PBI,1,1903,-2.9,-10.06,449,31.56,25.24,281,170.81,166.09,"['Carrier (446 voli)', 'Late Aircraft (446 voli)', 'NAS (329 voli)']"
PBI,2,2206,-4.19,-7.39,321,30.84,22.89,182,156.76,148.65,"['Carrier (311 voli)', 'Late Aircraft (311 voli)', 'NAS (260 voli)']"
PBI,3,2200,-2.72,-7.33,505,32.34,25.72,358,148.13,143.06,"['Late Aircraft (587 voli)', 'Carrier (521 voli)', 'NAS (387 voli)']"
PBI,4,2084,-3.31,-7.17,331,32.0,26.04,250,163.09,155.09,"['Late Aircraft (353 voli)', 'Carrier (315 voli)', 'NAS (254 voli)']"
PBI,5,1731,-2.36,-5.68,328,32.29,30.02,280,164.14,164.06,"['Late Aircraft (392 voli)', 'NAS (358 voli)', 'Carrier (344 voli)']"
PBI,6,1425,-3.08,-7.43,262,32.08,27.51,237,160.82,153.73,"['Late Aircraft (299 voli)', 'NAS (251 voli)', 'Carrier (249 voli)']"
PBI,7,1377,-2.94,-6.46,310,31.11,30.81,283,163.39,164.47,"['Late Aircraft (406 voli)', 'Carrier (399 voli)', 'NAS (359 voli)']"
PBI,8,1276,-2.61,-5.81,310,34.06,33.49,248,157.0,154.68,"['Late Aircraft (400 voli)', 'NAS (345 voli)', 'Carrier (309 voli)']"
PBI,9,1419,-3.87,-8.57,209,31.59,25.66,83,175.51,169.78,"['Late Aircraft (162 voli)', 'Carrier (141 voli)', 'NAS (130 voli)']"
PBI,10,1677,-4.29,-9.6,193,29.74,20.83,94,149.27,141.02,"['Late Aircraft (164 voli)', 'Carrier (155 voli)', 'NAS (97 voli)']"
PBI,11,2062,-4.27,-9.04,258,30.99,24.69,121,130.48,126.35,"['NAS (206 voli)', 'Late Aircraft (177 voli)', 'Carrier (173 voli)']"
PBI,12,2009,-3.12,-7.14,523,32.81,28.64,359,145.4,141.83,"['Late Aircraft (639 voli)', 'Carrier (499 voli)', 'NAS (426 voli)']"
PDX,1,2982,-2.3,-5.48,520,31.64,28.26,331,157.34,155.04,"['Carrier (676 voli)', 'NAS (463 voli)', 'Late Aircraft (375 voli)']"
PDX,2,3394,-3.69,-6.33,356,32.11,29.69,176,136.88,136.68,"['NAS (423 voli)', 'Carrier (233 voli)', 'Late Aircraft (189 voli)']"
PDX,3,3907,-3.35,-6.55,484,31.79,29.81,203,133.47,132.26,"['NAS (495 voli)', 'Carrier (296 voli)', 'Late Aircraft (293 voli)']"
PDX,4,3940,-3.94,-7.04,493,32.48,28.51,225,133.92,131.26,"['NAS (404 voli)', 'Carrier (347 voli)', 'Late Aircraft (318 voli)']"
PDX,5,4043,-3.3,-7.28,620,31.09,24.91,306,146.18,142.76,"['NAS (458 voli)', 'Late Aircraft (443 voli)', 'Carrier (398 voli)']"
PDX,6,3963,-1.99,-7.51,807,30.57,22.83,340,131.99,125.37,"['Late Aircraft (611 voli)', 'Carrier (492 voli)', 'NAS (455 voli)']"
PDX,7,4200,-2.42,-6.35,756,31.17,26.23,356,147.4,143.12,"['Carrier (656 voli)', 'Late Aircraft (640 voli)', 'NAS (522 voli)']"
PDX,8,4522,-2.78,-5.52,620,30.82,27.17,292,136.33,133.81,"['NAS (571 voli)', 'Carrier (465 voli)', 'Late Aircraft (465 voli)']"
PDX,9,4555,-3.6,-6.65,447,30.06,26.32,195,136.84,134.42,"['NAS (392 voli)', 'Carrier (324 voli)', 'Late Aircraft (294 voli)']"
PDX,10,4599,-3.49,-6.78,405,30.66,26.71,143,140.76,135.92,"['NAS (352 voli)', 'Carrier (294 voli)', 'Late Aircraft (266 voli)']"
PDX,11,4182,-3.54,-7.3,410,29.3,24.95,143,144.45,145.68,"['NAS (401 voli)', 'Carrier (268 voli)', 'Late Aircraft (249 voli)']"
PDX,12,4053,-2.0,-6.71,625,29.56,22.32,261,143.36,135.67,"['NAS (431 voli)', 'Carrier (425 voli)', 'Late Aircraft (382 voli)']"
PGD,1,370,-5.42,-10.35,84,33.76,25.94,44,134.59,133.65,"['Late Aircraft (68 voli)', 'Carrier (67 voli)', 'NAS (41 voli)']"
PGD,2,473,-6.48,-5.38,68,32.57,31.22,25,195.52,204.04,"['NAS (80 voli)', 'Carrier (75 voli)', 'Late Aircraft (49 voli)']"
PGD,3,565,-6.47,-8.78,109,34.01,33.02,68,155.53,153.81,"['Late Aircraft (103 voli)', 'Carrier (98 voli)', 'NAS (97 voli)']"
PGD,4,437,-6.29,-8.31,34,34.91,31.94,38,163.76,160.05,"['Carrier (44 voli)', 'NAS (40 voli)', 'Late Aircraft (31 voli)']"
PGD,5,314,-5.15,-7.66,57,29.25,29.5,36,170.89,178.42,"['NAS (57 voli)', 'Late Aircraft (49 voli)', 'Carrier (48 voli)']"
PGD,6,365,-5.16,-8.71,58,29.52,27.22,49,141.35,146.0,"['NAS (61 voli)', 'Late Aircraft (59 voli)', 'Carrier (54 voli)']"
PGD,7,355,-4.98,-7.23,74,32.31,36.05,49,145.35,146.69,"['NAS (77 voli)', 'Carrier (72 voli)', 'Late Aircraft (62 voli)']"
PGD,8,241,-7.17,-9.62,51,32.41,28.96,47,165.83,166.06,"['NAS (56 voli)', 'Carrier (51 voli)', 'Late Aircraft (47 voli)']"
PGD,9,220,-7.1,-12.94,32,31.0,27.22,20,133.05,131.15,"['Carrier (29 voli)', 'Late Aircraft (18 voli)', 'NAS (17 voli)']"
PGD,10,347,-6.25,-11.3,59,28.92,22.86,30,161.53,154.63,"['Weather (70 voli)', 'Carrier (45 voli)', 'Late Aircraft (36 voli)']"
PGD,11,458,-6.37,-9.73,54,26.52,23.81,14,126.64,123.86,"['Carrier (50 voli)', 'NAS (43 voli)', 'Late Aircraft (26 voli)']"
PGD,12,543,-6.14,-10.25,108,32.52,28.74,89,161.58,159.77,"['Late Aircraft (105 voli)', 'NAS (102 voli)', 'Carrier (90 voli)']"
PHL,1,4768,-3.3,-5.44,884,32.46,35.23,641,161.56,172.31,"['NAS (1166 voli)', 'Carrier (874 voli)', 'Late Aircraft (854 voli)']"
PHL,2,4932,-3.55,-10.17,582,30.52,21.63,327,142.42,130.96,"['NAS (520 voli)', 'Late Aircraft (442 voli)', 'Carrier (430 voli)']"
PHL,3,5321,-3.12,-10.76,961,30.82,21.04,571,143.69,135.73,"['Late Aircraft (753 voli)', 'Carrier (719 voli)', 'NAS (669 voli)']"
PHL,4,6083,-3.25,-9.12,831,30.34,22.23,549,155.09,149.19,"['Carrier (727 voli)', 'NAS (717 voli)', 'Late Aircraft (696 voli)']"
PHL,5,6414,-2.68,-6.9,1191,32.22,27.83,844,147.81,143.05,"['NAS (1239 voli)', 'Carrier (1198 voli)', 'Late Aircraft (1185 voli)']"
PHL,6,6365,-2.26,-8.96,1433,32.46,25.8,1005,160.52,153.92,"['Carrier (1421 voli)', 'Late Aircraft (1318 voli)', 'NAS (1101 voli)']"
PHL,7,6059,-2.1,-6.69,1768,32.81,28.52,1486,152.55,146.91,"['Carrier (2281 voli)', 'Late Aircraft (1862 voli)', 'NAS (1597 voli)']"
PHL,8,6394,-2.01,-5.47,1752,32.43,33.26,1311,162.26,164.29,"['Carrier (2042 voli)', 'NAS (1995 voli)', 'Late Aircraft (1699 voli)']"
PHL,9,7129,-4.1,-8.19,933,31.36,27.11,501,135.01,125.79,"['NAS (962 voli)', 'Carrier (908 voli)', 'Late Aircraft (772 voli)']"
PHL,10,7502,-3.88,-10.06,824,30.06,21.85,407,159.82,150.17,"['Carrier (751 voli)', 'NAS (636 voli)', 'Late Aircraft (563 voli)']"
PHL,11,6072,-4.19,-11.34,642,32.1,21.99,357,146.18,135.44,"['Carrier (599 voli)', 'Late Aircraft (458 voli)', 'NAS (417 voli)']"
PHL,12,5454,-2.28,-7.54,1046,31.08,24.78,630,152.81,146.2,"['Carrier (1024 voli)', 'NAS (881 voli)', 'Late Aircraft (836 voli)']"
PHX,1,11773,-2.1,-5.6,2179,31.19,25.7,908,148.31,142.83,"['Carrier (1909 voli)', 'Late Aircraft (1806 voli)', 'NAS (1404 voli)']"
PHX,2,12124,-2.08,-7.36,1780,29.96,23.03,548,125.32,120.28,"['Carrier (1199 voli)', 'Late Aircraft (1157 voli)', 'NAS (1077 voli)']"
PHX,3,13406,-1.56,-5.94,2588,31.49,25.69,1102,137.72,133.1,"['Late Aircraft (2099 voli)', 'Carrier (1987 voli)', 'NAS (1730 voli)']"
PHX,4,12932,-1.42,-7.24,2340,30.62,23.31,901,129.37,121.74,"['Carrier (1700 voli)', 'Late Aircraft (1624 voli)', 'NAS (1253 voli)']"
PHX,5,12229,-1.18,-6.2,2796,31.82,25.23,1391,131.17,124.59,"['Carrier (2340 voli)', 'Late Aircraft (2307 voli)', 'NAS (1432 voli)']"
PHX,6,11358,-1.34,-4.88,2631,31.09,26.7,1172,126.55,121.79,"['Carrier (2332 voli)', 'Late Aircraft (2187 voli)', 'NAS (1608 voli)']"
PHX,7,11100,-1.62,-5.4,2714,31.83,27.04,1562,149.48,145.35,"['Carrier (2691 voli)', 'Late Aircraft (2608 voli)', 'NAS (1753 voli)']"
PHX,8,12072,-2.32,-6.49,2053,31.56,28.2,1085,135.01,133.96,"['Carrier (1783 voli)', 'Late Aircraft (1765 voli)', 'NAS (1489 voli)']"
PHX,9,12650,-2.77,-8.59,1638,30.72,23.09,602,130.25,123.61,"['Carrier (1183 voli)', 'Late Aircraft (1068 voli)', 'NAS (760 voli)']"
PHX,10,14077,-2.47,-7.56,1936,30.61,24.73,771,127.4,122.83,"['Carrier (1556 voli)', 'Late Aircraft (1310 voli)', 'NAS (1058 voli)']"
PHX,11,13580,-2.38,-9.5,1933,30.26,21.28,691,124.3,117.08,"['Carrier (1312 voli)', 'Late Aircraft (1156 voli)', 'NAS (799 voli)']"
PHX,12,13656,-2.01,-7.79,2294,30.83,23.84,998,130.2,123.98,"['Carrier (1853 voli)', 'Late Aircraft (1591 voli)', 'NAS (1195 voli)']"
PIA,1,150,-3.57,-6.33,40,30.05,29.38,37,176.73,174.56,"['Weather (62 voli)', 'NAS (41 voli)', 'Late Aircraft (33 voli)']"
PIA,2,221,-5.12,-10.34,12,29.92,27.92,17,157.0,144.76,"['Carrier (18 voli)', 'NAS (18 voli)', 'Late Aircraft (9 voli)']"
PIA,3,224,-4.43,-10.47,31,30.23,27.13,30,157.33,155.67,"['Late Aircraft (36 voli)', 'NAS (33 voli)', 'Carrier (24 voli)']"
PIA,4,218,-5.38,-7.33,30,31.23,29.4,19,187.95,184.58,"['NAS (35 voli)', 'Late Aircraft (29 voli)', 'Carrier (18 voli)']"
PIA,5,208,-5.0,-6.18,37,35.27,35.92,40,152.5,157.18,"['NAS (48 voli)', 'Late Aircraft (43 voli)', 'Carrier (30 voli)']"
PIA,6,225,-4.75,-7.52,53,28.47,24.94,34,185.0,180.65,"['Late Aircraft (50 voli)', 'Carrier (39 voli)', 'NAS (24 voli)']"
PIA,7,244,-5.6,-6.32,50,33.56,35.9,22,222.68,224.77,"['Late Aircraft (52 voli)', 'NAS (42 voli)', 'Carrier (39 voli)']"
PIA,8,231,-5.68,-6.56,37,31.0,27.22,25,196.12,195.2,"['NAS (31 voli)', 'Carrier (30 voli)', 'Late Aircraft (30 voli)']"
PIA,9,257,-6.42,-7.9,26,29.15,28.23,26,192.65,193.19,"['NAS (40 voli)', 'Carrier (32 voli)', 'Late Aircraft (31 voli)']"
PIA,10,254,-6.13,-10.69,31,33.06,26.9,13,169.23,153.23,"['Carrier (27 voli)', 'NAS (18 voli)', 'Late Aircraft (18 voli)']"
PIA,11,233,-6.65,-12.22,31,30.87,27.71,25,158.32,153.48,"['Late Aircraft (30 voli)', 'Carrier (25 voli)', 'NAS (20 voli)']"
PIA,12,256,-4.32,-9.12,53,30.43,32.38,36,128.17,124.91,"['NAS (51 voli)', 'Late Aircraft (47 voli)', 'Carrier (46 voli)']"
PIB,1,25,-6.52,-19.68,4,40.0,18.5,4,441.25,164.67,"['Late Aircraft (3 voli)', 'Weather (3 voli)', 'Carrier (2 voli)']"
PIB,2,31,-10.58,-18.16,4,44.5,34.25,4,141.25,130.5,"['Late Aircraft (6 voli)', 'NAS (2 voli)', 'Carrier (1 voli)']"
PIB,3,39,-7.03,-6.31,7,32.71,33.0,5,317.2,313.4,"['NAS (9 voli)', 'Late Aircraft (6 voli)', 'Carrier (5 voli)']"
PIB,4,43,-8.42,-7.44,6,29.67,26.5,2,160.5,188.5,"['Late Aircraft (5 voli)', 'Carrier (3 voli)', 'NAS (3 voli)']"
PIB,5,35,-6.69,-2.94,7,32.57,32.14,6,278.5,281.83,"['Late Aircraft (9 voli)', 'NAS (9 voli)', 'Weather (6 voli)']"
PIB,6,44,-5.73,-6.68,3,29.67,28.0,2,183.5,187.0,"['Carrier (5 voli)', 'Late Aircraft (5 voli)', 'NAS (3 voli)']"
PIB,7,38,-7.5,1.0,4,25.75,27.0,7,139.57,140.71,"['Late Aircraft (9 voli)', 'Carrier (7 voli)', 'NAS (5 voli)']"
PIB,8,43,-7.7,-13.5,7,38.14,33.29,3,424.33,417.67,"['Carrier (5 voli)', 'Late Aircraft (5 voli)', 'NAS (3 voli)']"
PIB,9,43,-9.58,-12.53,4,24.25,16.25,3,214.67,210.0,"['Late Aircraft (4 voli)', 'Carrier (1 voli)', 'NAS (1 voli)']"
PIB,10,45,-7.13,-10.24,4,33.0,26.25,4,142.0,131.5,"['Late Aircraft (7 voli)', 'Carrier (1 voli)', 'NAS (1 voli)']"
PIB,11,45,-7.91,-8.07,3,38.33,43.33,2,95.5,90.5,"['Carrier (5 voli)', 'Late Aircraft (1 voli)', 'NAS (1 voli)']"
PIB,12,44,-5.43,-3.84,2,25.5,23.0,3,76.33,71.33,"['Carrier (4 voli)', 'Late Aircraft (3 voli)', 'Weather (2 voli)']"
PIE,1,425,-6.96,-13.33,66,34.02,29.48,40,147.75,142.15,"['Late Aircraft (60 voli)', 'NAS (41 voli)', 'Carrier (37 voli)']"
PIE,2,473,-7.64,-8.32,63,30.81,29.92,33,139.61,143.12,"['NAS (72 voli)', 'Late Aircraft (52 voli)', 'Carrier (37 voli)']"
PIE,3,609,-7.23,-8.48,100,32.08,32.47,40,141.3,137.2,"['NAS (94 voli)', 'Late Aircraft (90 voli)', 'Carrier (56 voli)']"
PIE,4,535,-7.16,-9.48,51,33.37,30.35,24,152.0,149.63,"['NAS (57 voli)', 'Carrier (40 voli)', 'Late Aircraft (38 voli)']"
PIE,5,504,-5.54,-8.37,93,30.33,27.67,53,190.49,189.09,"['NAS (86 voli)', 'Late Aircraft (76 voli)', 'Carrier (59 voli)']"
PIE,6,635,-5.4,-8.63,132,33.11,32.76,86,149.17,153.15,"['NAS (129 voli)', 'Late Aircraft (115 voli)', 'Carrier (101 voli)']"
PIE,7,626,-4.08,-5.91,176,34.2,34.05,116,132.67,133.47,"['NAS (158 voli)', 'Weather (138 voli)', 'Late Aircraft (138 voli)']"
PIE,8,479,-5.79,-9.96,83,32.43,31.28,71,163.32,164.7,"['NAS (71 voli)', 'Weather (64 voli)', 'Carrier (59 voli)']"
PIE,9,343,-7.04,-10.6,60,28.8,25.45,29,183.76,183.34,"['Carrier (51 voli)', 'Weather (48 voli)', 'NAS (43 voli)']"
PIE,10,447,-7.7,-11.33,47,31.53,26.23,22,143.41,138.55,"['Weather (91 voli)', 'NAS (35 voli)', 'Carrier (33 voli)']"
PIE,11,515,-8.46,-9.86,58,27.83,28.57,28,123.96,125.21,"['NAS (60 voli)', 'Carrier (54 voli)', 'Late Aircraft (46 voli)']"
PIE,12,577,-7.06,-9.08,108,30.36,30.15,77,135.81,139.57,"['Late Aircraft (123 voli)', 'NAS (121 voli)', 'Carrier (82 voli)']"
PIH,1,58,-7.21,-8.05,2,32.5,31.5,2,101.5,105.0,"['Weather (5 voli)', 'NAS (4 voli)', 'Carrier (4 voli)']"
PIH,2,55,-9.56,-12.82,0,NULL,NULL,1,240.0,230.0,"['Carrier (2 voli)']"
PIH,3,59,-6.86,-11.2,0,NULL,NULL,3,133.0,130.33,"['Carrier (2 voli)', 'NAS (2 voli)', 'Weather (2 voli)']"
PIH,4,55,-8.51,-16.31,0,NULL,NULL,4,136.0,122.5,"['Carrier (4 voli)', 'Weather (1 voli)']"
PIH,5,56,-7.16,-13.43,1,43.0,29.0,4,103.25,96.0,"['Carrier (3 voli)', 'Weather (2 voli)']"
PIH,6,54,-6.39,-12.0,2,24.5,21.5,4,137.0,133.0,"['Carrier (6 voli)']"
PIH,7,58,-6.84,-14.4,1,53.0,50.0,2,97.0,89.5,"['Carrier (3 voli)']"
PIH,8,60,-9.15,-16.35,0,NULL,NULL,2,71.0,62.0,"['Carrier (1 voli)', 'Weather (1 voli)']"
PIH,9,55,-8.82,-17.15,0,NULL,NULL,1,255.0,247.0,"['Carrier (1 voli)']"
PIH,10,51,-8.92,-16.14,1,18.0,5.0,0,NULL,NULL,"['Carrier (1 voli)']"
PIH,11,45,-8.91,-12.02,0,NULL,NULL,0,NULL,NULL,"['Carrier (1 voli)']"
PIH,12,46,-7.74,-15.04,3,29.33,25.0,0,NULL,NULL,"['Carrier (3 voli)', 'NAS (2 voli)', 'Weather (1 voli)']"
PIT,1,2405,-3.57,-6.71,310,31.36,27.95,183,161.01,160.47,"['NAS (439 voli)', 'Late Aircraft (312 voli)', 'Carrier (233 voli)']"
PIT,2,2406,-4.24,-12.39,249,30.71,20.54,105,126.91,123.17,"['NAS (233 voli)', 'Late Aircraft (149 voli)', 'Carrier (146 voli)']"
PIT,3,2822,-3.77,-10.55,364,30.2,24.06,212,151.18,147.78,"['NAS (358 voli)', 'Late Aircraft (273 voli)', 'Carrier (242 voli)']"
PIT,4,2941,-3.93,-8.15,342,31.09,25.01,162,167.3,164.89,"['NAS (343 voli)', 'Late Aircraft (262 voli)', 'Carrier (244 voli)']"
PIT,5,2954,-3.3,-6.1,475,31.75,29.08,294,145.14,147.09,"['NAS (514 voli)', 'Late Aircraft (450 voli)', 'Carrier (336 voli)']"
PIT,6,3014,-3.17,-7.08,521,32.46,28.85,306,140.28,136.95,"['Late Aircraft (476 voli)', 'NAS (476 voli)', 'Carrier (374 voli)']"
PIT,7,2965,-3.26,-6.4,568,31.77,29.41,398,146.5,146.76,"['Late Aircraft (583 voli)', 'Carrier (572 voli)', 'NAS (551 voli)']"
PIT,8,3017,-3.48,-7.42,475,33.23,31.5,332,158.81,158.71,"['NAS (544 voli)', 'Late Aircraft (459 voli)', 'Carrier (392 voli)']"
PIT,9,3236,-4.43,-9.95,275,30.61,26.77,129,174.02,167.79,"['NAS (252 voli)', 'Carrier (192 voli)', 'Late Aircraft (188 voli)']"
PIT,10,3368,-3.92,-10.81,275,28.29,18.73,114,158.17,151.5,"['NAS (203 voli)', 'Carrier (172 voli)', 'Late Aircraft (159 voli)']"
PIT,11,2914,-4.04,-9.87,239,29.76,23.37,112,110.13,107.56,"['NAS (243 voli)', 'Carrier (172 voli)', 'Late Aircraft (136 voli)']"
PIT,12,2631,-2.16,-6.89,418,30.92,25.97,211,141.32,139.32,"['NAS (473 voli)', 'Carrier (346 voli)', 'Late Aircraft (286 voli)']"
PLN,1,18,-10.11,-17.0,5,34.0,26.0,8,277.38,271.38,"['Weather (17 voli)', 'Carrier (6 voli)', 'NAS (4 voli)']"
PLN,2,14,-8.29,-23.5,1,28.0,1.0,5,149.6,135.0,"['Carrier (3 voli)', 'Weather (2 voli)', 'NAS (1 voli)']"
PLN,3,34,-9.21,-17.32,4,32.5,26.0,3,157.67,144.33,"['Carrier (4 voli)', 'Weather (2 voli)', 'NAS (1 voli)']"
PLN,4,36,-10.11,-14.39,3,22.33,27.67,10,133.6,136.1,"['Carrier (9 voli)', 'NAS (5 voli)', 'Weather (4 voli)']"
PLN,5,52,-9.13,-13.73,7,39.57,31.14,8,174.25,171.25,"['Carrier (10 voli)', 'Weather (4 voli)', 'NAS (1 voli)']"
PLN,6,91,-9.38,-13.71,10,38.2,33.6,10,134.2,130.9,"['Carrier (15 voli)', 'Weather (6 voli)', 'NAS (3 voli)']"
PLN,7,86,-8.64,-13.95,13,31.38,25.38,14,103.93,98.36,"['Carrier (21 voli)', 'Weather (4 voli)', 'NAS (4 voli)']"
PLN,8,95,-7.25,-11.73,7,36.71,33.0,11,116.91,108.27,"['Carrier (17 voli)', 'Weather (3 voli)', 'NAS (1 voli)']"
PLN,9,58,-8.55,-14.98,4,38.5,32.5,5,246.2,242.6,"['Carrier (6 voli)', 'NAS (2 voli)', 'Weather (2 voli)']"
PLN,10,45,-7.42,-13.4,4,38.75,28.25,3,228.0,225.0,"['Carrier (4 voli)', 'NAS (2 voli)', 'Security (1 voli)']"
PLN,11,40,-7.78,-9.5,3,27.67,23.0,7,167.86,166.86,"['Carrier (10 voli)', 'NAS (6 voli)', 'Security (1 voli)']"
PLN,12,29,-7.07,-12.48,7,36.71,32.0,5,218.6,213.0,"['Carrier (12 voli)', 'NAS (4 voli)', 'Weather (3 voli)']"
PNS,1,634,-3.82,-8.82,99,30.59,27.11,76,151.61,147.76,"['Late Aircraft (109 voli)', 'NAS (76 voli)', 'Carrier (73 voli)']"
PNS,2,754,-5.05,-9.61,74,29.59,23.03,41,247.05,247.0,"['Late Aircraft (65 voli)', 'NAS (56 voli)', 'Carrier (47 voli)']"
PNS,3,861,-4.26,-9.11,163,32.9,26.33,87,158.99,158.82,"['Late Aircraft (153 voli)', 'NAS (100 voli)', 'Carrier (95 voli)']"
PNS,4,920,-3.77,-6.86,121,32.4,26.38,70,206.4,204.5,"['Late Aircraft (130 voli)', 'NAS (96 voli)', 'Carrier (94 voli)']"
PNS,5,834,-2.78,-4.77,198,32.45,30.62,159,197.03,198.8,"['Late Aircraft (264 voli)', 'NAS (193 voli)', 'Carrier (186 voli)']"
PNS,6,1013,-3.56,-7.32,205,31.98,27.04,115,176.12,172.53,"['Late Aircraft (215 voli)', 'NAS (147 voli)', 'Carrier (143 voli)']"
PNS,7,911,-3.69,-6.38,242,31.98,26.92,186,163.51,164.15,"['Late Aircraft (311 voli)', 'Carrier (231 voli)', 'NAS (207 voli)']"
PNS,8,945,-4.06,-8.66,132,33.16,30.71,74,182.77,182.03,"['Late Aircraft (125 voli)', 'NAS (115 voli)', 'Carrier (102 voli)']"
PNS,9,941,-4.63,-9.12,92,29.92,26.37,37,147.35,141.14,"['Late Aircraft (74 voli)', 'NAS (62 voli)', 'Carrier (60 voli)']"
PNS,10,942,-3.86,-9.87,92,28.39,22.93,31,175.97,172.29,"['Carrier (71 voli)', 'Late Aircraft (64 voli)', 'NAS (59 voli)']"
PNS,11,865,-4.54,-8.75,67,28.97,22.7,27,167.15,174.22,"['Late Aircraft (52 voli)', 'NAS (48 voli)', 'Carrier (40 voli)']"
PNS,12,783,-3.29,-7.77,135,33.74,30.55,74,164.53,163.77,"['Late Aircraft (134 voli)', 'Carrier (105 voli)', 'NAS (90 voli)']"
PPG,1,8,-3.25,-1.63,2,32.5,32.5,0,NULL,NULL,"['Late Aircraft (3 voli)', 'Carrier (2 voli)']"
PPG,2,5,-1.6,-12.8,4,26.0,28.25,0,NULL,NULL,"['Carrier (3 voli)', 'Late Aircraft (2 voli)']"
PPG,3,8,-0.38,-3.13,0,NULL,NULL,0,NULL,NULL,"['Carrier (1 voli)']"
PPG,4,7,-0.29,1.14,2,42.0,37.5,0,NULL,NULL,"['Carrier (4 voli)', 'Late Aircraft (2 voli)']"
PPG,5,10,4.3,3.5,1,50.0,42.0,0,NULL,NULL,"['Carrier (1 voli)', 'Late Aircraft (1 voli)']"
PPG,6,9,-4.33,-1.11,2,31.0,32.0,1,70.0,66.0,"['Carrier (3 voli)', 'Late Aircraft (1 voli)']"
PPG,7,10,4.0,-0.2,3,23.0,16.0,1,1087.0,1088.0,"['Carrier (3 voli)', 'Late Aircraft (1 voli)']"
PPG,8,10,-1.5,-12.1,0,NULL,NULL,3,248.67,236.67,"['Late Aircraft (2 voli)', 'Carrier (1 voli)']"
PPG,9,8,-1.0,-10.13,1,21.0,9.0,1,123.0,127.0,"['Carrier (1 voli)']"
PPG,10,9,4.56,-5.67,0,NULL,NULL,0,NULL,NULL,"[]"
PPG,11,5,5.6,-6.8,3,15.67,8.33,0,NULL,NULL,"[]"
PPG,12,12,-6.67,-10.83,0,NULL,NULL,0,NULL,NULL,"[]"
PQI,9,21,-2.81,-13.33,3,28.0,15.33,1,575.0,564.0,"['Carrier (2 voli)']"
PQI,10,27,-2.93,-9.96,4,18.0,12.25,0,NULL,NULL,"['Carrier (1 voli)', 'NAS (1 voli)']"
PQI,11,24,-4.5,-6.08,4,23.0,9.5,0,NULL,NULL,"['NAS (3 voli)', 'Carrier (2 voli)']"
PQI,12,23,-2.17,5.22,1,16.0,20.0,2,138.5,130.5,"['NAS (8 voli)', 'Carrier (4 voli)', 'Security (2 voli)']"
PRC,1,48,-5.6,-7.02,5,29.4,18.8,5,187.6,184.2,"['Carrier (4 voli)', 'Late Aircraft (4 voli)', 'NAS (4 voli)']"
PRC,2,44,-7.05,-6.32,6,28.83,23.5,6,432.17,422.83,"['Carrier (11 voli)', 'NAS (5 voli)', 'Weather (3 voli)']"
PRC,3,50,-5.46,-6.82,3,32.67,28.33,6,145.5,134.0,"['Carrier (7 voli)', 'NAS (4 voli)', 'Late Aircraft (3 voli)']"
PRC,4,47,-5.85,-5.57,6,31.67,34.67,7,362.57,356.43,"['Carrier (10 voli)', 'NAS (7 voli)', 'Late Aircraft (5 voli)']"
PRC,5,44,-7.0,-7.93,10,29.8,31.8,7,244.0,241.14,"['NAS (7 voli)', 'Weather (6 voli)', 'Late Aircraft (5 voli)']"
PRC,6,45,-5.4,-9.24,6,35.17,31.33,9,104.22,110.89,"['NAS (6 voli)', 'Carrier (6 voli)', 'Late Aircraft (5 voli)']"
PRC,7,47,-3.98,-10.21,7,35.14,28.14,7,127.29,125.71,"['Carrier (11 voli)', 'Late Aircraft (5 voli)', 'NAS (4 voli)']"
PRC,8,36,-7.17,-12.33,9,28.67,29.44,17,276.65,271.71,"['Carrier (12 voli)', 'NAS (12 voli)', 'Late Aircraft (11 voli)']"
PRC,9,54,-6.89,-10.13,4,27.25,19.5,1,179.0,177.0,"['Carrier (2 voli)', 'Late Aircraft (1 voli)', 'NAS (1 voli)']"
PRC,10,54,-7.09,-10.22,3,37.0,33.0,4,442.25,444.75,"['Carrier (6 voli)', 'NAS (6 voli)', 'Late Aircraft (2 voli)']"
PRC,11,42,-6.98,-7.02,6,46.67,45.0,4,118.75,107.5,"['Carrier (6 voli)', 'Late Aircraft (4 voli)', 'NAS (4 voli)']"
PRC,12,46,-7.02,-9.09,4,44.75,32.5,7,136.43,132.71,"['Carrier (11 voli)', 'Late Aircraft (4 voli)', 'NAS (3 voli)']"
PSC,1,261,-3.77,-7.03,40,29.18,32.08,51,177.12,174.27,"['NAS (49 voli)', 'Weather (47 voli)', 'Carrier (37 voli)']"
PSC,2,298,-5.31,-9.86,27,32.67,30.33,14,169.93,159.57,"['Carrier (25 voli)', 'NAS (18 voli)', 'Late Aircraft (7 voli)']"
PSC,3,348,-5.4,-10.46,21,35.05,30.38,10,110.9,113.7,"['Carrier (18 voli)', 'NAS (18 voli)', 'Late Aircraft (6 voli)']"
PSC,4,350,-5.78,-9.88,34,28.44,25.53,9,107.56,103.78,"['Carrier (20 voli)', 'NAS (20 voli)', 'Late Aircraft (7 voli)']"
PSC,5,377,-4.59,-9.6,30,28.9,24.4,15,117.6,115.07,"['NAS (23 voli)', 'Carrier (23 voli)', 'Late Aircraft (8 voli)']"
PSC,6,347,-3.78,-7.67,39,29.21,27.85,18,154.89,147.44,"['Carrier (36 voli)', 'NAS (28 voli)', 'Late Aircraft (22 voli)']"
PSC,7,391,-3.62,-8.21,49,30.33,27.76,18,300.67,300.61,"['Carrier (43 voli)', 'NAS (38 voli)', 'Late Aircraft (19 voli)']"
PSC,8,367,-3.8,-6.37,39,30.74,32.85,16,121.81,122.5,"['NAS (35 voli)', 'Carrier (33 voli)', 'Late Aircraft (18 voli)']"
PSC,9,371,-4.73,-8.9,28,33.11,27.07,20,160.05,157.3,"['Carrier (30 voli)', 'NAS (19 voli)', 'Weather (8 voli)']"
PSC,10,441,-4.51,-10.56,25,30.84,23.8,22,95.18,85.05,"['Carrier (41 voli)', 'NAS (12 voli)', 'Late Aircraft (8 voli)']"
PSC,11,412,-3.7,-9.25,44,30.16,22.43,16,132.94,132.93,"['Carrier (40 voli)', 'NAS (23 voli)', 'Weather (6 voli)']"
PSC,12,448,-3.51,-8.28,47,30.89,24.28,38,184.45,174.32,"['Carrier (57 voli)', 'NAS (36 voli)', 'Weather (20 voli)']"
PSE,1,65,-6.46,-7.31,7,31.29,29.86,9,189.78,194.67,"['NAS (14 voli)', 'Carrier (12 voli)', 'Late Aircraft (11 voli)']"
PSE,2,69,-10.3,-10.9,12,40.67,38.42,0,NULL,NULL,"['Late Aircraft (12 voli)', 'NAS (10 voli)', 'Carrier (4 voli)']"
PSE,3,85,-9.21,-11.33,13,26.92,23.38,9,133.89,133.11,"['Late Aircraft (16 voli)', 'NAS (10 voli)', 'Carrier (7 voli)']"
PSE,4,76,-8.88,-14.42,7,39.57,28.86,8,107.13,91.71,"['Late Aircraft (13 voli)', 'NAS (5 voli)', 'Carrier (4 voli)']"
PSE,5,55,-6.65,-15.4,14,33.21,26.36,6,98.83,87.0,"['Late Aircraft (19 voli)', 'NAS (6 voli)', 'Carrier (3 voli)']"
PSE,6,47,-5.19,-8.11,12,38.75,31.67,10,158.0,144.9,"['Late Aircraft (20 voli)', 'Carrier (15 voli)', 'NAS (8 voli)']"
PSE,7,65,-6.32,-9.86,11,33.55,25.82,12,107.92,97.0,"['Late Aircraft (19 voli)', 'Carrier (13 voli)', 'NAS (3 voli)']"
PSE,8,46,-4.39,-9.0,9,32.67,28.22,15,117.47,111.47,"['Late Aircraft (22 voli)', 'Carrier (8 voli)', 'NAS (7 voli)']"
PSE,9,43,-7.09,-6.37,2,30.0,16.5,1,75.0,69.0,"['Late Aircraft (3 voli)', 'NAS (2 voli)', 'Carrier (1 voli)']"
PSE,10,31,-7.48,-5.39,2,18.5,21.5,1,79.0,58.0,"['Weather (4 voli)', 'Late Aircraft (2 voli)', 'NAS (2 voli)']"
PSE,11,27,-6.56,-15.44,1,36.0,27.0,1,71.0,69.0,"['Late Aircraft (2 voli)', 'Carrier (1 voli)']"
PSE,12,56,-5.98,-9.93,11,28.0,23.45,6,203.5,198.17,"['Late Aircraft (14 voli)', 'NAS (8 voli)', 'Carrier (2 voli)']"
PSG,1,44,-10.86,-10.72,10,37.0,47.2,2,88.0,86.0,"['Late Aircraft (10 voli)', 'NAS (8 voli)', 'Weather (4 voli)']"
PSG,2,44,-14.57,-15.36,5,31.2,29.5,1,211.0,211.0,"['Late Aircraft (6 voli)', 'Weather (3 voli)', 'NAS (2 voli)']"
PSG,3,56,-11.75,-11.21,3,36.0,39.0,2,120.0,116.5,"['Late Aircraft (7 voli)', 'NAS (4 voli)']"
PSG,4,52,-9.29,-10.98,6,33.67,39.83,2,214.0,75.0,"['Late Aircraft (7 voli)', 'NAS (4 voli)']"
PSG,5,47,-7.53,-7.89,11,27.91,29.18,3,186.67,183.0,"['Late Aircraft (11 voli)', 'NAS (5 voli)', 'Carrier (4 voli)']"
PSG,6,51,-5.14,-7.63,7,30.29,27.71,2,94.5,97.0,"['Late Aircraft (8 voli)', 'NAS (4 voli)', 'Carrier (3 voli)']"
PSG,7,55,-5.75,-6.78,6,34.17,32.0,0,NULL,NULL,"['Late Aircraft (6 voli)', 'Carrier (4 voli)', 'NAS (3 voli)']"
PSG,8,48,-7.23,-9.29,10,30.0,28.4,3,137.67,147.0,"['Late Aircraft (12 voli)', 'NAS (4 voli)', 'Carrier (1 voli)']"
PSG,9,53,-8.13,-10.02,5,22.4,18.0,1,209.0,207.0,"['Late Aircraft (4 voli)', 'NAS (3 voli)', 'Carrier (1 voli)']"
PSG,10,55,-11.11,-12.64,3,42.33,48.67,2,117.5,117.0,"['Late Aircraft (5 voli)', 'NAS (3 voli)', 'Weather (1 voli)']"
PSG,11,52,-12.88,-14.38,2,39.5,49.5,2,153.0,231.0,"['NAS (2 voli)', 'Carrier (2 voli)', 'Late Aircraft (2 voli)']"
PSG,12,51,-12.69,-13.92,1,36.0,30.0,6,99.83,111.0,"['Late Aircraft (6 voli)', 'NAS (4 voli)', 'Weather (2 voli)']"
PSM,1,12,-5.83,-6.67,4,28.75,15.5,4,296.5,312.25,"['NAS (4 voli)', 'Carrier (3 voli)', 'Late Aircraft (2 voli)']"
PSM,2,21,-2.81,-14.95,4,24.5,1.0,1,1075.0,1048.0,"['Carrier (2 voli)', 'NAS (2 voli)', 'Late Aircraft (1 voli)']"
PSM,3,13,-3.62,-6.46,2,38.0,45.0,4,170.0,164.0,"['Late Aircraft (6 voli)', 'NAS (6 voli)', 'Carrier (2 voli)']"
PSM,4,17,-7.53,-14.24,5,24.0,16.8,3,122.67,154.33,"['NAS (6 voli)', 'Late Aircraft (2 voli)', 'Carrier (1 voli)']"
PSM,5,21,-2.0,-10.76,2,43.0,39.5,3,164.0,172.67,"['Carrier (3 voli)', 'Late Aircraft (3 voli)', 'NAS (3 voli)']"
PSM,6,20,-9.5,-14.0,3,45.0,56.0,3,134.0,127.33,"['Late Aircraft (6 voli)', 'NAS (3 voli)', 'Carrier (3 voli)']"
PSM,7,22,-5.86,4.41,4,47.25,43.75,4,155.0,144.5,"['Late Aircraft (10 voli)', 'NAS (9 voli)', 'Carrier (6 voli)']"
PSM,8,15,-6.2,-8.33,1,35.0,18.0,5,375.0,371.2,"['Carrier (5 voli)', 'Late Aircraft (4 voli)', 'Weather (2 voli)']"
PSM,9,15,-6.27,-18.07,3,28.33,7.67,2,138.0,126.5,"['Late Aircraft (4 voli)', 'NAS (2 voli)', 'Weather (1 voli)']"
PSM,10,21,-4.14,1.48,1,46.0,35.0,1,110.0,105.0,"['Carrier (5 voli)', 'NAS (4 voli)', 'Weather (3 voli)']"
PSM,11,24,-9.33,-12.13,2,28.5,11.0,0,NULL,NULL,"['Late Aircraft (1 voli)']"
PSM,12,26,-9.08,-11.73,4,41.25,21.0,3,114.67,105.33,"['Late Aircraft (4 voli)', 'Carrier (3 voli)', 'NAS (3 voli)']"
PSP,1,1102,-4.53,-7.58,144,32.63,30.03,98,130.89,126.18,"['Carrier (161 voli)', 'NAS (139 voli)', 'Late Aircraft (137 voli)']"
PSP,2,1073,-3.53,-7.92,190,31.28,24.68,100,156.35,155.49,"['NAS (174 voli)', 'Carrier (113 voli)', 'Late Aircraft (100 voli)']"
PSP,3,1285,-2.92,-5.96,268,31.69,28.78,122,155.67,152.1,"['NAS (246 voli)', 'Late Aircraft (180 voli)', 'Carrier (176 voli)']"
PSP,4,1268,-3.88,-7.02,198,31.09,30.37,100,154.77,149.05,"['NAS (213 voli)', 'Late Aircraft (122 voli)', 'Carrier (111 voli)']"
PSP,5,901,-4.15,-7.56,148,33.44,30.02,75,151.75,148.77,"['NAS (134 voli)', 'Late Aircraft (106 voli)', 'Carrier (94 voli)']"
PSP,6,539,-4.16,-5.33,69,33.75,29.78,37,120.78,121.49,"['Carrier (68 voli)', 'NAS (65 voli)', 'Late Aircraft (50 voli)']"
PSP,7,490,-4.02,-6.61,69,33.36,32.41,39,139.97,138.46,"['NAS (62 voli)', 'Carrier (53 voli)', 'Late Aircraft (44 voli)']"
PSP,8,519,-4.9,-6.72,73,33.78,32.05,33,136.06,140.22,"['NAS (76 voli)', 'Carrier (50 voli)', 'Late Aircraft (40 voli)']"
PSP,9,609,-5.6,-9.17,69,32.91,32.2,29,103.83,98.93,"['NAS (64 voli)', 'Carrier (46 voli)', 'Late Aircraft (40 voli)']"
PSP,10,1008,-5.24,-8.35,77,33.91,29.87,42,167.64,166.4,"['NAS (77 voli)', 'Carrier (69 voli)', 'Late Aircraft (59 voli)']"
PSP,11,1100,-4.45,-7.5,114,30.75,27.46,46,145.5,149.62,"['NAS (102 voli)', 'Carrier (98 voli)', 'Late Aircraft (73 voli)']"
PSP,12,1122,-4.23,-8.02,150,30.75,26.89,68,176.29,171.97,"['Carrier (124 voli)', 'NAS (111 voli)', 'Late Aircraft (109 voli)']"
PVD,1,673,-3.22,-8.44,121,30.43,27.32,91,161.62,166.22,"['NAS (141 voli)', 'Late Aircraft (128 voli)', 'Carrier (97 voli)']"
PVD,2,732,-3.6,-12.38,74,26.66,19.41,26,164.58,156.15,"['NAS (65 voli)', 'Late Aircraft (56 voli)', 'Carrier (41 voli)']"
PVD,3,868,-4.03,-11.44,105,31.76,27.13,63,159.73,157.33,"['Late Aircraft (107 voli)', 'NAS (86 voli)', 'Carrier (82 voli)']"
PVD,4,995,-3.76,-10.24,103,30.96,24.88,62,168.55,167.39,"['Late Aircraft (110 voli)', 'Carrier (85 voli)', 'NAS (80 voli)']"
PVD,5,933,-3.33,-10.07,163,32.25,25.49,116,169.3,167.01,"['Late Aircraft (183 voli)', 'Carrier (142 voli)', 'NAS (140 voli)']"
PVD,6,954,-3.46,-8.98,157,30.28,24.7,105,203.89,200.71,"['Late Aircraft (139 voli)', 'NAS (135 voli)', 'Carrier (113 voli)']"
PVD,7,904,-2.49,-6.5,188,31.97,29.85,168,187.17,185.64,"['Late Aircraft (237 voli)', 'NAS (211 voli)', 'Carrier (204 voli)']"
PVD,8,1016,-2.87,-6.82,175,31.89,32.37,119,176.92,179.06,"['NAS (225 voli)', 'Late Aircraft (207 voli)', 'Carrier (131 voli)']"
PVD,9,1171,-4.51,-9.13,97,26.73,22.99,50,170.0,164.68,"['NAS (97 voli)', 'Carrier (77 voli)', 'Late Aircraft (73 voli)']"
PVD,10,1216,-3.83,-11.02,113,29.65,22.43,42,186.07,176.24,"['Carrier (85 voli)', 'Late Aircraft (75 voli)', 'NAS (63 voli)']"
PVD,11,1091,-4.02,-12.21,90,30.53,17.82,38,136.58,122.21,"['Late Aircraft (58 voli)', 'Carrier (54 voli)', 'NAS (45 voli)']"
PVD,12,1037,-2.72,-8.78,154,32.5,27.95,73,174.78,169.04,"['NAS (148 voli)', 'Carrier (134 voli)', 'Late Aircraft (134 voli)']"
PVU,1,118,-4.68,-12.06,16,34.5,24.56,10,173.8,173.1,"['Carrier (18 voli)', 'NAS (15 voli)', 'Weather (8 voli)']"
PVU,2,127,-5.97,-11.42,8,33.13,21.25,3,178.67,163.33,"['Carrier (7 voli)', 'NAS (5 voli)', 'Late Aircraft (3 voli)']"
PVU,3,142,-5.77,-6.53,14,37.79,35.36,13,283.46,286.38,"['NAS (21 voli)', 'Carrier (20 voli)', 'Late Aircraft (6 voli)']"
PVU,4,129,-8.12,-9.6,8,34.5,33.75,8,188.88,186.5,"['Carrier (10 voli)', 'NAS (10 voli)', 'Late Aircraft (7 voli)']"
PVU,5,140,-5.49,-5.76,14,28.07,20.86,6,134.83,134.0,"['Carrier (15 voli)', 'NAS (15 voli)', 'Late Aircraft (12 voli)']"
PVU,6,131,-6.03,-5.25,14,32.0,32.21,9,196.11,196.44,"['Carrier (14 voli)', 'NAS (13 voli)', 'Late Aircraft (9 voli)']"
PVU,7,118,-5.98,-5.97,18,35.0,32.33,20,248.1,246.4,"['Carrier (32 voli)', 'NAS (22 voli)', 'Late Aircraft (12 voli)']"
PVU,8,133,-7.26,-7.93,9,33.89,33.89,3,115.67,126.33,"['NAS (11 voli)', 'Carrier (10 voli)', 'Late Aircraft (5 voli)']"
PVU,9,117,-6.44,-10.0,10,32.4,30.6,11,113.36,115.55,"['Carrier (18 voli)', 'NAS (10 voli)', 'Late Aircraft (7 voli)']"
PVU,10,174,-6.05,-7.01,20,31.85,27.15,23,170.78,176.52,"['Carrier (35 voli)', 'NAS (22 voli)', 'Late Aircraft (11 voli)']"
PVU,11,183,-4.13,-7.27,35,35.2,28.46,29,191.9,193.54,"['Carrier (51 voli)', 'NAS (29 voli)', 'Late Aircraft (14 voli)']"
PVU,12,206,-4.82,-8.34,29,34.83,23.89,22,263.91,250.68,"['Carrier (33 voli)', 'NAS (22 voli)', 'Late Aircraft (12 voli)']"
PWM,1,388,-2.98,-9.77,61,31.52,28.54,46,130.8,137.33,"['NAS (74 voli)', 'Late Aircraft (69 voli)', 'Weather (50 voli)']"
PWM,2,409,-3.11,-13.73,45,26.64,10.13,17,238.24,226.06,"['Late Aircraft (21 voli)', 'Carrier (19 voli)', 'NAS (14 voli)']"
PWM,3,441,-3.28,-11.82,45,29.22,20.39,40,174.58,166.26,"['Late Aircraft (50 voli)', 'Carrier (34 voli)', 'NAS (34 voli)']"
PWM,4,492,-3.9,-8.62,50,33.5,27.08,30,230.67,234.23,"['NAS (53 voli)', 'Late Aircraft (42 voli)', 'Carrier (39 voli)']"
PWM,5,662,-4.35,-10.18,84,33.44,28.48,54,197.41,190.59,"['Carrier (72 voli)', 'Late Aircraft (71 voli)', 'NAS (64 voli)']"
PWM,6,932,-3.67,-7.89,151,34.13,33.16,116,161.29,159.27,"['NAS (172 voli)', 'Late Aircraft (169 voli)', 'Carrier (124 voli)']"
PWM,7,975,-2.96,-5.74,188,32.06,33.97,130,166.64,167.04,"['NAS (207 voli)', 'Late Aircraft (203 voli)', 'Carrier (180 voli)']"
PWM,8,1061,-2.77,-5.77,201,29.9,31.54,115,167.53,170.38,"['NAS (273 voli)', 'Late Aircraft (202 voli)', 'Carrier (173 voli)']"
PWM,9,1202,-4.03,-8.77,108,31.5,24.98,54,190.0,183.48,"['NAS (97 voli)', 'Late Aircraft (80 voli)', 'Carrier (78 voli)']"
PWM,10,1059,-3.05,-10.26,135,31.69,22.7,71,203.25,192.74,"['Carrier (121 voli)', 'Late Aircraft (75 voli)', 'NAS (74 voli)']"
PWM,11,634,-4.44,-12.01,77,29.58,18.17,37,146.16,134.32,"['Carrier (43 voli)', 'NAS (42 voli)', 'Late Aircraft (39 voli)']"
PWM,12,597,-3.54,-9.15,82,28.94,18.8,50,202.94,198.52,"['NAS (79 voli)', 'Late Aircraft (63 voli)', 'Carrier (61 voli)']"
RAP,1,209,-4.14,-9.98,26,37.31,34.62,25,181.84,169.64,"['Carrier (30 voli)', 'NAS (23 voli)', 'Weather (23 voli)']"
RAP,2,214,-3.96,-8.68,14,33.36,31.07,22,298.64,289.45,"['NAS (27 voli)', 'Weather (22 voli)', 'Carrier (21 voli)']"
RAP,3,236,-4.98,-9.13,22,31.14,25.95,19,167.32,162.32,"['NAS (21 voli)', 'Weather (19 voli)', 'Carrier (17 voli)']"
RAP,4,260,-4.82,-7.84,27,30.59,24.78,16,155.38,153.0,"['NAS (31 voli)', 'Carrier (28 voli)', 'Weather (14 voli)']"
RAP,5,305,-4.19,-9.49,28,32.11,26.57,37,150.22,145.7,"['NAS (28 voli)', 'Carrier (27 voli)', 'Late Aircraft (24 voli)']"
RAP,6,378,-3.27,-8.7,81,31.54,26.83,50,173.78,171.72,"['Carrier (71 voli)', 'Late Aircraft (58 voli)', 'NAS (56 voli)']"
RAP,7,396,-2.58,-4.54,101,33.25,32.09,52,143.88,139.54,"['Carrier (100 voli)', 'NAS (94 voli)', 'Late Aircraft (77 voli)']"
RAP,8,469,-3.39,-6.13,72,31.74,29.31,31,178.52,178.16,"['NAS (61 voli)', 'Carrier (60 voli)', 'Late Aircraft (47 voli)']"
RAP,9,466,-4.67,-9.47,54,28.69,25.0,16,276.25,270.94,"['Carrier (45 voli)', 'NAS (42 voli)', 'Late Aircraft (32 voli)']"
RAP,10,433,-4.17,-10.79,28,28.75,18.36,18,135.33,130.18,"['NAS (25 voli)', 'Carrier (24 voli)', 'Late Aircraft (15 voli)']"
RAP,11,359,-4.35,-6.61,30,30.37,20.9,32,134.47,131.28,"['NAS (42 voli)', 'Carrier (39 voli)', 'Late Aircraft (26 voli)']"
RAP,12,363,-3.13,-6.11,26,29.08,20.38,33,174.09,165.06,"['Carrier (50 voli)', 'NAS (46 voli)', 'Late Aircraft (26 voli)']"
RDD,1,73,-5.66,-15.0,4,19.75,4.0,5,207.8,204.4,"['Late Aircraft (3 voli)', 'NAS (3 voli)', 'Carrier (2 voli)']"
RDD,2,72,-5.15,-9.9,7,38.0,31.71,3,143.33,140.0,"['Carrier (8 voli)', 'NAS (4 voli)', 'Late Aircraft (3 voli)']"
RDD,3,103,-5.74,-8.69,3,32.33,25.33,2,246.0,238.5,"['Carrier (4 voli)', 'NAS (3 voli)', 'Weather (1 voli)']"
RDD,4,105,-5.24,-7.14,6,35.5,33.0,2,109.0,105.0,"['NAS (7 voli)', 'Carrier (5 voli)', 'Late Aircraft (3 voli)']"
RDD,5,91,-5.02,-5.76,12,28.25,35.42,5,245.6,243.8,"['NAS (20 voli)', 'Late Aircraft (9 voli)', 'Carrier (6 voli)']"
RDD,6,92,-4.07,-10.33,16,30.13,24.38,7,206.86,203.29,"['Late Aircraft (12 voli)', 'NAS (7 voli)', 'Carrier (7 voli)']"
RDD,7,102,-5.24,-9.43,12,38.08,30.67,8,143.25,135.88,"['Late Aircraft (15 voli)', 'Carrier (8 voli)', 'NAS (7 voli)']"
RDD,8,116,-6.2,-11.16,12,33.33,38.5,9,146.56,137.44,"['Late Aircraft (9 voli)', 'NAS (9 voli)', 'Carrier (7 voli)']"
RDD,9,122,-6.7,-12.69,15,28.4,33.07,7,216.0,210.14,"['NAS (16 voli)', 'Late Aircraft (12 voli)', 'Carrier (6 voli)']"
RDD,10,127,-6.65,-10.09,13,34.62,31.77,11,300.45,290.36,"['Carrier (18 voli)', 'NAS (8 voli)', 'Late Aircraft (7 voli)']"
RDD,11,122,-5.25,-6.57,12,33.83,35.0,9,276.11,276.33,"['NAS (14 voli)', 'Carrier (9 voli)', 'Late Aircraft (9 voli)']"
RDD,12,119,-5.82,-8.98,13,25.62,26.69,11,157.36,151.55,"['Carrier (8 voli)', 'Late Aircraft (7 voli)', 'NAS (7 voli)']"
RDM,1,313,-3.32,-6.07,52,30.33,39.81,66,282.21,285.18,"['Weather (100 voli)', 'NAS (83 voli)', 'Carrier (53 voli)']"
RDM,2,361,-4.59,-5.12,56,31.0,40.07,48,258.4,260.81,"['NAS (89 voli)', 'Carrier (52 voli)', 'Weather (35 voli)']"
RDM,3,412,-4.26,-5.05,65,32.75,28.82,39,177.87,175.03,"['NAS (80 voli)', 'Carrier (52 voli)', 'Late Aircraft (14 voli)']"
RDM,4,373,-5.0,-7.12,35,35.46,36.94,32,212.66,212.91,"['Carrier (49 voli)', 'NAS (47 voli)', 'Late Aircraft (7 voli)']"
RDM,5,376,-5.48,-9.83,53,33.3,28.92,22,239.41,233.68,"['NAS (36 voli)', 'Carrier (34 voli)', 'Late Aircraft (23 voli)']"
RDM,6,383,-3.29,-7.0,56,28.68,24.89,31,131.52,129.52,"['Carrier (56 voli)', 'NAS (36 voli)', 'Late Aircraft (31 voli)']"
RDM,7,372,-2.86,-6.11,84,31.02,27.17,45,167.89,165.57,"['Carrier (88 voli)', 'NAS (46 voli)', 'Late Aircraft (38 voli)']"
RDM,8,453,-3.6,-4.63,51,32.37,32.02,32,250.78,249.75,"['NAS (67 voli)', 'Carrier (51 voli)', 'Late Aircraft (33 voli)']"
RDM,9,456,-3.65,-3.93,43,30.42,31.51,30,156.13,158.2,"['NAS (70 voli)', 'Carrier (44 voli)', 'Late Aircraft (43 voli)']"
RDM,10,431,-4.7,-7.62,36,35.72,32.03,29,129.9,130.72,"['Carrier (42 voli)', 'NAS (36 voli)', 'Late Aircraft (22 voli)']"
RDM,11,415,-4.75,-9.41,28,33.36,33.96,14,126.79,126.43,"['NAS (32 voli)', 'Carrier (29 voli)', 'Late Aircraft (13 voli)']"
RDM,12,344,-3.04,-6.66,51,32.49,24.59,39,206.0,201.49,"['Carrier (59 voli)', 'Weather (55 voli)', 'NAS (39 voli)']"
RDU,1,3331,-3.39,-7.65,528,32.44,27.56,334,162.75,160.31,"['NAS (538 voli)', 'Late Aircraft (519 voli)', 'Carrier (498 voli)']"
RDU,2,3557,-3.69,-9.22,362,29.38,22.59,156,155.93,148.59,"['NAS (325 voli)', 'Late Aircraft (279 voli)', 'Carrier (263 voli)']"
RDU,3,3764,-2.69,-8.93,604,30.51,23.14,304,173.9,170.82,"['Late Aircraft (506 voli)', 'Carrier (454 voli)', 'NAS (450 voli)']"
RDU,4,4011,-3.02,-7.08,545,31.03,28.21,333,161.39,158.95,"['NAS (563 voli)', 'Late Aircraft (555 voli)', 'Carrier (448 voli)']"
RDU,5,4081,-2.5,-5.49,742,32.22,29.74,540,147.99,148.12,"['NAS (825 voli)', 'Late Aircraft (813 voli)', 'Carrier (690 voli)']"
RDU,6,4039,-2.23,-7.48,801,32.41,28.13,469,158.61,154.06,"['Carrier (710 voli)', 'Late Aircraft (694 voli)', 'NAS (673 voli)']"
RDU,7,3690,-2.78,-7.13,938,32.69,30.51,717,153.77,152.03,"['Late Aircraft (1011 voli)', 'Carrier (989 voli)', 'NAS (893 voli)']"
RDU,8,3883,-2.82,-8.08,772,32.25,28.1,585,183.91,180.04,"['Late Aircraft (828 voli)', 'NAS (780 voli)', 'Carrier (692 voli)']"
RDU,9,4165,-3.87,-8.32,473,30.65,24.52,279,152.02,146.12,"['NAS (464 voli)', 'Late Aircraft (424 voli)', 'Carrier (390 voli)']"
RDU,10,4473,-3.34,-8.85,474,29.97,22.42,192,162.63,155.89,"['NAS (399 voli)', 'Carrier (369 voli)', 'Late Aircraft (339 voli)']"
RDU,11,4231,-4.12,-9.51,426,31.05,23.33,212,142.65,136.59,"['NAS (423 voli)', 'Late Aircraft (304 voli)', 'Carrier (291 voli)']"
RDU,12,3833,-2.37,-7.95,650,30.86,22.46,305,130.7,124.63,"['NAS (537 voli)', 'Late Aircraft (503 voli)', 'Carrier (485 voli)']"
RFD,1,47,-5.17,-5.72,8,32.0,24.63,2,664.0,654.5,"['NAS (9 voli)', 'Carrier (3 voli)', 'Late Aircraft (3 voli)']"
RFD,2,45,-3.27,-12.89,9,31.56,19.0,4,73.75,73.5,"['NAS (8 voli)', 'Late Aircraft (7 voli)', 'Carrier (6 voli)']"
RFD,3,52,-6.73,-13.5,15,38.6,41.07,8,262.75,294.29,"['NAS (13 voli)', 'Late Aircraft (10 voli)', 'Carrier (4 voli)']"
RFD,4,38,-5.79,-16.53,3,39.33,30.0,7,300.71,294.57,"['Late Aircraft (6 voli)', 'NAS (5 voli)', 'Carrier (3 voli)']"
RFD,5,40,-6.15,-10.38,12,31.92,30.5,5,110.2,114.8,"['Late Aircraft (12 voli)', 'Carrier (8 voli)', 'NAS (8 voli)']"
RFD,6,48,-5.56,-9.75,11,28.09,26.82,5,209.4,206.6,"['Late Aircraft (10 voli)', 'NAS (9 voli)', 'Carrier (7 voli)']"
RFD,7,50,-1.32,-3.26,12,32.75,27.83,13,134.92,137.85,"['Late Aircraft (17 voli)', 'NAS (17 voli)', 'Carrier (10 voli)']"
RFD,8,39,-5.38,-5.26,8,35.0,28.75,10,116.9,117.1,"['Late Aircraft (12 voli)', 'Carrier (11 voli)', 'NAS (6 voli)']"
RFD,9,48,-5.6,-9.54,3,27.0,15.33,6,565.0,565.67,"['Carrier (6 voli)', 'NAS (5 voli)', 'Late Aircraft (2 voli)']"
RFD,10,42,-2.98,-8.0,12,32.75,34.08,6,132.33,129.67,"['Late Aircraft (16 voli)', 'Carrier (13 voli)', 'NAS (11 voli)']"
RFD,11,44,-6.27,-8.98,10,26.9,26.0,2,213.0,208.0,"['Carrier (7 voli)', 'Late Aircraft (7 voli)', 'NAS (5 voli)']"
RFD,12,60,-2.62,-10.14,9,30.67,21.56,8,285.75,281.88,"['Late Aircraft (10 voli)', 'Carrier (8 voli)', 'NAS (7 voli)']"
RHI,1,41,-4.76,-14.54,5,28.4,12.0,4,133.0,115.75,"['Carrier (5 voli)', 'Weather (3 voli)', 'NAS (1 voli)']"
RHI,2,34,-8.06,-13.74,2,25.0,28.0,3,172.0,149.0,"['Carrier (3 voli)', 'NAS (1 voli)', 'Weather (1 voli)']"
RHI,3,17,-3.24,-15.71,2,26.0,-2.5,3,83.67,61.67,"['Carrier (2 voli)', 'Weather (2 voli)', 'NAS (1 voli)']"
RHI,4,23,-7.91,-19.39,4,30.5,12.5,1,234.0,224.0,"['Weather (2 voli)', 'Carrier (1 voli)']"
RHI,5,50,-7.58,-19.32,2,45.0,32.5,3,117.67,105.33,"['Carrier (4 voli)', 'NAS (1 voli)', 'Weather (1 voli)']"
RHI,6,56,-6.41,-0.05,12,34.83,49.25,12,152.25,153.17,"['Carrier (29 voli)', 'NAS (18 voli)', 'Weather (9 voli)']"
RHI,7,56,-2.77,-5.32,20,36.5,43.95,11,119.73,116.82,"['NAS (20 voli)', 'Carrier (19 voli)', 'Weather (17 voli)']"
RHI,8,70,-5.09,-7.94,19,33.95,34.89,3,145.33,144.67,"['Carrier (13 voli)', 'NAS (12 voli)', 'Weather (12 voli)']"
RHI,9,51,-7.59,-14.0,4,20.75,21.75,2,266.0,259.0,"['NAS (4 voli)', 'Weather (3 voli)', 'Carrier (1 voli)']"
RHI,10,31,-5.61,-24.13,3,31.33,18.67,4,118.0,95.0,"['Carrier (6 voli)']"
RHI,11,27,-6.37,-20.19,4,36.5,23.75,3,83.33,69.0,"['Carrier (4 voli)', 'Weather (1 voli)']"
RHI,12,25,-4.64,-14.56,6,30.83,20.5,10,233.1,231.4,"['Carrier (16 voli)', 'NAS (7 voli)', 'Weather (2 voli)']"
RIC,1,998,-4.08,-6.27,162,32.22,30.03,93,209.28,208.05,"['NAS (214 voli)', 'Late Aircraft (142 voli)', 'Carrier (140 voli)']"
RIC,2,1033,-3.52,-7.76,127,29.64,22.37,58,178.81,170.64,"['NAS (129 voli)', 'Carrier (93 voli)', 'Late Aircraft (87 voli)']"
RIC,3,1112,-3.23,-8.15,180,33.17,27.98,104,159.35,157.36,"['NAS (164 voli)', 'Late Aircraft (149 voli)', 'Carrier (140 voli)']"
RIC,4,1219,-3.48,-7.42,190,31.81,25.17,102,155.93,152.71,"['NAS (163 voli)', 'Carrier (154 voli)', 'Late Aircraft (144 voli)']"
RIC,5,1316,-2.87,-7.96,244,32.82,27.29,159,177.13,177.58,"['NAS (227 voli)', 'Late Aircraft (208 voli)', 'Carrier (189 voli)']"
RIC,6,1197,-2.44,-8.83,216,31.32,23.57,148,176.68,173.18,"['Carrier (192 voli)', 'NAS (185 voli)', 'Late Aircraft (177 voli)']"
RIC,7,1060,-2.1,-7.83,274,33.36,29.52,198,171.21,167.74,"['Carrier (301 voli)', 'Late Aircraft (270 voli)', 'NAS (237 voli)']"
RIC,8,1131,-2.8,-7.59,216,31.32,26.49,120,162.35,157.87,"['NAS (205 voli)', 'Late Aircraft (188 voli)', 'Carrier (181 voli)']"
RIC,9,1264,-3.83,-8.55,120,31.07,26.17,53,141.19,140.91,"['NAS (110 voli)', 'Carrier (89 voli)', 'Late Aircraft (77 voli)']"
RIC,10,1384,-3.81,-9.67,125,31.02,23.32,36,187.28,178.78,"['NAS (90 voli)', 'Late Aircraft (71 voli)', 'Carrier (64 voli)']"
RIC,11,1233,-3.75,-9.96,130,29.9,19.91,51,128.14,120.12,"['Carrier (93 voli)', 'NAS (90 voli)', 'Late Aircraft (59 voli)']"
RIC,12,1125,-2.02,-8.28,245,30.62,23.47,97,129.68,123.63,"['Carrier (179 voli)', 'NAS (161 voli)', 'Late Aircraft (154 voli)']"
RIW,1,34,-6.44,-6.35,0,NULL,NULL,3,199.0,184.0,"['Carrier (2 voli)', 'Late Aircraft (2 voli)', 'NAS (2 voli)']"
RIW,2,29,-7.1,-9.04,5,29.6,19.4,1,321.0,317.0,"['Carrier (5 voli)', 'Weather (3 voli)', 'NAS (1 voli)']"
RIW,3,35,-6.17,-15.0,1,21.0,-3.0,1,529.0,514.0,"['Weather (2 voli)', 'Carrier (1 voli)']"
RIW,4,33,-7.55,-12.64,1,54.0,46.0,4,244.5,247.75,"['Carrier (3 voli)', 'NAS (2 voli)', 'Late Aircraft (1 voli)']"
RIW,5,36,-5.33,-12.86,1,28.0,6.0,2,584.0,584.0,"['NAS (2 voli)', 'Carrier (1 voli)', 'Late Aircraft (1 voli)']"
RIW,6,52,-6.87,-11.8,3,31.33,36.0,2,214.0,217.5,"['Carrier (5 voli)', 'NAS (4 voli)', 'Late Aircraft (2 voli)']"
RIW,7,56,-7.07,-9.39,2,44.0,45.5,4,148.5,150.5,"['NAS (5 voli)', 'Carrier (4 voli)', 'Late Aircraft (4 voli)']"
RIW,8,51,-5.1,-5.31,4,42.75,53.0,7,319.14,324.71,"['NAS (12 voli)', 'Late Aircraft (6 voli)', 'Carrier (5 voli)']"
RIW,9,53,-5.32,-10.11,2,25.0,20.5,5,162.8,169.8,"['NAS (6 voli)', 'Late Aircraft (5 voli)', 'Carrier (2 voli)']"
RIW,10,55,-7.25,-4.85,4,22.75,28.0,3,325.67,326.33,"['Carrier (6 voli)', 'Late Aircraft (4 voli)', 'NAS (4 voli)']"
RIW,11,47,-4.47,-6.77,4,22.5,10.75,4,317.25,314.25,"['Carrier (4 voli)', 'Late Aircraft (4 voli)', 'NAS (4 voli)']"
RIW,12,57,-6.23,-15.89,3,21.0,7.33,1,124.0,111.0,"['Carrier (2 voli)', 'Late Aircraft (1 voli)']"
RKS,1,33,-3.7,-5.82,1,26.0,11.0,2,176.0,176.0,"['NAS (4 voli)', 'Late Aircraft (2 voli)', 'Carrier (1 voli)']"
RKS,2,29,-3.0,-8.18,1,16.0,7.0,2,136.0,128.5,"['NAS (2 voli)', 'Weather (2 voli)', 'Carrier (1 voli)']"
RKS,3,32,-3.72,-11.69,0,NULL,NULL,3,321.0,303.0,"['Weather (3 voli)', 'NAS (2 voli)', 'Carrier (1 voli)']"
RKS,4,33,-4.58,-11.82,3,23.67,22.0,2,188.0,188.0,"['NAS (4 voli)', 'Late Aircraft (3 voli)', 'Carrier (2 voli)']"
RKS,5,34,-4.56,-12.32,1,57.0,55.0,5,369.2,364.2,"['Carrier (4 voli)', 'NAS (3 voli)', 'Late Aircraft (1 voli)']"
RKS,6,59,-7.12,-9.58,0,NULL,NULL,1,149.0,154.0,"['Carrier (1 voli)', 'NAS (1 voli)']"
RKS,7,54,-5.41,-8.85,1,37.0,30.0,6,217.5,218.83,"['Carrier (8 voli)', 'NAS (5 voli)', 'Late Aircraft (2 voli)']"
RKS,8,55,-5.47,-8.84,1,37.0,39.0,6,314.0,334.83,"['Carrier (7 voli)', 'NAS (6 voli)']"
RKS,9,54,-3.83,-8.96,3,26.67,24.67,3,128.33,135.33,"['Carrier (4 voli)', 'NAS (4 voli)', 'Late Aircraft (1 voli)']"
RKS,10,52,-4.19,-8.1,2,33.5,20.0,7,454.0,462.0,"['Carrier (8 voli)', 'NAS (6 voli)', 'Late Aircraft (2 voli)']"
RKS,11,39,-3.64,-10.67,3,38.67,44.0,5,121.2,132.2,"['NAS (5 voli)', 'Weather (4 voli)', 'Carrier (3 voli)']"
RKS,12,38,-3.58,-17.66,6,21.83,11.17,3,378.0,369.33,"['Late Aircraft (3 voli)', 'NAS (2 voli)', 'Weather (1 voli)']"
RNO,1,1187,-3.15,-9.34,179,29.82,24.17,107,159.72,157.55,"['NAS (129 voli)', 'Late Aircraft (125 voli)', 'Carrier (110 voli)']"
RNO,2,1116,-2.73,-8.25,151,31.59,28.91,112,169.75,174.49,"['NAS (171 voli)', 'Late Aircraft (132 voli)', 'Carrier (98 voli)']"
RNO,3,1310,-3.21,-6.16,213,32.2,33.16,123,160.15,162.29,"['NAS (268 voli)', 'Late Aircraft (172 voli)', 'Carrier (120 voli)']"
RNO,4,1344,-4.26,-8.01,186,31.38,28.62,85,175.82,178.19,"['NAS (170 voli)', 'Late Aircraft (136 voli)', 'Carrier (110 voli)']"
RNO,5,1399,-3.7,-9.17,173,32.15,27.55,107,165.74,165.12,"['Late Aircraft (149 voli)', 'NAS (133 voli)', 'Carrier (118 voli)']"
RNO,6,1421,-3.06,-8.58,245,31.49,24.29,100,156.02,149.93,"['Late Aircraft (200 voli)', 'Carrier (159 voli)', 'NAS (133 voli)']"
RNO,7,1444,-2.99,-7.37,258,31.31,26.8,170,168.22,165.24,"['Late Aircraft (265 voli)', 'Carrier (259 voli)', 'NAS (177 voli)']"
RNO,8,1541,-3.07,-7.54,245,30.23,24.78,127,126.88,122.86,"['Late Aircraft (230 voli)', 'Carrier (175 voli)', 'NAS (170 voli)']"
RNO,9,1581,-3.04,-6.66,189,31.4,27.5,88,135.23,130.82,"['Late Aircraft (159 voli)', 'NAS (154 voli)', 'Carrier (129 voli)']"
RNO,10,1593,-3.52,-6.98,179,31.97,29.32,64,125.06,124.39,"['NAS (155 voli)', 'Carrier (123 voli)', 'Late Aircraft (122 voli)']"
RNO,11,1465,-4.09,-7.94,136,31.3,29.03,75,175.2,172.19,"['NAS (141 voli)', 'Carrier (117 voli)', 'Late Aircraft (101 voli)']"
RNO,12,1414,-3.27,-7.47,205,29.75,23.28,103,134.22,128.6,"['Carrier (180 voli)', 'Late Aircraft (138 voli)', 'NAS (123 voli)']"
ROA,1,176,-4.09,-7.91,29,36.24,38.24,31,202.42,203.29,"['Late Aircraft (41 voli)', 'Carrier (35 voli)', 'NAS (34 voli)']"
ROA,2,200,-3.43,-6.27,21,28.52,21.95,4,281.0,275.75,"['NAS (15 voli)', 'Carrier (14 voli)', 'Late Aircraft (12 voli)']"
ROA,3,189,-2.57,-6.68,23,28.35,27.09,7,193.43,184.14,"['Carrier (21 voli)', 'NAS (17 voli)', 'Late Aircraft (13 voli)']"
ROA,4,185,-4.58,-9.29,26,29.92,28.54,10,302.1,292.6,"['Late Aircraft (20 voli)', 'NAS (19 voli)', 'Carrier (18 voli)']"
ROA,5,191,-2.19,-6.94,31,30.61,29.03,18,189.11,195.83,"['NAS (32 voli)', 'Carrier (29 voli)', 'Late Aircraft (27 voli)']"
ROA,6,165,-2.95,-7.59,33,31.94,27.18,27,250.19,246.67,"['Carrier (34 voli)', 'Late Aircraft (25 voli)', 'NAS (22 voli)']"
ROA,7,154,-2.68,-7.76,32,36.81,40.47,29,154.41,145.79,"['Carrier (43 voli)', 'NAS (39 voli)', 'Late Aircraft (28 voli)']"
ROA,8,194,-4.55,-8.98,22,27.91,27.5,20,190.25,182.8,"['NAS (32 voli)', 'Carrier (24 voli)', 'Late Aircraft (14 voli)']"
ROA,9,186,-3.94,-8.85,15,30.2,26.87,10,206.0,199.4,"['Carrier (18 voli)', 'Late Aircraft (16 voli)', 'NAS (8 voli)']"
ROA,10,228,-4.79,-8.96,35,30.23,27.74,9,254.78,251.44,"['Carrier (29 voli)', 'NAS (25 voli)', 'Late Aircraft (25 voli)']"
ROA,11,243,-4.05,-7.65,25,28.32,22.28,19,124.74,119.63,"['Carrier (29 voli)', 'NAS (25 voli)', 'Late Aircraft (23 voli)']"
ROA,12,149,-1.22,-8.29,52,30.38,28.37,30,185.77,175.73,"['Carrier (50 voli)', 'Late Aircraft (49 voli)', 'NAS (28 voli)']"
ROC,1,664,-2.24,-7.95,129,31.09,30.08,83,163.69,169.48,"['NAS (161 voli)', 'Late Aircraft (132 voli)', 'Carrier (116 voli)']"
ROC,2,669,-2.65,-12.88,76,29.5,21.37,46,200.02,196.36,"['Carrier (67 voli)', 'NAS (66 voli)', 'Late Aircraft (57 voli)']"
ROC,3,749,-3.46,-10.99,75,29.23,22.83,45,149.24,149.61,"['NAS (74 voli)', 'Late Aircraft (64 voli)', 'Carrier (46 voli)']"
ROC,4,776,-3.49,-10.31,93,29.03,21.08,49,176.27,172.39,"['Late Aircraft (78 voli)', 'Carrier (74 voli)', 'NAS (72 voli)']"
ROC,5,804,-3.29,-9.33,127,31.53,26.41,75,154.28,153.04,"['Late Aircraft (107 voli)', 'NAS (105 voli)', 'Carrier (92 voli)']"
ROC,6,771,-3.27,-9.98,125,30.5,23.5,75,144.36,138.55,"['Late Aircraft (105 voli)', 'NAS (96 voli)', 'Carrier (91 voli)']"
ROC,7,778,-1.96,-7.44,156,30.7,24.72,130,167.92,166.23,"['Carrier (173 voli)', 'Late Aircraft (159 voli)', 'NAS (158 voli)']"
ROC,8,728,-1.86,-5.79,163,28.64,23.61,110,155.49,154.85,"['NAS (179 voli)', 'Carrier (150 voli)', 'Late Aircraft (147 voli)']"
ROC,9,905,-4.09,-9.0,83,29.04,23.73,37,176.08,171.7,"['NAS (71 voli)', 'Carrier (67 voli)', 'Late Aircraft (50 voli)']"
ROC,10,903,-3.73,-10.27,100,27.21,22.23,25,152.32,150.88,"['Carrier (72 voli)', 'Late Aircraft (63 voli)', 'NAS (60 voli)']"
ROC,11,768,-3.7,-10.98,88,30.31,22.43,32,113.88,106.09,"['Carrier (62 voli)', 'Late Aircraft (54 voli)', 'NAS (54 voli)']"
ROC,12,695,-1.37,-5.27,167,30.16,24.76,82,153.98,151.56,"['NAS (170 voli)', 'Carrier (146 voli)', 'Late Aircraft (115 voli)']"
ROW,1,44,-6.89,-9.41,4,34.25,27.5,9,201.89,198.33,"['Carrier (12 voli)', 'NAS (7 voli)', 'Weather (4 voli)']"
ROW,2,51,-2.29,-8.71,0,NULL,NULL,6,229.67,227.17,"['Carrier (6 voli)', 'NAS (5 voli)', 'Weather (4 voli)']"
ROW,3,49,-2.73,-11.35,8,24.25,16.0,5,152.2,147.0,"['NAS (8 voli)', 'Carrier (6 voli)', 'Late Aircraft (3 voli)']"
ROW,4,47,-3.55,-8.04,9,28.44,24.78,3,274.67,276.0,"['NAS (8 voli)', 'Carrier (6 voli)', 'Late Aircraft (4 voli)']"
ROW,5,62,-4.53,-7.73,7,39.71,33.71,11,181.45,174.55,"['Weather (14 voli)', 'Carrier (12 voli)', 'NAS (5 voli)']"
ROW,6,65,-4.22,-7.77,11,38.73,38.55,14,263.29,267.85,"['Carrier (16 voli)', 'NAS (12 voli)', 'Weather (5 voli)']"
ROW,7,68,-4.31,-6.46,8,28.13,20.38,15,205.13,201.0,"['Carrier (12 voli)', 'NAS (8 voli)', 'Late Aircraft (5 voli)']"
ROW,8,75,-5.93,-11.27,6,33.17,27.33,10,304.2,300.9,"['Carrier (12 voli)', 'NAS (4 voli)', 'Weather (3 voli)']"
ROW,9,74,-4.58,-3.89,9,30.11,31.67,7,167.43,167.0,"['NAS (10 voli)', 'Carrier (7 voli)', 'Late Aircraft (6 voli)']"
ROW,10,67,-4.45,-8.4,13,34.92,32.85,8,222.13,215.75,"['Carrier (18 voli)', 'NAS (7 voli)', 'Weather (7 voli)']"
ROW,11,59,-4.07,-6.37,16,29.44,31.88,8,125.13,126.38,"['Carrier (17 voli)', 'NAS (14 voli)', 'Weather (9 voli)']"
ROW,12,66,-4.91,-6.76,9,33.89,28.22,8,106.0,102.88,"['Carrier (11 voli)', 'Weather (9 voli)', 'NAS (4 voli)']"
RST,1,59,-3.8,-12.8,2,36.0,23.0,9,133.44,121.11,"['Weather (6 voli)', 'Late Aircraft (5 voli)', 'Carrier (5 voli)']"
RST,2,81,-5.2,-16.23,5,27.0,7.4,3,80.33,66.33,"['NAS (1 voli)', 'Carrier (1 voli)', 'Late Aircraft (1 voli)']"
RST,3,122,-5.12,-14.17,13,27.77,23.69,10,160.9,156.9,"['Carrier (10 voli)', 'NAS (9 voli)', 'Weather (7 voli)']"
RST,4,100,-3.97,-6.8,15,27.6,21.87,9,187.0,190.56,"['Carrier (15 voli)', 'NAS (11 voli)', 'Late Aircraft (6 voli)']"
RST,5,109,-4.43,-6.58,16,34.44,32.06,18,134.5,136.17,"['Carrier (23 voli)', 'NAS (18 voli)', 'Weather (10 voli)']"
RST,6,64,-4.59,-8.25,15,32.0,35.93,15,159.67,159.0,"['NAS (20 voli)', 'Carrier (13 voli)', 'Late Aircraft (9 voli)']"
RST,7,95,-5.24,-6.33,12,27.25,31.58,15,205.2,211.73,"['NAS (18 voli)', 'Late Aircraft (14 voli)', 'Carrier (12 voli)']"
RST,8,98,-4.12,-3.43,14,30.5,33.71,5,85.4,88.5,"['NAS (17 voli)', 'Late Aircraft (17 voli)', 'Carrier (6 voli)']"
RST,9,119,-6.02,-9.51,13,34.15,35.69,5,265.4,258.8,"['Carrier (14 voli)', 'NAS (10 voli)', 'Late Aircraft (9 voli)']"
RST,10,117,-5.56,-13.33,10,27.6,26.0,2,116.0,105.0,"['Carrier (8 voli)', 'NAS (5 voli)', 'Late Aircraft (4 voli)']"
RST,11,80,-5.16,-10.96,6,33.67,34.17,4,155.25,154.25,"['Carrier (6 voli)', 'NAS (5 voli)', 'Weather (3 voli)']"
RST,12,69,-4.77,-9.59,11,31.82,22.45,15,182.2,174.0,"['Carrier (19 voli)', 'Weather (9 voli)', 'NAS (6 voli)']"
RSW,1,2648,-3.75,-8.94,535,32.27,25.33,337,138.98,134.28,"['Late Aircraft (581 voli)', 'Carrier (479 voli)', 'NAS (404 voli)']"
RSW,2,3108,-4.46,-5.59,400,31.44,28.58,186,160.45,151.81,"['NAS (444 voli)', 'Late Aircraft (404 voli)', 'Carrier (332 voli)']"
RSW,3,3187,-3.24,-6.36,719,31.63,29.81,475,150.04,148.07,"['Late Aircraft (804 voli)', 'NAS (714 voli)', 'Carrier (670 voli)']"
RSW,4,2790,-3.91,-7.71,346,30.79,26.14,251,160.24,154.58,"['Late Aircraft (373 voli)', 'NAS (323 voli)', 'Carrier (315 voli)']"
RSW,5,1940,-3.01,-5.41,353,33.22,33.14,268,133.4,135.73,"['Late Aircraft (444 voli)', 'NAS (415 voli)', 'Carrier (263 voli)']"
RSW,6,1543,-3.14,-7.82,243,32.4,29.85,198,192.11,187.56,"['Late Aircraft (305 voli)', 'NAS (233 voli)', 'Carrier (184 voli)']"
RSW,7,1298,-3.0,-6.39,354,33.23,30.43,270,148.48,147.41,"['Late Aircraft (435 voli)', 'NAS (337 voli)', 'Carrier (279 voli)']"
RSW,8,1335,-3.82,-6.81,265,32.34,30.51,192,184.01,181.26,"['Late Aircraft (311 voli)', 'NAS (271 voli)', 'Carrier (204 voli)']"
RSW,9,1464,-5.33,-9.24,149,28.77,25.17,66,155.32,148.4,"['Late Aircraft (127 voli)', 'NAS (126 voli)', 'Weather (85 voli)']"
RSW,10,1841,-6.11,-11.76,149,29.56,21.9,74,169.12,162.32,"['Weather (176 voli)', 'Late Aircraft (130 voli)', 'NAS (105 voli)']"
RSW,11,2445,-5.28,-10.45,202,31.9,26.16,101,139.6,136.43,"['NAS (176 voli)', 'Late Aircraft (171 voli)', 'Carrier (136 voli)']"
RSW,12,2531,-4.44,-8.21,472,32.34,30.04,353,168.94,166.54,"['Late Aircraft (605 voli)', 'NAS (474 voli)', 'Carrier (408 voli)']"
SAF,1,106,-7.25,-2.58,8,28.88,44.63,7,137.0,143.71,"['Carrier (18 voli)', 'NAS (14 voli)', 'Weather (8 voli)']"
SAF,2,97,-7.98,-8.46,4,24.0,21.25,7,188.0,183.0,"['Carrier (11 voli)', 'Late Aircraft (4 voli)', 'NAS (3 voli)']"
SAF,3,100,-6.03,-4.88,11,37.64,37.36,6,160.33,159.0,"['Carrier (15 voli)', 'NAS (11 voli)', 'Weather (10 voli)']"
SAF,4,135,-6.47,-4.19,16,38.56,35.13,13,232.38,227.23,"['NAS (22 voli)', 'Carrier (14 voli)', 'Weather (9 voli)']"
SAF,5,162,-6.22,-8.88,15,35.93,29.6,32,172.88,168.09,"['Weather (28 voli)', 'Carrier (20 voli)', 'Late Aircraft (13 voli)']"
SAF,6,220,-6.26,-10.51,27,34.52,28.33,46,143.35,138.87,"['NAS (39 voli)', 'Carrier (38 voli)', 'Late Aircraft (15 voli)']"
SAF,7,229,-7.45,-11.16,38,35.24,32.79,28,152.04,145.64,"['Carrier (30 voli)', 'NAS (19 voli)', 'Late Aircraft (16 voli)']"
SAF,8,247,-6.89,-12.11,26,29.73,26.36,29,142.1,136.66,"['Carrier (28 voli)', 'NAS (21 voli)', 'Late Aircraft (13 voli)']"
SAF,9,267,-6.79,-9.49,27,34.07,31.7,20,118.3,114.85,"['Carrier (37 voli)', 'NAS (27 voli)', 'Late Aircraft (14 voli)']"
SAF,10,250,-7.15,-14.33,46,33.83,25.3,21,117.52,105.81,"['Carrier (38 voli)', 'Late Aircraft (17 voli)', 'NAS (8 voli)']"
SAF,11,193,-6.37,-11.38,26,31.54,30.5,35,226.49,230.23,"['Weather (35 voli)', 'NAS (31 voli)', 'Carrier (27 voli)']"
SAF,12,184,-4.65,-14.98,28,30.0,15.46,24,205.88,199.0,"['Carrier (18 voli)', 'Late Aircraft (12 voli)', 'NAS (12 voli)']"
SAN,1,5396,-2.67,-6.7,820,30.0,25.36,363,135.65,130.54,"['Carrier (850 voli)', 'Late Aircraft (675 voli)', 'NAS (638 voli)']"
SAN,2,4988,-2.51,-8.25,865,30.88,24.53,352,134.69,129.13,"['NAS (628 voli)', 'Late Aircraft (619 voli)', 'Carrier (467 voli)']"
SAN,3,5749,-2.09,-6.52,1118,32.1,27.38,479,130.13,126.8,"['NAS (898 voli)', 'Late Aircraft (881 voli)', 'Carrier (619 voli)']"
SAN,4,5816,-2.19,-7.14,1069,31.11,25.73,460,141.28,139.59,"['NAS (861 voli)', 'Late Aircraft (827 voli)', 'Carrier (604 voli)']"
SAN,5,5866,-2.1,-6.61,1271,31.91,26.33,536,147.59,142.73,"['Late Aircraft (1053 voli)', 'NAS (871 voli)', 'Carrier (731 voli)']"
SAN,6,5953,-1.36,-4.58,1530,31.6,29.38,669,136.24,135.66,"['Late Aircraft (1433 voli)', 'NAS (1270 voli)', 'Carrier (1070 voli)']"
SAN,7,6033,-1.75,-3.67,1611,31.73,30.07,805,140.11,138.36,"['Late Aircraft (1640 voli)', 'NAS (1404 voli)', 'Carrier (1372 voli)']"
SAN,8,6788,-2.63,-3.95,1187,30.54,29.75,456,128.31,127.32,"['NAS (1205 voli)', 'Late Aircraft (1097 voli)', 'Carrier (803 voli)']"
SAN,9,6352,-2.95,-5.45,1006,31.68,30.04,394,119.87,118.24,"['NAS (1074 voli)', 'Late Aircraft (945 voli)', 'Carrier (580 voli)']"
SAN,10,6297,-2.48,-2.99,1240,31.9,34.35,630,144.1,147.86,"['NAS (1665 voli)', 'Late Aircraft (1351 voli)', 'Carrier (855 voli)']"
SAN,11,6136,-2.71,-6.42,1021,30.61,27.7,428,133.56,132.71,"['NAS (918 voli)', 'Late Aircraft (879 voli)', 'Carrier (587 voli)']"
SAN,12,5589,-2.1,-4.25,1239,31.98,32.01,888,173.14,176.39,"['NAS (1482 voli)', 'Late Aircraft (1357 voli)', 'Carrier (1008 voli)']"
SAT,1,2527,-3.1,-8.16,386,32.0,25.62,196,162.82,159.55,"['Late Aircraft (347 voli)', 'Carrier (308 voli)', 'NAS (276 voli)']"
SAT,2,2605,-4.15,-7.58,273,28.77,24.83,102,163.09,159.12,"['NAS (243 voli)', 'Late Aircraft (202 voli)', 'Carrier (172 voli)']"
SAT,3,2660,-2.8,-8.42,471,32.15,25.19,217,150.28,147.7,"['Late Aircraft (435 voli)', 'NAS (302 voli)', 'Carrier (286 voli)']"
SAT,4,2678,-2.92,-8.41,423,30.23,23.9,221,166.62,168.29,"['Late Aircraft (363 voli)', 'Carrier (286 voli)', 'NAS (281 voli)']"
SAT,5,2569,-1.87,-6.2,511,31.16,27.31,330,158.0,157.18,"['Late Aircraft (526 voli)', 'NAS (458 voli)', 'Carrier (427 voli)']"
SAT,6,2656,-1.95,-6.68,540,30.86,25.99,291,156.69,151.87,"['Late Aircraft (472 voli)', 'Carrier (399 voli)', 'NAS (362 voli)']"
SAT,7,2546,-2.13,-5.99,600,31.5,28.54,456,158.24,155.59,"['Late Aircraft (702 voli)', 'Carrier (592 voli)', 'NAS (523 voli)']"
SAT,8,2937,-3.9,-8.99,395,30.76,26.53,219,154.19,149.74,"['Late Aircraft (336 voli)', 'NAS (289 voli)', 'Carrier (251 voli)']"
SAT,9,2898,-3.93,-9.46,317,30.76,23.98,146,172.64,164.33,"['Late Aircraft (266 voli)', 'Carrier (197 voli)', 'NAS (192 voli)']"
SAT,10,3196,-3.35,-8.9,324,29.81,21.51,132,164.16,153.08,"['Late Aircraft (252 voli)', 'Carrier (236 voli)', 'NAS (192 voli)']"
SAT,11,2870,-3.51,-8.95,293,30.31,23.12,130,162.28,157.2,"['Carrier (207 voli)', 'Late Aircraft (193 voli)', 'NAS (176 voli)']"
SAT,12,2742,-2.7,-8.02,417,30.16,24.98,209,158.56,156.86,"['Late Aircraft (369 voli)', 'Carrier (309 voli)', 'NAS (274 voli)']"
SAV,1,1018,-3.92,-10.62,153,32.53,24.77,89,205.35,200.98,"['Late Aircraft (136 voli)', 'Carrier (123 voli)', 'NAS (98 voli)']"
SAV,2,1118,-4.71,-11.25,95,30.97,23.48,39,155.36,148.59,"['Late Aircraft (69 voli)', 'Carrier (67 voli)', 'NAS (45 voli)']"
SAV,3,1288,-3.4,-9.44,176,29.57,23.19,80,140.18,136.3,"['Late Aircraft (158 voli)', 'Carrier (120 voli)', 'NAS (100 voli)']"
SAV,4,1347,-3.21,-7.23,213,29.62,25.19,77,169.0,163.66,"['Late Aircraft (180 voli)', 'Carrier (171 voli)', 'NAS (161 voli)']"
SAV,5,1315,-2.59,-6.21,274,32.24,27.12,169,157.88,157.45,"['Late Aircraft (282 voli)', 'NAS (224 voli)', 'Carrier (218 voli)']"
SAV,6,1325,-2.8,-8.89,218,29.6,24.05,100,151.28,147.74,"['Carrier (166 voli)', 'Late Aircraft (154 voli)', 'NAS (154 voli)']"
SAV,7,1099,-2.93,-8.06,302,31.99,28.45,229,178.2,176.98,"['Late Aircraft (322 voli)', 'Carrier (300 voli)', 'NAS (222 voli)']"
SAV,8,1211,-3.78,-8.93,185,31.78,27.31,126,166.05,165.28,"['Late Aircraft (189 voli)', 'NAS (175 voli)', 'Carrier (157 voli)']"
SAV,9,1236,-3.39,-8.92,138,29.9,23.48,80,142.74,139.25,"['Carrier (125 voli)', 'Late Aircraft (106 voli)', 'NAS (92 voli)']"
SAV,10,1458,-3.49,-9.57,167,29.77,21.96,46,165.54,157.41,"['Late Aircraft (110 voli)', 'Carrier (107 voli)', 'NAS (79 voli)']"
SAV,11,1352,-3.39,-8.82,163,29.89,25.37,73,159.75,158.34,"['Carrier (125 voli)', 'NAS (125 voli)', 'Late Aircraft (105 voli)']"
SAV,12,1213,-2.26,-6.77,244,32.03,27.74,119,160.39,157.75,"['Carrier (217 voli)', 'Late Aircraft (205 voli)', 'NAS (195 voli)']"
SBA,1,445,-5.08,-7.65,52,31.79,27.83,37,150.32,143.78,"['Late Aircraft (53 voli)', 'NAS (47 voli)', 'Carrier (36 voli)']"
SBA,2,364,-4.41,-9.14,66,30.95,30.06,39,173.13,172.23,"['NAS (86 voli)', 'Late Aircraft (45 voli)', 'Carrier (44 voli)']"
SBA,3,427,-4.75,-8.51,68,32.76,29.84,51,169.14,172.69,"['NAS (83 voli)', 'Late Aircraft (59 voli)', 'Carrier (29 voli)']"
SBA,4,411,-4.3,-6.86,62,34.66,33.66,67,234.39,232.21,"['NAS (80 voli)', 'Late Aircraft (63 voli)', 'Carrier (41 voli)']"
SBA,5,532,-4.78,-8.99,67,33.18,28.67,42,127.21,122.55,"['Late Aircraft (58 voli)', 'NAS (58 voli)', 'Carrier (42 voli)']"
SBA,6,541,-3.36,-8.43,65,28.95,23.78,41,151.1,146.9,"['Carrier (53 voli)', 'Late Aircraft (52 voli)', 'NAS (45 voli)']"
SBA,7,619,-4.14,-9.47,62,33.73,30.05,55,166.78,162.64,"['Carrier (64 voli)', 'Late Aircraft (55 voli)', 'NAS (53 voli)']"
SBA,8,598,-5.12,-9.34,58,27.34,22.24,23,180.96,176.96,"['NAS (45 voli)', 'Carrier (44 voli)', 'Late Aircraft (34 voli)']"
SBA,9,542,-5.75,-11.2,59,29.36,25.66,29,230.17,223.34,"['Late Aircraft (42 voli)', 'Carrier (30 voli)', 'NAS (28 voli)']"
SBA,10,539,-4.86,-9.9,60,31.57,26.7,36,206.06,207.08,"['Late Aircraft (49 voli)', 'NAS (42 voli)', 'Carrier (29 voli)']"
SBA,11,537,-5.06,-11.57,50,30.78,23.3,43,202.0,198.07,"['Late Aircraft (50 voli)', 'NAS (46 voli)', 'Carrier (33 voli)']"
SBA,12,517,-3.9,-9.91,57,30.16,23.54,42,160.36,153.19,"['Late Aircraft (56 voli)', 'Carrier (46 voli)', 'NAS (35 voli)']"
SBN,1,256,-3.03,-5.36,73,33.33,35.82,77,169.7,172.23,"['NAS (99 voli)', 'Weather (97 voli)', 'Carrier (94 voli)']"
SBN,2,341,-3.7,-11.74,49,28.45,14.84,25,143.92,133.32,"['Carrier (44 voli)', 'NAS (26 voli)', 'Late Aircraft (20 voli)']"
SBN,3,402,-4.21,-9.27,52,31.6,21.08,29,165.86,164.07,"['Carrier (42 voli)', 'NAS (29 voli)', 'Late Aircraft (16 voli)']"
SBN,4,429,-4.76,-10.06,47,28.47,23.15,34,160.59,161.38,"['Carrier (44 voli)', 'NAS (34 voli)', 'Late Aircraft (29 voli)']"
SBN,5,338,-3.34,-6.72,86,33.51,25.65,85,168.56,165.73,"['Carrier (109 voli)', 'NAS (61 voli)', 'Late Aircraft (61 voli)']"
SBN,6,372,-4.69,-8.12,62,33.16,22.49,48,163.35,157.42,"['Carrier (81 voli)', 'Late Aircraft (27 voli)', 'NAS (27 voli)']"
SBN,7,377,-4.3,-5.02,80,31.66,27.36,70,139.66,139.89,"['Carrier (117 voli)', 'NAS (69 voli)', 'Late Aircraft (37 voli)']"
SBN,8,421,-3.59,-7.8,74,29.5,26.14,66,147.56,138.83,"['Carrier (92 voli)', 'NAS (61 voli)', 'Late Aircraft (46 voli)']"
SBN,9,465,-4.96,-8.47,61,33.46,25.89,33,167.73,165.24,"['Carrier (75 voli)', 'NAS (40 voli)', 'Late Aircraft (24 voli)']"
SBN,10,493,-4.58,-11.72,64,29.45,17.69,30,151.63,144.6,"['Carrier (62 voli)', 'NAS (26 voli)', 'Late Aircraft (17 voli)']"
SBN,11,462,-4.81,-9.57,43,28.74,21.26,43,179.86,176.52,"['Carrier (68 voli)', 'NAS (32 voli)', 'Late Aircraft (24 voli)']"
SBN,12,421,-3.47,-7.56,85,31.58,28.3,61,171.72,168.9,"['Carrier (99 voli)', 'NAS (81 voli)', 'Late Aircraft (61 voli)']"
SBP,1,284,-5.9,-9.14,34,35.38,35.88,23,172.04,170.48,"['Carrier (31 voli)', 'NAS (29 voli)', 'Late Aircraft (27 voli)']"
SBP,2,245,-4.98,-9.62,32,34.94,37.44,26,226.73,225.31,"['NAS (38 voli)', 'Carrier (19 voli)', 'Late Aircraft (14 voli)']"
SBP,3,317,-4.51,-6.94,32,28.5,26.63,25,154.16,152.0,"['NAS (46 voli)', 'Carrier (32 voli)', 'Late Aircraft (16 voli)']"
SBP,4,338,-4.03,-6.26,46,33.26,26.43,17,124.24,122.29,"['Carrier (36 voli)', 'NAS (31 voli)', 'Late Aircraft (25 voli)']"
SBP,5,333,-4.68,-7.3,24,35.88,30.46,29,177.07,179.48,"['NAS (28 voli)', 'Late Aircraft (27 voli)', 'Carrier (24 voli)']"
SBP,6,342,-4.88,-7.37,45,30.4,28.27,23,149.09,153.73,"['NAS (34 voli)', 'Carrier (33 voli)', 'Late Aircraft (26 voli)']"
SBP,7,394,-5.25,-7.09,34,34.41,29.29,34,181.32,176.47,"['Carrier (45 voli)', 'Late Aircraft (34 voli)', 'NAS (25 voli)']"
SBP,8,411,-5.0,-5.8,25,32.48,32.0,34,165.0,166.26,"['Carrier (43 voli)', 'NAS (40 voli)', 'Late Aircraft (31 voli)']"
SBP,9,414,-4.93,-6.21,39,30.26,28.03,27,266.93,262.33,"['Carrier (36 voli)', 'Late Aircraft (27 voli)', 'NAS (27 voli)']"
SBP,10,431,-5.75,-7.0,45,31.44,29.29,37,222.57,221.62,"['Carrier (49 voli)', 'Late Aircraft (45 voli)', 'NAS (43 voli)']"
SBP,11,432,-5.42,-7.54,53,32.62,24.49,27,119.63,119.52,"['Carrier (38 voli)', 'NAS (27 voli)', 'Late Aircraft (26 voli)']"
SBP,12,377,-4.95,-8.73,43,31.16,24.19,58,172.78,170.74,"['Carrier (42 voli)', 'Late Aircraft (40 voli)', 'NAS (39 voli)']"
SCC,1,30,-13.5,-15.47,2,26.5,20.0,4,112.5,119.5,"['Late Aircraft (6 voli)', 'Weather (6 voli)', 'NAS (2 voli)']"
SCC,2,40,-15.75,-14.63,1,22.0,24.0,3,114.67,119.0,"['NAS (5 voli)', 'Late Aircraft (5 voli)', 'Weather (1 voli)']"
SCC,3,42,-11.62,-12.21,1,19.0,20.0,2,116.5,117.0,"['NAS (3 voli)', 'Late Aircraft (2 voli)', 'Carrier (1 voli)']"
SCC,4,38,-14.92,-15.34,5,39.6,42.4,3,152.33,158.67,"['Late Aircraft (9 voli)', 'NAS (7 voli)', 'Carrier (2 voli)']"
SCC,5,36,-19.53,-19.36,6,37.33,34.83,1,63.0,59.0,"['Late Aircraft (5 voli)', 'Carrier (2 voli)', 'NAS (2 voli)']"
SCC,6,32,-15.5,-15.41,3,37.33,33.67,1,66.0,61.0,"['Late Aircraft (5 voli)', 'NAS (4 voli)', 'Weather (1 voli)']"
SCC,7,39,-14.69,-13.72,2,35.5,26.0,1,185.0,189.0,"['Late Aircraft (2 voli)', 'NAS (1 voli)', 'Weather (1 voli)']"
SCC,8,40,-13.45,-11.6,5,23.8,23.2,2,157.5,150.0,"['Late Aircraft (6 voli)', 'NAS (3 voli)', 'Carrier (2 voli)']"
SCC,9,42,-14.64,-17.52,1,35.0,29.0,0,NULL,NULL,"['Late Aircraft (1 voli)']"
SCC,10,33,-16.27,-17.15,4,38.25,42.25,2,251.5,247.5,"['Late Aircraft (5 voli)', 'NAS (5 voli)', 'Weather (3 voli)']"
SCC,11,42,-13.31,-15.83,2,47.0,46.0,0,NULL,NULL,"['Carrier (1 voli)', 'Late Aircraft (1 voli)']"
SCC,12,37,-13.84,-12.78,2,18.0,16.5,1,126.0,125.0,"['Weather (4 voli)', 'Late Aircraft (3 voli)', 'NAS (2 voli)']"
SCE,1,14,-5.79,-13.5,3,35.67,31.0,0,NULL,NULL,"['Weather (3 voli)', 'Carrier (2 voli)', 'NAS (1 voli)']"
SCE,2,23,-6.91,-13.7,3,23.33,27.0,1,166.0,167.0,"['Carrier (3 voli)', 'NAS (2 voli)', 'Weather (2 voli)']"
SCE,3,56,-6.79,-9.52,2,22.0,10.5,2,116.5,111.5,"['NAS (4 voli)', 'Carrier (1 voli)', 'Late Aircraft (1 voli)']"
SCE,4,45,-6.58,-5.82,7,37.14,32.0,6,131.17,129.2,"['Carrier (10 voli)', 'Late Aircraft (3 voli)', 'NAS (2 voli)']"
SCE,5,58,-5.17,-8.69,11,34.27,30.73,12,133.58,142.0,"['NAS (12 voli)', 'Late Aircraft (8 voli)', 'Carrier (6 voli)']"
SCE,6,59,-6.27,-10.98,9,29.0,27.33,12,159.67,139.36,"['Late Aircraft (10 voli)', 'Carrier (9 voli)', 'NAS (8 voli)']"
SCE,7,26,-7.35,-8.04,2,46.5,70.5,2,91.0,82.5,"['NAS (4 voli)', 'Carrier (3 voli)', 'Weather (1 voli)']"
SCE,8,34,-5.74,-8.65,5,31.6,33.0,3,73.67,72.33,"['Late Aircraft (6 voli)', 'NAS (5 voli)', 'Weather (3 voli)']"
SCE,9,27,-7.93,-9.19,0,NULL,NULL,2,169.5,160.5,"['Carrier (2 voli)', 'Late Aircraft (2 voli)', 'NAS (1 voli)']"
SCE,10,48,-5.17,-6.06,5,32.6,34.2,4,213.0,211.5,"['Late Aircraft (7 voli)', 'NAS (7 voli)', 'Carrier (4 voli)']"
SCE,11,29,-6.62,-9.14,5,33.6,36.8,7,172.71,164.43,"['Carrier (6 voli)', 'Late Aircraft (6 voli)', 'NAS (2 voli)']"
SCE,12,10,-7.3,-8.5,5,29.6,38.6,3,71.67,76.67,"['NAS (6 voli)', 'Late Aircraft (4 voli)', 'Carrier (3 voli)']"
SCK,1,26,-4.58,-2.85,8,27.25,26.63,5,128.0,129.6,"['Late Aircraft (12 voli)', 'NAS (8 voli)', 'Carrier (2 voli)']"
SCK,2,32,-5.06,-6.38,1,27.0,15.0,5,202.6,205.4,"['Late Aircraft (6 voli)', 'NAS (6 voli)', 'Carrier (2 voli)']"
SCK,3,35,-5.69,-1.74,9,37.22,46.56,5,121.6,127.0,"['NAS (17 voli)', 'Late Aircraft (9 voli)', 'Carrier (4 voli)']"
SCK,4,28,-4.18,-3.21,6,25.5,37.0,2,93.5,94.0,"['NAS (9 voli)', 'Carrier (7 voli)', 'Late Aircraft (6 voli)']"
SCK,5,34,-5.44,0.82,5,41.0,40.2,2,85.5,81.5,"['NAS (7 voli)', 'Late Aircraft (6 voli)', 'Carrier (3 voli)']"
SCK,6,25,-4.64,-2.92,17,32.12,29.82,2,98.0,97.0,"['Late Aircraft (11 voli)', 'Carrier (10 voli)', 'NAS (7 voli)']"
SCK,7,30,2.1,1.83,12,32.08,32.25,6,456.33,461.5,"['Carrier (15 voli)', 'NAS (14 voli)', 'Late Aircraft (11 voli)']"
SCK,8,26,-1.42,-2.15,8,37.63,40.88,6,195.0,192.83,"['Late Aircraft (11 voli)', 'Carrier (10 voli)', 'NAS (9 voli)']"
SCK,9,22,0.68,-3.36,10,37.2,38.4,6,187.0,186.5,"['Carrier (12 voli)', 'Late Aircraft (11 voli)', 'NAS (9 voli)']"
SCK,10,29,0.03,-0.38,11,26.82,27.82,5,90.6,83.0,"['Late Aircraft (12 voli)', 'NAS (9 voli)', 'Carrier (9 voli)']"
SCK,11,22,1.45,-4.95,17,33.12,33.35,0,NULL,NULL,"['Late Aircraft (10 voli)', 'NAS (7 voli)', 'Carrier (7 voli)']"
SCK,12,24,0.38,-3.21,17,33.59,24.35,12,102.67,101.42,"['Late Aircraft (17 voli)', 'Carrier (13 voli)', 'NAS (9 voli)']"
SDF,1,1281,-4.34,-7.3,193,31.39,29.54,144,182.28,185.2,"['NAS (246 voli)', 'Carrier (195 voli)', 'Late Aircraft (160 voli)']"
SDF,2,1406,-4.6,-9.2,128,31.38,23.5,51,141.73,142.51,"['NAS (135 voli)', 'Carrier (86 voli)', 'Late Aircraft (78 voli)']"
SDF,3,1626,-4.47,-9.12,212,32.25,26.18,104,156.78,153.63,"['NAS (186 voli)', 'Late Aircraft (171 voli)', 'Carrier (138 voli)']"
SDF,4,1699,-4.17,-8.44,196,30.28,25.33,99,135.72,133.96,"['Carrier (177 voli)', 'NAS (167 voli)', 'Late Aircraft (153 voli)']"
SDF,5,1726,-2.84,-6.2,323,30.86,27.98,196,149.27,148.7,"['NAS (328 voli)', 'Late Aircraft (310 voli)', 'Carrier (283 voli)']"
SDF,6,1724,-3.84,-9.02,239,30.01,27.23,141,146.27,143.86,"['NAS (227 voli)', 'Carrier (209 voli)', 'Late Aircraft (174 voli)']"
SDF,7,1579,-3.57,-6.74,303,32.58,31.83,224,158.17,159.05,"['NAS (321 voli)', 'Carrier (312 voli)', 'Late Aircraft (290 voli)']"
SDF,8,1640,-4.48,-8.16,207,31.05,29.05,140,166.2,164.54,"['NAS (221 voli)', 'Carrier (181 voli)', 'Late Aircraft (161 voli)']"
SDF,9,1733,-4.44,-8.05,171,31.85,29.55,92,140.93,139.18,"['NAS (169 voli)', 'Carrier (161 voli)', 'Late Aircraft (134 voli)']"
SDF,10,1918,-4.7,-9.97,139,32.76,23.85,64,152.06,148.47,"['NAS (120 voli)', 'Carrier (104 voli)', 'Late Aircraft (98 voli)']"
SDF,11,1644,-5.12,-10.58,136,33.58,29.83,69,163.3,161.54,"['NAS (145 voli)', 'Carrier (129 voli)', 'Late Aircraft (99 voli)']"
SDF,12,1448,-3.65,-9.61,195,30.46,24.99,102,139.41,135.39,"['NAS (172 voli)', 'Late Aircraft (156 voli)', 'Carrier (155 voli)']"
SEA,1,7681,-1.68,-6.55,1837,31.57,24.66,969,137.59,130.62,"['Carrier (2235 voli)', 'NAS (1187 voli)', 'Late Aircraft (1098 voli)']"
SEA,2,9188,-3.36,-5.88,1115,30.34,25.03,385,131.56,128.48,"['NAS (1154 voli)', 'Carrier (771 voli)', 'Late Aircraft (530 voli)']"
SEA,3,9844,-2.48,-5.65,1813,30.73,26.01,610,128.67,125.45,"['NAS (1411 voli)', 'Carrier (1156 voli)', 'Late Aircraft (901 voli)']"
SEA,4,10142,-2.45,-5.7,1826,30.61,25.65,602,118.3,113.44,"['NAS (1511 voli)', 'Carrier (1254 voli)', 'Late Aircraft (922 voli)']"
SEA,5,10746,-1.57,-5.44,2511,30.6,25.46,772,121.6,116.86,"['NAS (1845 voli)', 'Carrier (1675 voli)', 'Late Aircraft (1360 voli)']"
SEA,6,10638,-0.63,-5.0,3162,30.03,24.05,890,130.32,122.35,"['Carrier (2149 voli)', 'NAS (1961 voli)', 'Late Aircraft (1825 voli)']"
SEA,7,11777,-1.12,-3.86,3028,30.2,26.58,939,131.11,126.75,"['Carrier (2541 voli)', 'NAS (2299 voli)', 'Late Aircraft (1907 voli)']"
SEA,8,11799,-1.34,-3.02,2892,30.4,28.19,985,121.92,118.98,"['NAS (2639 voli)', 'Carrier (2226 voli)', 'Late Aircraft (1911 voli)']"
SEA,9,11837,-2.16,-4.48,2162,30.08,26.46,586,117.51,112.82,"['NAS (1912 voli)', 'Carrier (1611 voli)', 'Late Aircraft (1221 voli)']"
SEA,10,11329,-2.79,-5.87,1528,29.51,24.78,420,125.07,118.34,"['NAS (1339 voli)', 'Carrier (1174 voli)', 'Late Aircraft (752 voli)']"
SEA,11,10165,-3.08,-7.78,1303,29.21,22.38,365,135.69,130.39,"['NAS (1059 voli)', 'Carrier (859 voli)', 'Late Aircraft (567 voli)']"
SEA,12,9476,-1.79,-7.94,1894,30.24,23.11,661,124.15,116.08,"['Carrier (1296 voli)', 'NAS (1197 voli)', 'Late Aircraft (854 voli)']"
SFB,1,525,-6.26,-11.3,90,30.27,25.13,49,165.43,143.85,"['Carrier (82 voli)', 'Late Aircraft (66 voli)', 'NAS (58 voli)']"
SFB,2,598,-5.78,-4.48,102,32.34,32.03,30,147.1,145.9,"['NAS (95 voli)', 'Carrier (87 voli)', 'Late Aircraft (70 voli)']"
SFB,3,661,-5.34,-6.39,146,32.27,30.86,72,136.5,138.76,"['NAS (146 voli)', 'Carrier (132 voli)', 'Late Aircraft (130 voli)']"
SFB,4,616,-6.08,-7.99,68,29.07,29.57,42,205.12,203.14,"['NAS (86 voli)', 'Carrier (59 voli)', 'Late Aircraft (54 voli)']"
SFB,5,595,-5.0,-6.48,104,29.87,30.35,60,126.5,124.87,"['Late Aircraft (97 voli)', 'NAS (96 voli)', 'Carrier (86 voli)']"
SFB,6,667,-3.69,-6.74,169,31.18,30.95,104,140.1,138.58,"['Carrier (180 voli)', 'NAS (139 voli)', 'Late Aircraft (138 voli)']"
SFB,7,694,-3.85,-5.95,168,31.64,31.52,110,131.69,133.75,"['Carrier (180 voli)', 'Late Aircraft (155 voli)', 'NAS (145 voli)']"
SFB,8,487,-5.13,-8.48,100,33.72,32.07,77,154.65,152.75,"['Carrier (88 voli)', 'NAS (86 voli)', 'Late Aircraft (82 voli)']"
SFB,9,393,-5.45,-10.23,61,32.54,27.49,36,124.5,122.81,"['Carrier (50 voli)', 'NAS (42 voli)', 'Late Aircraft (37 voli)']"
SFB,10,542,-4.75,-8.9,78,27.32,24.13,49,160.0,158.53,"['Carrier (89 voli)', 'Weather (81 voli)', 'Late Aircraft (51 voli)']"
SFB,11,536,-5.98,-8.25,105,29.71,32.29,30,98.4,100.47,"['Carrier (97 voli)', 'NAS (87 voli)', 'Late Aircraft (78 voli)']"
SFB,12,584,-3.64,-6.55,204,32.23,28.86,112,143.14,140.71,"['Carrier (210 voli)', 'Late Aircraft (165 voli)', 'NAS (148 voli)']"
SFO,1,7145,-2.24,-7.31,1355,31.15,23.29,728,148.19,138.13,"['Carrier (1636 voli)', 'Late Aircraft (948 voli)', 'NAS (917 voli)']"
SFO,2,6404,-1.71,-8.43,1626,31.47,22.34,968,155.98,147.55,"['Late Aircraft (1241 voli)', 'Carrier (1108 voli)', 'NAS (1070 voli)']"
SFO,3,7362,-1.72,-6.32,2103,32.85,26.61,1064,133.38,126.83,"['Late Aircraft (1692 voli)', 'NAS (1566 voli)', 'Carrier (1413 voli)']"
SFO,4,6893,-1.6,-9.19,1956,32.39,24.17,1107,128.66,119.5,"['Late Aircraft (1659 voli)', 'NAS (1285 voli)', 'Carrier (1210 voli)']"
SFO,5,7264,-1.51,-9.46,2086,32.58,22.06,981,128.26,117.89,"['Late Aircraft (1631 voli)', 'Carrier (1317 voli)', 'NAS (1067 voli)']"
SFO,6,7084,-1.62,-10.34,1680,31.51,22.74,929,135.34,125.25,"['Late Aircraft (1347 voli)', 'Carrier (1216 voli)', 'NAS (997 voli)']"
SFO,7,8605,-2.14,-7.04,1719,31.24,24.72,1004,146.91,140.44,"['Carrier (1705 voli)', 'Late Aircraft (1335 voli)', 'NAS (1204 voli)']"
SFO,8,9042,-2.02,-7.1,1707,31.8,24.92,818,137.26,129.97,"['Carrier (1288 voli)', 'Late Aircraft (1246 voli)', 'NAS (1213 voli)']"
SFO,9,9580,-3.03,-7.24,1392,31.5,26.95,552,148.41,143.31,"['NAS (1141 voli)', 'Carrier (972 voli)', 'Late Aircraft (964 voli)']"
SFO,10,10170,-2.88,-8.45,1401,30.63,24.45,620,138.96,131.85,"['Carrier (1047 voli)', 'NAS (932 voli)', 'Late Aircraft (912 voli)']"
SFO,11,8901,-2.67,-8.53,1583,31.35,23.02,994,138.78,131.85,"['Late Aircraft (1317 voli)', 'Carrier (1212 voli)', 'NAS (1092 voli)']"
SFO,12,8877,-2.04,-7.46,1736,32.2,24.39,966,135.53,127.97,"['Carrier (1352 voli)', 'Late Aircraft (1251 voli)', 'NAS (1214 voli)']"
SGF,1,384,-2.18,-4.3,84,30.77,36.93,77,210.6,227.9,"['NAS (126 voli)', 'Weather (91 voli)', 'Late Aircraft (79 voli)']"
SGF,2,442,-3.54,-7.96,52,27.81,17.75,21,93.57,84.71,"['NAS (46 voli)', 'Carrier (41 voli)', 'Late Aircraft (26 voli)']"
SGF,3,490,-3.42,-8.18,60,30.38,21.63,47,155.11,151.66,"['Late Aircraft (66 voli)', 'Carrier (55 voli)', 'NAS (49 voli)']"
SGF,4,520,-3.1,-7.96,75,28.99,27.55,52,167.63,172.62,"['NAS (82 voli)', 'Late Aircraft (73 voli)', 'Carrier (59 voli)']"
SGF,5,497,-1.65,-5.12,118,31.05,31.58,97,169.76,166.93,"['NAS (127 voli)', 'Late Aircraft (125 voli)', 'Carrier (108 voli)']"
SGF,6,639,-3.09,-7.43,147,30.72,25.4,88,163.58,162.44,"['Late Aircraft (126 voli)', 'Carrier (115 voli)', 'NAS (94 voli)']"
SGF,7,622,-2.1,-5.09,138,29.5,26.43,105,158.66,158.5,"['Carrier (165 voli)', 'Late Aircraft (147 voli)', 'NAS (118 voli)']"
SGF,8,703,-3.17,-7.55,124,31.99,27.81,78,180.33,176.1,"['Carrier (110 voli)', 'Late Aircraft (103 voli)', 'NAS (92 voli)']"
SGF,9,737,-4.01,-8.79,100,29.46,26.77,56,160.39,153.98,"['Carrier (99 voli)', 'Late Aircraft (81 voli)', 'NAS (79 voli)']"
SGF,10,758,-3.84,-8.38,88,28.92,21.75,40,216.25,207.0,"['Carrier (88 voli)', 'NAS (49 voli)', 'Late Aircraft (48 voli)']"
SGF,11,635,-3.41,-7.36,77,30.79,26.95,48,160.63,160.02,"['Carrier (76 voli)', 'NAS (67 voli)', 'Late Aircraft (56 voli)']"
SGF,12,592,-1.81,-5.41,138,32.4,28.11,76,185.34,182.72,"['Carrier (119 voli)', 'Late Aircraft (102 voli)', 'NAS (96 voli)']"
SGU,1,181,-6.08,-7.3,18,30.61,28.17,6,175.5,167.83,"['Carrier (18 voli)', 'NAS (16 voli)', 'Late Aircraft (6 voli)']"
SGU,2,169,-5.76,-7.36,16,28.81,25.94,8,202.0,199.25,"['Carrier (22 voli)', 'NAS (11 voli)', 'Late Aircraft (4 voli)']"
SGU,3,206,-6.48,-10.71,7,28.14,18.29,5,160.2,165.2,"['Weather (5 voli)', 'Carrier (5 voli)', 'NAS (4 voli)']"
SGU,4,230,-5.71,-9.7,14,31.29,32.43,9,325.89,324.89,"['Carrier (24 voli)', 'NAS (13 voli)', 'Weather (3 voli)']"
SGU,5,204,-4.79,-9.61,11,31.36,24.64,10,177.5,175.7,"['Carrier (11 voli)', 'NAS (9 voli)', 'Weather (8 voli)']"
SGU,6,173,-5.65,-9.59,13,39.38,32.15,13,166.0,158.62,"['Carrier (17 voli)', 'NAS (12 voli)', 'Weather (6 voli)']"
SGU,7,190,-6.49,-11.96,22,37.5,31.86,14,147.36,137.57,"['Carrier (22 voli)', 'NAS (12 voli)', 'Weather (10 voli)']"
SGU,8,190,-6.29,-12.67,17,36.41,31.47,17,364.94,362.0,"['Carrier (26 voli)', 'NAS (15 voli)', 'Weather (10 voli)']"
SGU,9,241,-6.92,-10.54,6,23.0,25.33,5,151.4,141.4,"['Carrier (15 voli)', 'NAS (10 voli)', 'Late Aircraft (3 voli)']"
SGU,10,284,-7.46,-12.76,26,29.54,26.31,13,145.15,140.46,"['Carrier (33 voli)', 'NAS (17 voli)', 'Weather (5 voli)']"
SGU,11,234,-6.57,-13.65,17,34.88,28.06,24,156.92,150.25,"['Carrier (19 voli)', 'NAS (16 voli)', 'Late Aircraft (14 voli)']"
SGU,12,258,-6.24,-13.68,16,36.38,26.67,16,212.31,207.88,"['Carrier (28 voli)', 'NAS (11 voli)', 'Late Aircraft (3 voli)']"
SHR,1,36,-5.89,-12.72,3,20.0,5.0,6,178.67,168.0,"['Weather (6 voli)', 'Carrier (4 voli)', 'NAS (2 voli)']"
SHR,2,35,-7.74,-9.35,2,35.5,67.0,2,108.5,118.0,"['Carrier (4 voli)', 'NAS (4 voli)', 'Weather (4 voli)']"
SHR,3,41,-6.83,-10.12,1,23.0,3.0,1,112.0,138.0,"['NAS (3 voli)', 'Weather (3 voli)', 'Late Aircraft (1 voli)']"
SHR,4,59,-8.27,-2.73,0,NULL,NULL,1,403.0,412.0,"['Carrier (8 voli)', 'NAS (1 voli)']"
SHR,5,55,-8.44,-7.71,4,32.5,25.25,2,220.0,220.5,"['Carrier (3 voli)', 'Late Aircraft (2 voli)', 'NAS (1 voli)']"
SHR,6,54,-7.07,-6.0,3,41.0,38.33,3,214.67,211.33,"['Carrier (8 voli)', 'NAS (3 voli)', 'Late Aircraft (1 voli)']"
SHR,7,53,-8.34,-6.43,4,45.0,44.5,5,138.4,137.6,"['Carrier (7 voli)', 'NAS (4 voli)', 'Late Aircraft (3 voli)']"
SHR,8,56,-7.3,-4.91,2,39.5,39.0,3,247.0,261.0,"['NAS (9 voli)', 'Carrier (3 voli)', 'Late Aircraft (2 voli)']"
SHR,9,55,-6.58,-4.55,2,28.0,25.0,3,259.0,258.0,"['Carrier (6 voli)', 'NAS (2 voli)']"
SHR,10,57,-8.16,-5.0,2,34.0,35.5,3,260.67,254.0,"['Carrier (6 voli)', 'Late Aircraft (3 voli)', 'NAS (3 voli)']"
SHR,11,49,-7.8,-6.14,2,47.0,53.0,2,140.5,134.0,"['Carrier (8 voli)', 'Weather (2 voli)', 'NAS (2 voli)']"
SHR,12,54,-8.98,-11.13,2,18.0,5.5,1,261.0,271.0,"['Carrier (4 voli)', 'NAS (3 voli)', 'Late Aircraft (1 voli)']"
SHV,1,226,-4.04,-4.55,26,33.81,30.88,25,228.4,232.76,"['NAS (43 voli)', 'Late Aircraft (36 voli)', 'Weather (35 voli)']"
SHV,2,253,-5.02,-6.41,21,30.38,28.19,10,124.5,118.1,"['NAS (26 voli)', 'Late Aircraft (22 voli)', 'Carrier (18 voli)']"
SHV,3,273,-4.7,-9.86,32,29.09,23.59,18,139.17,141.61,"['Late Aircraft (35 voli)', 'NAS (25 voli)', 'Weather (24 voli)']"
SHV,4,262,-3.2,-8.46,29,27.76,21.55,24,189.21,192.29,"['Late Aircraft (30 voli)', 'Weather (29 voli)', 'NAS (28 voli)']"
SHV,5,242,-2.3,-6.71,49,31.16,29.92,44,170.09,170.32,"['Late Aircraft (61 voli)', 'Weather (44 voli)', 'NAS (37 voli)']"
SHV,6,307,-4.11,-9.42,52,36.42,34.17,35,149.03,145.83,"['Late Aircraft (61 voli)', 'Carrier (38 voli)', 'Weather (32 voli)']"
SHV,7,266,-3.13,-8.39,71,33.7,33.37,52,198.25,191.06,"['Late Aircraft (81 voli)', 'Carrier (64 voli)', 'NAS (54 voli)']"
SHV,8,341,-4.66,-9.91,34,35.0,29.38,25,154.72,152.8,"['Late Aircraft (35 voli)', 'Carrier (30 voli)', 'NAS (27 voli)']"
SHV,9,330,-5.0,-10.14,31,32.48,29.87,24,151.92,146.08,"['Late Aircraft (28 voli)', 'Carrier (26 voli)', 'NAS (23 voli)']"
SHV,10,367,-4.72,-10.87,39,31.69,21.82,8,125.88,120.38,"['Carrier (25 voli)', 'Late Aircraft (22 voli)', 'NAS (17 voli)']"
SHV,11,376,-5.07,-10.88,25,27.16,21.48,12,189.42,191.33,"['Carrier (18 voli)', 'NAS (18 voli)', 'Late Aircraft (17 voli)']"
SHV,12,347,-2.63,-7.84,55,31.36,27.09,39,190.72,188.41,"['Carrier (50 voli)', 'NAS (48 voli)', 'Late Aircraft (40 voli)']"
SIT,1,62,-11.73,-12.87,15,27.67,31.8,4,189.0,197.0,"['Late Aircraft (14 voli)', 'NAS (9 voli)', 'Carrier (7 voli)']"
SIT,2,76,-13.99,-13.7,6,34.33,31.5,4,147.0,137.67,"['Late Aircraft (4 voli)', 'NAS (4 voli)', 'Carrier (2 voli)']"
SIT,3,81,-11.05,-11.41,8,33.13,35.38,1,71.0,77.0,"['Late Aircraft (8 voli)', 'NAS (8 voli)', 'Weather (4 voli)']"
SIT,4,81,-10.96,-11.78,6,33.83,40.83,2,106.5,108.5,"['Carrier (7 voli)', 'NAS (6 voli)', 'Late Aircraft (2 voli)']"
SIT,5,107,-9.14,-9.92,12,26.25,21.42,3,203.0,177.0,"['Late Aircraft (8 voli)', 'NAS (8 voli)', 'Carrier (6 voli)']"
SIT,6,143,-9.95,-7.9,13,34.15,36.23,11,207.27,201.64,"['NAS (17 voli)', 'Carrier (14 voli)', 'Late Aircraft (11 voli)']"
SIT,7,153,-7.86,-7.59,18,36.11,32.78,8,272.5,272.88,"['Late Aircraft (20 voli)', 'NAS (19 voli)', 'Carrier (11 voli)']"
SIT,8,129,-6.98,-7.09,20,32.7,29.65,14,192.86,186.14,"['Carrier (14 voli)', 'Late Aircraft (12 voli)', 'NAS (11 voli)']"
SIT,9,111,-9.57,-9.46,12,30.25,32.08,3,119.33,113.33,"['Late Aircraft (12 voli)', 'NAS (12 voli)', 'Carrier (4 voli)']"
SIT,10,79,-11.68,-13.05,8,40.25,40.13,3,111.33,108.67,"['Late Aircraft (7 voli)', 'NAS (3 voli)', 'Weather (3 voli)']"
SIT,11,77,-11.21,-11.35,9,34.0,35.25,1,113.0,109.0,"['Late Aircraft (8 voli)', 'NAS (7 voli)', 'Carrier (3 voli)']"
SIT,12,79,-10.1,-9.26,5,42.2,49.5,4,126.0,117.75,"['NAS (10 voli)', 'Late Aircraft (8 voli)', 'Weather (3 voli)']"
SJC,1,3100,-2.91,-8.3,445,30.74,24.26,155,121.86,114.31,"['Carrier (346 voli)', 'Late Aircraft (313 voli)', 'NAS (240 voli)']"
SJC,2,2955,-2.75,-8.95,357,30.89,23.42,124,127.04,120.41,"['Carrier (230 voli)', 'Late Aircraft (229 voli)', 'NAS (204 voli)']"
SJC,3,3294,-2.51,-6.74,404,30.68,23.99,168,119.48,115.96,"['Carrier (295 voli)', 'Late Aircraft (293 voli)', 'NAS (252 voli)']"
SJC,4,3345,-2.76,-7.22,389,30.05,23.88,138,131.41,126.18,"['Late Aircraft (285 voli)', 'Carrier (262 voli)', 'NAS (190 voli)']"
SJC,5,3429,-2.59,-7.46,501,30.89,25.51,189,116.72,109.97,"['Late Aircraft (418 voli)', 'Carrier (305 voli)', 'NAS (256 voli)']"
SJC,6,3459,-1.86,-6.31,628,29.72,25.11,251,116.69,111.63,"['Late Aircraft (530 voli)', 'Carrier (444 voli)', 'NAS (409 voli)']"
SJC,7,3614,-2.26,-6.06,536,30.64,26.32,291,126.53,122.51,"['Late Aircraft (479 voli)', 'Carrier (469 voli)', 'NAS (385 voli)']"
SJC,8,3899,-3.2,-7.71,489,29.79,24.81,169,133.1,127.32,"['Late Aircraft (337 voli)', 'Carrier (308 voli)', 'NAS (300 voli)']"
SJC,9,3790,-3.71,-7.38,453,31.12,27.43,153,111.76,106.51,"['NAS (347 voli)', 'Late Aircraft (325 voli)', 'Carrier (265 voli)']"
SJC,10,3793,-3.51,-8.82,487,30.87,24.16,219,128.25,124.6,"['Late Aircraft (335 voli)', 'NAS (330 voli)', 'Carrier (295 voli)']"
SJC,11,3584,-3.36,-9.76,399,28.84,19.7,144,110.36,101.69,"['Late Aircraft (259 voli)', 'Carrier (245 voli)', 'NAS (195 voli)']"
SJC,12,3321,-2.58,-8.87,502,30.66,24.08,232,130.8,125.23,"['Late Aircraft (375 voli)', 'Carrier (335 voli)', 'NAS (261 voli)']"
SJT,1,66,-7.06,-9.45,18,30.11,29.94,7,401.57,396.71,"['Weather (13 voli)', 'Late Aircraft (11 voli)', 'NAS (8 voli)']"
SJT,2,79,-6.08,-10.37,3,29.0,24.0,5,121.0,119.6,"['NAS (6 voli)', 'Late Aircraft (4 voli)', 'Carrier (1 voli)']"
SJT,3,81,-6.23,-10.74,7,27.0,23.86,4,89.0,83.0,"['Late Aircraft (9 voli)', 'NAS (5 voli)', 'Carrier (3 voli)']"
SJT,4,71,-5.1,-9.61,8,33.75,27.5,9,127.33,127.22,"['Late Aircraft (12 voli)', 'Carrier (8 voli)', 'NAS (7 voli)']"
SJT,5,64,-5.19,-8.2,8,36.75,41.63,14,219.29,218.14,"['Carrier (12 voli)', 'Weather (12 voli)', 'Late Aircraft (10 voli)']"
SJT,6,68,-5.63,-6.1,13,29.23,34.0,6,149.33,152.83,"['NAS (15 voli)', 'Carrier (12 voli)', 'Late Aircraft (8 voli)']"
SJT,7,73,-4.66,-2.75,8,35.63,31.63,11,136.18,133.36,"['Carrier (16 voli)', 'NAS (14 voli)', 'Late Aircraft (11 voli)']"
SJT,8,81,-6.01,-6.37,4,28.5,31.0,6,136.67,134.0,"['NAS (7 voli)', 'Carrier (6 voli)', 'Late Aircraft (6 voli)']"
SJT,9,75,-5.63,-2.19,9,29.67,31.33,5,219.4,213.2,"['Carrier (15 voli)', 'NAS (8 voli)', 'Late Aircraft (5 voli)']"
SJT,10,82,-5.23,-6.45,8,31.88,26.88,2,98.5,91.5,"['NAS (10 voli)', 'Carrier (7 voli)', 'Late Aircraft (6 voli)']"
SJT,11,71,-5.46,-4.31,7,29.71,39.71,8,147.63,142.63,"['Carrier (9 voli)', 'NAS (9 voli)', 'Late Aircraft (6 voli)']"
SJT,12,66,-4.2,-9.56,9,30.22,33.89,6,97.5,81.0,"['Carrier (10 voli)', 'Weather (8 voli)', 'NAS (4 voli)']"
SJU,1,2082,-2.74,-5.28,515,31.79,28.85,313,166.63,163.11,"['Carrier (559 voli)', 'Late Aircraft (558 voli)', 'NAS (504 voli)']"
SJU,2,1930,-3.34,-2.29,360,32.02,28.63,215,171.76,169.5,"['NAS (464 voli)', 'Carrier (390 voli)', 'Late Aircraft (353 voli)']"
SJU,3,2092,-2.44,-1.88,517,31.98,31.13,329,184.95,184.61,"['NAS (656 voli)', 'Carrier (571 voli)', 'Late Aircraft (542 voli)']"
SJU,4,2274,-3.48,-6.17,338,30.88,26.07,203,156.22,151.81,"['Carrier (349 voli)', 'NAS (340 voli)', 'Late Aircraft (338 voli)']"
SJU,5,2194,-2.78,-5.17,459,31.44,28.75,282,184.77,179.19,"['NAS (495 voli)', 'Carrier (451 voli)', 'Late Aircraft (437 voli)']"
SJU,6,2317,-2.4,-5.45,592,31.64,28.23,347,176.32,172.23,"['Late Aircraft (576 voli)', 'NAS (576 voli)', 'Carrier (573 voli)']"
SJU,7,2389,-1.93,-6.01,621,33.41,27.75,410,166.04,159.9,"['Carrier (714 voli)', 'Late Aircraft (642 voli)', 'NAS (518 voli)']"
SJU,8,1870,-2.22,-5.67,531,33.16,26.1,412,158.47,153.62,"['Carrier (561 voli)', 'Late Aircraft (560 voli)', 'NAS (500 voli)']"
SJU,9,1622,-3.21,-8.43,193,30.05,21.11,128,153.78,144.07,"['Carrier (190 voli)', 'Late Aircraft (159 voli)', 'NAS (152 voli)']"
SJU,10,1816,-3.91,-9.19,260,30.39,22.23,111,164.48,155.35,"['Carrier (219 voli)', 'Late Aircraft (182 voli)', 'NAS (162 voli)']"
SJU,11,2150,-3.24,-9.74,350,31.55,23.71,163,160.21,151.81,"['Carrier (301 voli)', 'Late Aircraft (268 voli)', 'NAS (222 voli)']"
SJU,12,2515,-3.72,-6.28,592,31.32,26.88,285,153.26,149.28,"['Late Aircraft (576 voli)', 'Carrier (563 voli)', 'NAS (473 voli)']"
SLC,1,7149,-2.12,-6.21,1248,31.32,26.33,665,160.4,156.61,"['Carrier (1333 voli)', 'NAS (1124 voli)', 'Late Aircraft (690 voli)']"
SLC,2,7074,-2.76,-8.44,859,28.91,22.01,350,136.79,129.14,"['Carrier (735 voli)', 'NAS (734 voli)', 'Late Aircraft (381 voli)']"
SLC,3,7830,-2.52,-7.12,1066,30.81,27.56,517,152.96,146.2,"['Carrier (979 voli)', 'NAS (959 voli)', 'Late Aircraft (613 voli)']"
SLC,4,7764,-3.36,-8.45,924,31.55,26.04,469,133.91,129.67,"['Carrier (827 voli)', 'NAS (647 voli)', 'Late Aircraft (521 voli)']"
SLC,5,7791,-2.71,-7.56,1142,31.45,25.77,557,134.14,129.66,"['Carrier (988 voli)', 'NAS (779 voli)', 'Late Aircraft (643 voli)']"
SLC,6,7517,-2.57,-7.23,1320,31.76,25.44,648,155.17,146.75,"['Carrier (1221 voli)', 'Late Aircraft (777 voli)', 'NAS (726 voli)']"
SLC,7,7282,-2.54,-6.59,1347,31.27,26.26,906,154.64,148.3,"['Carrier (1817 voli)', 'Late Aircraft (919 voli)', 'NAS (889 voli)']"
SLC,8,7741,-2.91,-6.31,1233,31.62,27.28,671,154.01,146.68,"['Carrier (1228 voli)', 'NAS (882 voli)', 'Late Aircraft (758 voli)']"
SLC,9,7982,-3.75,-7.93,820,30.67,24.86,369,135.8,130.45,"['Carrier (776 voli)', 'NAS (554 voli)', 'Late Aircraft (378 voli)']"
SLC,10,8297,-4.08,-8.82,723,31.15,25.02,290,148.14,143.01,"['Carrier (643 voli)', 'NAS (485 voli)', 'Late Aircraft (308 voli)']"
SLC,11,7467,-3.98,-8.5,656,30.41,25.0,332,151.55,144.55,"['Carrier (670 voli)', 'NAS (595 voli)', 'Late Aircraft (325 voli)']"
SLC,12,7390,-2.93,-9.05,1093,31.47,22.83,535,150.85,142.42,"['Carrier (1024 voli)', 'NAS (709 voli)', 'Late Aircraft (558 voli)']"
SLN,1,38,-7.24,-13.13,6,31.5,26.17,6,145.33,144.33,"['Late Aircraft (8 voli)', 'Weather (8 voli)', 'NAS (5 voli)']"
SLN,2,47,-9.74,-12.64,4,27.75,25.5,2,64.5,56.0,"['Carrier (4 voli)', 'Late Aircraft (2 voli)', 'NAS (1 voli)']"
SLN,3,52,-9.4,-10.1,3,32.0,34.67,5,139.8,136.8,"['NAS (7 voli)', 'Late Aircraft (5 voli)', 'Carrier (4 voli)']"
SLN,4,46,-8.28,-13.35,4,48.5,36.25,7,181.29,176.86,"['Carrier (7 voli)', 'Late Aircraft (4 voli)', 'NAS (4 voli)']"
SLN,5,38,-6.29,-7.81,5,26.6,21.6,15,160.53,156.13,"['Carrier (10 voli)', 'NAS (9 voli)', 'Late Aircraft (8 voli)']"
SLN,6,43,-7.79,-14.49,4,41.0,38.5,4,121.5,132.5,"['NAS (4 voli)', 'Weather (3 voli)', 'Carrier (2 voli)']"
SLN,7,43,-6.05,-14.35,4,29.25,65.75,6,152.67,146.83,"['NAS (5 voli)', 'Late Aircraft (4 voli)', 'Carrier (3 voli)']"
SLN,8,47,-8.55,-12.3,7,38.57,43.33,6,172.0,164.83,"['Late Aircraft (6 voli)', 'NAS (5 voli)', 'Carrier (3 voli)']"
SLN,9,49,-8.0,-13.85,3,31.67,25.0,7,254.86,244.29,"['Carrier (5 voli)', 'Late Aircraft (5 voli)', 'Weather (1 voli)']"
SLN,10,58,-9.02,-11.28,1,16.0,11.0,2,100.5,92.0,"['Carrier (7 voli)', 'NAS (1 voli)']"
SLN,11,48,-7.08,-4.88,6,24.67,23.0,4,192.0,197.5,"['Carrier (8 voli)', 'NAS (6 voli)', 'Weather (2 voli)']"
SLN,12,54,-6.43,-4.93,4,42.0,40.0,3,113.0,116.0,"['Carrier (9 voli)', 'NAS (5 voli)', 'Late Aircraft (4 voli)']"
SMF,1,3383,-2.64,-8.15,475,30.39,23.14,203,128.66,122.23,"['Late Aircraft (358 voli)', 'Carrier (341 voli)', 'NAS (234 voli)']"
SMF,2,3121,-2.88,-8.67,371,29.4,23.94,143,146.22,142.87,"['Late Aircraft (272 voli)', 'Carrier (239 voli)', 'NAS (217 voli)']"
SMF,3,3510,-2.26,-6.48,473,30.27,26.2,202,142.28,139.15,"['Late Aircraft (380 voli)', 'Carrier (343 voli)', 'NAS (317 voli)']"
SMF,4,3586,-2.28,-7.18,538,31.54,25.59,215,118.54,113.87,"['Late Aircraft (405 voli)', 'Carrier (373 voli)', 'NAS (252 voli)']"
SMF,5,3650,-1.78,-6.8,651,30.66,24.41,273,140.76,136.18,"['Late Aircraft (510 voli)', 'Carrier (426 voli)', 'NAS (330 voli)']"
SMF,6,3643,-1.24,-6.58,767,30.47,24.2,289,136.18,131.37,"['Late Aircraft (628 voli)', 'Carrier (526 voli)', 'NAS (344 voli)']"
SMF,7,3826,-1.91,-5.81,747,31.66,28.18,351,157.93,156.91,"['Late Aircraft (665 voli)', 'Carrier (659 voli)', 'NAS (468 voli)']"
SMF,8,4120,-2.82,-7.51,580,30.82,25.5,277,130.79,125.25,"['Late Aircraft (503 voli)', 'Carrier (442 voli)', 'NAS (347 voli)']"
SMF,9,4130,-3.05,-7.94,498,29.29,24.33,192,140.69,133.11,"['Late Aircraft (374 voli)', 'NAS (325 voli)', 'Carrier (324 voli)']"
SMF,10,4228,-3.12,-9.36,522,31.12,25.48,199,136.43,133.12,"['Late Aircraft (358 voli)', 'Carrier (296 voli)', 'NAS (295 voli)']"
SMF,11,3874,-2.83,-9.44,512,30.39,22.23,165,138.92,137.33,"['Late Aircraft (338 voli)', 'Carrier (334 voli)', 'NAS (229 voli)']"
SMF,12,3428,-2.07,-8.45,683,30.48,23.16,303,139.2,133.86,"['Carrier (536 voli)', 'Late Aircraft (503 voli)', 'NAS (300 voli)']"
SMX,1,6,-9.5,-6.67,0,NULL,NULL,3,209.0,200.0,"['Carrier (2 voli)', 'Late Aircraft (2 voli)']"
SMX,2,7,-7.71,-4.86,0,NULL,NULL,2,185.0,184.0,"['Late Aircraft (2 voli)', 'NAS (2 voli)', 'Carrier (1 voli)']"
SMX,3,7,5.14,11.29,1,31.0,45.0,1,159.0,184.0,"['NAS (5 voli)', 'Late Aircraft (4 voli)', 'Weather (1 voli)']"
SMX,4,8,-1.13,-0.75,0,NULL,NULL,0,NULL,NULL,"[]"
SMX,5,8,-3.5,-3.88,0,NULL,NULL,1,69.0,85.0,"['Late Aircraft (1 voli)', 'NAS (1 voli)']"
SMX,6,6,-0.67,-4.67,2,28.5,23.5,1,67.0,65.0,"['Late Aircraft (2 voli)', 'Carrier (1 voli)', 'NAS (1 voli)']"
SMX,7,5,-1.4,-1.8,1,57.0,68.0,2,150.5,150.0,"['Late Aircraft (2 voli)', 'NAS (2 voli)', 'Carrier (2 voli)']"
SMX,8,6,-7.17,-10.67,1,22.0,33.0,2,93.5,88.0,"['Late Aircraft (3 voli)', 'NAS (2 voli)', 'Carrier (1 voli)']"
SMX,9,3,-3.33,-16.0,2,44.5,40.5,4,112.75,112.0,"['Late Aircraft (5 voli)', 'Weather (3 voli)', 'NAS (2 voli)']"
SMX,10,5,0.6,-8.6,1,31.0,39.0,3,513.67,507.33,"['Late Aircraft (3 voli)', 'NAS (3 voli)', 'Carrier (1 voli)']"
SMX,11,5,-11.8,-18.4,1,16.0,28.0,3,134.33,126.67,"['Carrier (2 voli)', 'Late Aircraft (2 voli)', 'NAS (2 voli)']"
SMX,12,7,-3.57,-8.0,2,36.5,34.5,0,NULL,NULL,"['Carrier (1 voli)', 'Late Aircraft (1 voli)']"
SNA,1,2858,-3.44,-7.46,442,32.36,26.49,194,169.09,158.5,"['Late Aircraft (379 voli)', 'NAS (320 voli)', 'Carrier (318 voli)']"
SNA,2,2549,-2.87,-9.36,437,30.47,21.86,192,147.77,142.9,"['NAS (299 voli)', 'Late Aircraft (287 voli)', 'Carrier (212 voli)']"
SNA,3,2872,-2.82,-7.45,556,31.31,27.84,241,134.96,132.31,"['NAS (489 voli)', 'Late Aircraft (388 voli)', 'Carrier (261 voli)']"
SNA,4,2731,-3.16,-8.97,493,31.58,25.66,215,151.59,146.94,"['Late Aircraft (349 voli)', 'NAS (335 voli)', 'Carrier (241 voli)']"
SNA,5,2772,-2.95,-9.04,501,31.59,24.81,264,176.34,169.39,"['Late Aircraft (398 voli)', 'NAS (330 voli)', 'Carrier (306 voli)']"
SNA,6,2682,-2.87,-8.41,495,31.87,24.57,240,139.83,132.2,"['Late Aircraft (414 voli)', 'Carrier (321 voli)', 'NAS (299 voli)']"
SNA,7,2786,-3.33,-8.35,468,32.08,25.65,276,180.58,175.61,"['Late Aircraft (459 voli)', 'Carrier (414 voli)', 'NAS (310 voli)']"
SNA,8,3047,-3.8,-8.12,396,32.18,27.03,204,143.3,139.01,"['Late Aircraft (335 voli)', 'NAS (290 voli)', 'Carrier (275 voli)']"
SNA,9,2924,-3.69,-8.76,338,30.24,23.76,155,158.25,152.15,"['Late Aircraft (267 voli)', 'NAS (245 voli)', 'Carrier (214 voli)']"
SNA,10,3064,-3.94,-9.11,374,31.32,24.02,150,151.49,146.23,"['Late Aircraft (268 voli)', 'Carrier (250 voli)', 'NAS (224 voli)']"
SNA,11,2889,-3.84,-9.9,354,29.4,21.97,145,178.83,174.18,"['Late Aircraft (237 voli)', 'NAS (234 voli)', 'Carrier (189 voli)']"
SNA,12,2817,-3.5,-8.81,423,30.94,23.63,284,171.75,167.64,"['Late Aircraft (419 voli)', 'Carrier (283 voli)', 'NAS (283 voli)']"
SPI,1,5,1.2,0.4,5,36.4,36.8,2,97.0,106.5,"['NAS (4 voli)', 'Late Aircraft (3 voli)', 'Weather (3 voli)']"
SPI,2,5,4.0,-5.0,3,23.33,19.67,1,71.0,56.0,"['Carrier (2 voli)', 'Late Aircraft (1 voli)', 'NAS (1 voli)']"
SPI,3,6,3.33,9.67,6,33.5,35.83,1,321.0,314.0,"['NAS (6 voli)', 'Carrier (5 voli)', 'Late Aircraft (4 voli)']"
SPI,4,7,-2.57,-11.57,1,26.0,7.0,2,208.5,200.0,"['Carrier (1 voli)', 'Late Aircraft (1 voli)']"
SPI,5,6,-4.67,-13.17,2,22.5,8.5,1,145.0,121.0,"['NAS (2 voli)', 'Carrier (1 voli)']"
SPI,6,5,-3.8,-4.8,1,56.0,38.0,2,153.5,162.0,"['Late Aircraft (2 voli)', 'Carrier (2 voli)', 'NAS (2 voli)']"
SPI,7,8,3.13,-3.63,0,NULL,NULL,0,NULL,NULL,"['Carrier (1 voli)']"
SPI,8,3,-9.0,-26.67,1,35.0,142.0,0,NULL,NULL,"['Late Aircraft (1 voli)', 'NAS (1 voli)']"
SPI,10,5,-1.8,-5.4,2,42.0,35.5,1,109.0,215.0,"['Late Aircraft (2 voli)', 'NAS (2 voli)', 'Carrier (1 voli)']"
SPI,11,6,-2.33,-2.33,2,40.5,29.5,0,NULL,NULL,"['Carrier (1 voli)', 'Late Aircraft (1 voli)', 'Weather (1 voli)']"
SPI,12,9,-1.44,-8.56,4,27.5,8.25,2,70.5,75.5,"['Carrier (4 voli)', 'Late Aircraft (3 voli)', 'NAS (2 voli)']"
SPN,1,26,-13.65,-18.88,1,29.0,28.0,0,NULL,NULL,"['Carrier (1 voli)']"
SPN,2,29,-10.69,-15.38,0,NULL,NULL,0,NULL,NULL,"[]"
SPN,3,28,-10.46,-15.25,1,29.0,21.0,1,125.0,118.0,"['Carrier (2 voli)']"
SPN,4,30,-12.4,-16.97,0,NULL,NULL,0,NULL,NULL,"[]"
SPN,5,31,-8.03,-13.71,0,NULL,NULL,0,NULL,NULL,"[]"
SPN,6,24,-0.25,-1.54,6,30.83,33.5,0,NULL,NULL,"['Carrier (6 voli)', 'Late Aircraft (5 voli)', 'NAS (4 voli)']"
SPN,7,27,0.15,-1.78,4,33.25,30.75,0,NULL,NULL,"['Carrier (3 voli)', 'NAS (2 voli)', 'Late Aircraft (1 voli)']"
SPN,8,26,-3.77,-5.0,3,37.67,35.33,2,89.5,97.0,"['Late Aircraft (4 voli)', 'Carrier (2 voli)', 'NAS (1 voli)']"
SPN,9,28,-8.21,-8.89,0,NULL,NULL,1,980.0,984.0,"['NAS (2 voli)', 'Weather (1 voli)']"
SPN,10,29,-8.97,-11.03,1,23.0,16.0,1,262.0,277.0,"['Carrier (2 voli)', 'NAS (2 voli)']"
SPN,11,27,-7.44,-12.07,1,33.0,25.0,1,99.0,94.0,"['Late Aircraft (1 voli)', 'Carrier (1 voli)', 'NAS (1 voli)']"
SPN,12,30,-5.5,-9.13,1,15.0,14.0,0,NULL,NULL,"[]"
SPS,1,39,-8.69,-9.87,6,32.67,31.17,11,155.82,152.36,"['Weather (12 voli)', 'Carrier (10 voli)', 'NAS (8 voli)']"
SPS,2,52,-7.54,-13.38,3,25.67,32.33,2,166.5,160.5,"['Carrier (5 voli)', 'NAS (2 voli)', 'Weather (2 voli)']"
SPS,3,49,-6.53,-14.16,5,33.8,31.8,3,224.67,208.33,"['Carrier (5 voli)', 'Weather (3 voli)', 'NAS (2 voli)']"
SPS,4,43,-6.91,-10.16,4,29.5,23.0,5,205.4,204.8,"['Carrier (4 voli)', 'NAS (4 voli)', 'Weather (4 voli)']"
SPS,5,49,-5.1,-6.63,3,44.33,34.67,6,194.17,188.83,"['Carrier (11 voli)', 'Weather (7 voli)', 'NAS (2 voli)']"
SPS,6,52,-7.83,-13.65,3,32.33,25.33,4,190.75,187.25,"['Weather (4 voli)', 'Carrier (2 voli)', 'Late Aircraft (2 voli)']"
SPS,7,51,-7.98,-8.82,3,38.67,41.67,8,162.88,162.0,"['Weather (6 voli)', 'Carrier (5 voli)', 'NAS (4 voli)']"
SPS,8,59,-7.69,-11.92,2,29.5,28.5,1,431.0,418.0,"['Carrier (1 voli)', 'NAS (1 voli)', 'Weather (1 voli)']"
SPS,9,55,-7.65,-9.0,3,33.67,33.33,2,181.5,178.5,"['Carrier (3 voli)', 'Late Aircraft (1 voli)', 'NAS (1 voli)']"
SPS,10,48,-6.75,-12.94,2,31.5,24.5,9,206.0,200.22,"['Carrier (8 voli)', 'Late Aircraft (3 voli)', 'NAS (2 voli)']"
SPS,11,48,-1.54,-9.98,5,36.6,26.8,4,167.25,157.75,"['Weather (6 voli)', 'Carrier (5 voli)', 'Late Aircraft (1 voli)']"
SPS,12,49,-2.59,-9.92,7,31.0,34.0,3,122.67,121.67,"['Carrier (6 voli)', 'NAS (5 voli)', 'Late Aircraft (4 voli)']"
SRQ,1,1089,-4.4,-10.58,209,30.66,22.17,160,164.58,157.42,"['Late Aircraft (242 voli)', 'Carrier (154 voli)', 'NAS (124 voli)']"
SRQ,2,1284,-5.25,-7.01,137,32.09,24.76,70,151.74,149.14,"['Late Aircraft (136 voli)', 'NAS (132 voli)', 'Carrier (96 voli)']"
SRQ,3,1430,-4.28,-7.68,240,31.67,24.79,156,173.1,170.49,"['Late Aircraft (279 voli)', 'NAS (192 voli)', 'Carrier (180 voli)']"
SRQ,4,1306,-4.17,-7.47,146,30.21,26.76,110,167.21,160.83,"['Late Aircraft (175 voli)', 'Carrier (132 voli)', 'NAS (119 voli)']"
SRQ,5,1001,-3.37,-5.74,176,29.61,31.04,133,166.24,166.72,"['Late Aircraft (221 voli)', 'NAS (196 voli)', 'Carrier (156 voli)']"
SRQ,6,901,-4.08,-8.09,135,30.16,24.66,92,190.51,186.3,"['Late Aircraft (151 voli)', 'Carrier (105 voli)', 'NAS (91 voli)']"
SRQ,7,801,-4.44,-7.13,178,33.48,30.95,124,171.65,175.13,"['Late Aircraft (218 voli)', 'NAS (165 voli)', 'Carrier (154 voli)']"
SRQ,8,715,-4.56,-7.54,119,33.5,31.13,73,155.9,153.08,"['Late Aircraft (133 voli)', 'NAS (100 voli)', 'Carrier (74 voli)']"
SRQ,9,700,-6.11,-8.85,59,33.64,26.17,35,154.23,144.83,"['Late Aircraft (64 voli)', 'Weather (44 voli)', 'NAS (42 voli)']"
SRQ,10,753,-7.3,-10.48,55,31.84,29.33,38,185.42,179.39,"['Weather (259 voli)', 'NAS (103 voli)', 'Carrier (67 voli)']"
SRQ,11,1112,-6.65,-9.62,101,33.14,30.69,55,151.89,150.69,"['NAS (86 voli)', 'Carrier (79 voli)', 'Late Aircraft (77 voli)']"
SRQ,12,1143,-5.12,-8.44,210,30.85,27.74,138,216.44,213.16,"['Late Aircraft (231 voli)', 'NAS (183 voli)', 'Carrier (153 voli)']"
STC,1,12,-3.33,-6.75,3,34.0,39.33,2,576.0,541.0,"['NAS (3 voli)', 'Late Aircraft (2 voli)', 'Weather (1 voli)']"
STC,2,9,-7.67,-10.56,2,18.0,-0.5,3,96.67,81.33,"['Late Aircraft (3 voli)', 'NAS (2 voli)', 'Carrier (1 voli)']"
STC,3,11,-6.82,-8.55,2,16.5,16.0,1,183.0,174.0,"['NAS (2 voli)', 'Weather (1 voli)']"
STC,4,10,-5.8,-18.0,0,NULL,NULL,0,NULL,NULL,"[]"
STC,5,9,-6.56,-6.11,0,NULL,NULL,0,NULL,NULL,"['NAS (1 voli)']"
STC,6,8,-6.38,-12.5,0,NULL,NULL,0,NULL,NULL,"[]"
STC,7,8,-2.88,-20.63,0,NULL,NULL,0,NULL,NULL,"['Carrier (1 voli)']"
STC,8,2,-4.0,-18.0,1,33.0,13.0,0,NULL,NULL,"[]"
STC,10,7,1.14,-13.14,2,36.5,21.5,0,NULL,NULL,"['Carrier (1 voli)']"
STC,11,9,-0.33,-8.33,2,23.0,15.0,0,NULL,NULL,"['NAS (1 voli)', 'Carrier (1 voli)']"
STC,12,7,5.29,-19.43,5,24.0,6.4,2,189.0,190.0,"['NAS (2 voli)', 'Weather (2 voli)', 'Carrier (2 voli)']"
STL,1,3415,-1.78,-5.69,835,30.52,28.42,345,134.45,137.56,"['Late Aircraft (760 voli)', 'Carrier (707 voli)', 'NAS (678 voli)']"
STL,2,3797,-2.82,-7.99,507,29.13,25.65,181,147.06,143.13,"['NAS (414 voli)', 'Late Aircraft (387 voli)', 'Carrier (363 voli)']"
STL,3,4108,-2.12,-7.99,880,30.45,24.79,325,142.42,140.19,"['Late Aircraft (689 voli)', 'Carrier (548 voli)', 'NAS (502 voli)']"
STL,4,4258,-2.07,-7.51,735,29.92,24.71,344,137.91,134.59,"['Late Aircraft (652 voli)', 'Carrier (515 voli)', 'NAS (460 voli)']"
STL,5,3932,-0.92,-5.18,1073,30.72,27.63,560,145.38,144.62,"['Late Aircraft (1053 voli)', 'Carrier (807 voli)', 'NAS (784 voli)']"
STL,6,4266,-1.01,-6.37,1072,30.15,25.42,421,129.04,125.64,"['Late Aircraft (926 voli)', 'Carrier (773 voli)', 'NAS (566 voli)']"
STL,7,3905,-0.7,-5.69,1338,30.5,27.09,644,149.72,146.12,"['Late Aircraft (1228 voli)', 'Carrier (1057 voli)', 'NAS (739 voli)']"
STL,8,4463,-2.28,-8.09,792,29.93,24.51,351,145.46,141.6,"['Late Aircraft (640 voli)', 'Carrier (587 voli)', 'NAS (521 voli)']"
STL,9,4679,-2.85,-8.51,571,29.22,22.99,156,128.91,122.54,"['Late Aircraft (377 voli)', 'Carrier (339 voli)', 'NAS (309 voli)']"
STL,10,4875,-2.99,-10.25,576,29.57,22.05,176,124.19,115.94,"['Carrier (390 voli)', 'Late Aircraft (357 voli)', 'NAS (222 voli)']"
STL,11,4430,-2.95,-9.88,553,29.87,24.79,178,149.73,145.99,"['Late Aircraft (377 voli)', 'Carrier (338 voli)', 'NAS (338 voli)']"
STL,12,4048,-1.36,-8.67,885,30.1,20.85,319,140.44,135.69,"['Carrier (607 voli)', 'Late Aircraft (604 voli)', 'NAS (414 voli)']"
STS,1,196,-4.58,-5.62,30,27.8,21.47,20,127.35,119.65,"['Late Aircraft (26 voli)', 'NAS (15 voli)', 'Weather (11 voli)']"
STS,2,193,-3.96,-4.11,16,29.19,28.44,22,119.14,120.14,"['Late Aircraft (32 voli)', 'NAS (29 voli)', 'Carrier (7 voli)']"
STS,3,239,-4.45,-1.33,30,31.3,36.5,9,90.44,95.11,"['Carrier (33 voli)', 'NAS (26 voli)', 'Late Aircraft (23 voli)']"
STS,4,226,-3.95,-1.88,27,30.07,33.85,11,121.0,124.18,"['NAS (37 voli)', 'Late Aircraft (26 voli)', 'Carrier (21 voli)']"
STS,5,200,-3.21,0.38,26,25.62,24.69,13,150.0,162.08,"['NAS (38 voli)', 'Carrier (36 voli)', 'Late Aircraft (30 voli)']"
STS,6,219,-1.97,-0.02,45,29.16,29.24,23,215.39,211.45,"['NAS (50 voli)', 'Late Aircraft (49 voli)', 'Carrier (25 voli)']"
STS,7,264,-3.04,-1.8,30,28.53,32.27,24,135.29,135.63,"['NAS (43 voli)', 'Late Aircraft (40 voli)', 'Carrier (33 voli)']"
STS,8,282,-3.24,-2.63,43,31.95,33.14,13,89.69,94.77,"['Late Aircraft (47 voli)', 'NAS (44 voli)', 'Carrier (28 voli)']"
STS,9,286,-3.81,-3.81,36,28.42,32.61,21,98.95,98.57,"['NAS (54 voli)', 'Late Aircraft (38 voli)', 'Carrier (18 voli)']"
STS,10,280,-3.62,-3.2,44,32.98,34.66,22,167.73,171.09,"['Late Aircraft (44 voli)', 'Carrier (39 voli)', 'NAS (39 voli)']"
STS,11,287,-2.58,-1.24,70,31.71,28.89,33,128.58,128.67,"['Late Aircraft (70 voli)', 'Carrier (57 voli)', 'NAS (52 voli)']"
STS,12,288,-3.4,-2.66,59,32.58,30.98,35,133.03,133.74,"['Late Aircraft (62 voli)', 'NAS (50 voli)', 'Carrier (30 voli)']"
STT,1,434,-6.68,-5.23,62,33.61,37.49,42,152.98,150.67,"['NAS (85 voli)', 'Late Aircraft (74 voli)', 'Carrier (46 voli)']"
STT,2,368,-7.51,-2.11,66,29.94,29.88,51,217.1,220.68,"['NAS (105 voli)', 'Late Aircraft (80 voli)', 'Carrier (57 voli)']"
STT,3,456,-5.91,-2.6,73,32.16,32.14,52,287.54,302.45,"['NAS (121 voli)', 'Late Aircraft (87 voli)', 'Carrier (51 voli)']"
STT,4,401,-5.52,-5.41,75,31.73,29.38,41,132.12,119.28,"['NAS (93 voli)', 'Late Aircraft (88 voli)', 'Carrier (48 voli)']"
STT,5,377,-3.84,-3.61,84,32.3,29.27,52,242.29,246.98,"['NAS (91 voli)', 'Late Aircraft (87 voli)', 'Carrier (48 voli)']"
STT,6,336,-4.69,-8.64,96,31.28,26.91,49,132.88,133.06,"['Late Aircraft (95 voli)', 'NAS (71 voli)', 'Carrier (51 voli)']"
STT,7,323,-3.88,-5.42,86,31.15,27.79,53,204.19,206.41,"['Late Aircraft (99 voli)', 'NAS (96 voli)', 'Carrier (57 voli)']"
STT,8,256,-5.99,-8.01,63,30.84,33.16,53,191.15,184.75,"['Late Aircraft (77 voli)', 'NAS (69 voli)', 'Carrier (42 voli)']"
STT,9,167,-7.89,-13.56,20,30.2,25.79,14,220.0,219.64,"['Late Aircraft (25 voli)', 'NAS (16 voli)', 'Carrier (12 voli)']"
STT,10,198,-8.13,-13.9,29,29.93,19.52,18,225.89,217.56,"['Late Aircraft (22 voli)', 'Carrier (20 voli)', 'NAS (15 voli)']"
STT,11,260,-6.44,-13.47,28,31.71,24.21,23,172.48,163.59,"['Late Aircraft (33 voli)', 'NAS (21 voli)', 'Carrier (18 voli)']"
STT,12,310,-6.15,-11.97,70,33.29,24.24,21,165.24,157.95,"['Late Aircraft (58 voli)', 'NAS (44 voli)', 'Carrier (27 voli)']"
STX,1,103,-7.38,-3.65,26,29.69,33.35,9,120.0,120.67,"['NAS (35 voli)', 'Late Aircraft (26 voli)', 'Carrier (12 voli)']"
STX,2,108,-8.31,-2.83,12,31.42,40.25,10,99.3,103.6,"['NAS (30 voli)', 'Late Aircraft (22 voli)', 'Carrier (11 voli)']"
STX,3,117,-5.77,-0.81,16,35.25,32.31,13,260.62,260.08,"['NAS (36 voli)', 'Late Aircraft (23 voli)', 'Carrier (18 voli)']"
STX,4,82,-7.95,-3.82,15,32.0,33.13,9,129.67,129.67,"['NAS (24 voli)', 'Late Aircraft (17 voli)', 'Carrier (5 voli)']"
STX,5,77,-6.05,-7.09,13,29.46,26.62,10,127.8,122.9,"['Late Aircraft (21 voli)', 'NAS (11 voli)', 'Carrier (4 voli)']"
STX,6,59,-3.58,-3.15,27,35.93,33.59,18,293.39,293.94,"['Late Aircraft (37 voli)', 'NAS (25 voli)', 'Carrier (15 voli)']"
STX,7,53,-3.94,-5.66,22,33.64,30.55,9,114.22,107.56,"['Late Aircraft (25 voli)', 'Carrier (14 voli)', 'NAS (13 voli)']"
STX,8,30,-2.57,-3.47,22,35.64,32.76,6,101.33,95.8,"['NAS (17 voli)', 'Late Aircraft (17 voli)', 'Carrier (13 voli)']"
STX,9,31,-5.94,-8.13,10,27.9,19.4,1,62.0,68.0,"['NAS (6 voli)', 'Carrier (4 voli)', 'Late Aircraft (4 voli)']"
STX,10,31,-7.23,-11.61,6,28.0,20.0,4,332.5,318.25,"['Late Aircraft (7 voli)', 'NAS (5 voli)', 'Carrier (3 voli)']"
STX,11,53,-5.13,-11.91,15,27.47,18.67,4,93.0,98.25,"['Late Aircraft (12 voli)', 'Carrier (5 voli)', 'NAS (5 voli)']"
STX,12,89,-4.52,-6.79,17,29.0,24.12,13,122.92,113.62,"['Late Aircraft (28 voli)', 'NAS (17 voli)', 'Carrier (15 voli)']"
SUN,1,201,-6.56,-9.03,16,30.0,32.44,32,266.03,265.94,"['NAS (26 voli)', 'Weather (20 voli)', 'Late Aircraft (19 voli)']"
SUN,2,171,-6.63,-6.53,18,34.39,34.0,17,293.65,297.53,"['Carrier (21 voli)', 'NAS (20 voli)', 'Late Aircraft (11 voli)']"
SUN,3,173,-5.6,-7.62,27,34.3,33.59,12,218.75,216.0,"['NAS (32 voli)', 'Weather (15 voli)', 'Carrier (10 voli)']"
SUN,4,92,-8.42,-12.49,2,38.0,24.0,5,174.4,183.8,"['Carrier (5 voli)', 'Weather (3 voli)', 'NAS (2 voli)']"
SUN,5,102,-9.33,-11.8,2,49.5,48.5,3,104.0,101.0,"['Carrier (4 voli)', 'NAS (3 voli)']"
SUN,6,133,-8.48,-11.36,5,28.4,35.2,6,151.5,140.0,"['Carrier (6 voli)', 'Late Aircraft (4 voli)', 'NAS (4 voli)']"
SUN,7,152,-5.86,-11.65,11,38.91,37.18,12,189.92,182.5,"['Carrier (12 voli)', 'NAS (10 voli)', 'Late Aircraft (5 voli)']"
SUN,8,156,-7.49,-10.15,16,37.19,34.5,17,257.82,253.0,"['Carrier (21 voli)', 'NAS (15 voli)', 'Weather (4 voli)']"
SUN,9,127,-8.76,-12.71,3,49.67,42.0,5,262.6,270.6,"['Carrier (8 voli)', 'NAS (5 voli)']"
SUN,10,100,-8.1,-14.28,3,34.0,25.0,2,102.0,107.0,"['NAS (3 voli)', 'Carrier (2 voli)', 'Late Aircraft (1 voli)']"
SUN,11,85,-8.35,-12.07,0,NULL,NULL,1,102.0,95.0,"['Carrier (2 voli)', 'Weather (1 voli)']"
SUN,12,161,-6.84,-10.23,14,33.5,41.07,13,160.92,156.0,"['Carrier (19 voli)', 'NAS (18 voli)', 'Weather (13 voli)']"
SUX,1,25,-2.04,-14.32,6,29.0,24.17,8,181.0,166.5,"['Weather (8 voli)', 'Late Aircraft (5 voli)', 'Carrier (4 voli)']"
SUX,2,42,-5.17,-17.57,4,32.75,25.25,4,203.5,234.67,"['NAS (3 voli)', 'Carrier (3 voli)', 'Late Aircraft (3 voli)']"
SUX,3,44,-4.64,-12.09,4,41.25,27.25,5,163.2,152.6,"['Carrier (5 voli)', 'Late Aircraft (4 voli)', 'NAS (3 voli)']"
SUX,4,53,-6.91,-13.34,1,15.0,-6.0,3,75.0,66.67,"['Carrier (2 voli)', 'Late Aircraft (2 voli)', 'NAS (2 voli)']"
SUX,5,41,-5.24,-8.46,9,27.89,31.78,11,270.36,263.09,"['Carrier (10 voli)', 'NAS (9 voli)', 'Late Aircraft (5 voli)']"
SUX,6,49,-3.78,-7.08,6,34.33,31.83,5,173.6,188.6,"['NAS (7 voli)', 'Carrier (6 voli)', 'Weather (4 voli)']"
SUX,7,45,-4.87,-8.02,7,38.14,37.57,10,274.8,264.6,"['Carrier (8 voli)', 'Late Aircraft (8 voli)', 'NAS (6 voli)']"
SUX,8,48,-6.81,-5.77,8,28.75,28.88,6,151.83,150.5,"['NAS (10 voli)', 'Carrier (9 voli)', 'Late Aircraft (6 voli)']"
SUX,9,51,-5.47,-2.31,3,23.33,20.0,6,235.33,234.17,"['Late Aircraft (7 voli)', 'Carrier (6 voli)', 'NAS (5 voli)']"
SUX,10,50,-6.72,-3.34,8,26.38,28.5,4,317.5,307.0,"['Carrier (9 voli)', 'NAS (7 voli)', 'Late Aircraft (6 voli)']"
SUX,11,50,-7.18,-1.46,2,29.0,57.5,5,172.8,174.4,"['Carrier (7 voli)', 'NAS (3 voli)', 'Late Aircraft (3 voli)']"
SUX,12,53,-6.62,-0.6,3,35.33,23.67,3,265.33,254.0,"['Carrier (12 voli)', 'Weather (6 voli)', 'Late Aircraft (1 voli)']"
SWF,1,21,-7.71,-5.67,3,43.33,35.67,3,465.0,493.0,"['NAS (8 voli)', 'Carrier (4 voli)', 'Late Aircraft (3 voli)']"
SWF,2,16,-4.13,-16.06,2,43.0,37.5,3,398.33,386.33,"['Late Aircraft (3 voli)', 'Carrier (3 voli)', 'NAS (1 voli)']"
SWF,3,17,-2.29,-11.12,7,36.14,29.86,2,78.5,81.0,"['NAS (6 voli)', 'Late Aircraft (4 voli)', 'Carrier (2 voli)']"
SWF,4,21,-2.52,-14.95,5,21.4,4.2,1,210.0,218.0,"['NAS (3 voli)', 'Late Aircraft (2 voli)']"
SWF,5,17,-6.65,-10.94,6,27.67,25.67,2,107.0,110.5,"['Late Aircraft (6 voli)', 'NAS (6 voli)', 'Carrier (5 voli)']"
SWF,6,21,-4.48,-13.38,7,28.29,26.33,5,131.8,131.0,"['Late Aircraft (7 voli)', 'Carrier (5 voli)', 'NAS (4 voli)']"
SWF,7,29,-4.45,-0.59,7,23.0,20.43,10,163.2,161.4,"['Late Aircraft (13 voli)', 'NAS (13 voli)', 'Carrier (8 voli)']"
SWF,8,20,-3.75,-6.4,6,21.33,11.17,7,285.29,287.71,"['NAS (6 voli)', 'Late Aircraft (6 voli)', 'Carrier (4 voli)']"
SWF,9,12,-7.42,-8.83,1,27.0,-5.0,3,286.33,277.33,"['Carrier (2 voli)', 'NAS (2 voli)', 'Late Aircraft (1 voli)']"
SWF,10,17,-5.41,-10.65,5,27.0,22.6,2,131.5,127.0,"['Late Aircraft (5 voli)', 'NAS (3 voli)', 'Carrier (3 voli)']"
SWF,11,22,-9.64,-19.14,5,25.2,21.8,1,103.0,88.0,"['Late Aircraft (2 voli)', 'NAS (2 voli)', 'Carrier (1 voli)']"
SWF,12,34,-5.18,-16.09,2,41.0,38.5,7,113.71,102.14,"['Late Aircraft (9 voli)', 'Carrier (5 voli)', 'NAS (3 voli)']"
SWO,1,43,-7.53,-14.86,2,26.5,26.5,6,273.5,279.33,"['Weather (9 voli)', 'NAS (7 voli)', 'Carrier (3 voli)']"
SWO,2,46,-6.3,-13.26,2,41.5,49.0,2,141.5,124.0,"['Carrier (5 voli)', 'Late Aircraft (1 voli)', 'NAS (1 voli)']"
SWO,3,58,-5.4,-10.63,2,27.5,19.0,2,124.5,126.5,"['Carrier (2 voli)', 'Late Aircraft (2 voli)', 'NAS (1 voli)']"
SWO,4,48,-3.9,-6.75,5,49.4,57.2,6,155.33,165.33,"['NAS (9 voli)', 'Late Aircraft (8 voli)', 'Carrier (7 voli)']"
SWO,5,47,-7.17,-12.38,2,48.5,37.0,8,282.5,282.63,"['Weather (9 voli)', 'Carrier (5 voli)', 'NAS (2 voli)']"
SWO,6,51,-8.18,-13.88,3,27.67,32.67,6,152.83,159.17,"['Carrier (4 voli)', 'NAS (4 voli)', 'Weather (3 voli)']"
SWO,7,55,-8.4,-10.43,3,34.33,30.67,4,219.75,215.75,"['Carrier (6 voli)', 'NAS (4 voli)', 'Weather (1 voli)']"
SWO,8,56,-8.36,-8.3,4,27.25,21.5,2,212.0,211.0,"['Carrier (8 voli)', 'NAS (3 voli)', 'Weather (1 voli)']"
SWO,9,54,-7.81,-6.8,3,19.67,20.33,3,97.0,103.0,"['NAS (5 voli)', 'Carrier (4 voli)', 'Weather (1 voli)']"
SWO,10,50,-9.44,-13.0,6,30.17,24.5,5,143.6,139.8,"['Carrier (10 voli)', 'NAS (3 voli)']"
SWO,11,47,-7.62,-11.77,8,25.63,24.5,3,217.67,223.67,"['Carrier (7 voli)', 'NAS (6 voli)', 'Weather (4 voli)']"
SWO,12,48,-6.52,-12.06,3,46.33,44.0,3,268.0,260.67,"['Carrier (7 voli)', 'Weather (3 voli)', 'NAS (1 voli)']"
SYR,1,691,-4.57,-8.45,106,33.4,26.16,67,168.58,169.01,"['NAS (134 voli)', 'Late Aircraft (102 voli)', 'Carrier (94 voli)']"
SYR,2,650,-4.54,-12.18,96,30.58,21.21,57,170.26,166.05,"['NAS (96 voli)', 'Late Aircraft (78 voli)', 'Carrier (71 voli)']"
SYR,3,779,-4.12,-9.94,118,31.72,24.42,85,156.88,157.44,"['NAS (127 voli)', 'Late Aircraft (111 voli)', 'Carrier (83 voli)']"
SYR,4,884,-4.66,-9.84,90,28.63,19.26,50,145.08,143.9,"['Carrier (74 voli)', 'NAS (69 voli)', 'Late Aircraft (63 voli)']"
SYR,5,901,-4.02,-9.32,125,31.46,28.66,81,173.38,172.62,"['NAS (111 voli)', 'Carrier (108 voli)', 'Late Aircraft (100 voli)']"
SYR,6,946,-4.71,-10.17,124,31.58,26.89,69,140.33,137.31,"['NAS (107 voli)', 'Late Aircraft (103 voli)', 'Carrier (92 voli)']"
SYR,7,880,-3.24,-7.84,154,30.21,28.54,157,155.18,155.09,"['Carrier (209 voli)', 'Late Aircraft (177 voli)', 'NAS (171 voli)']"
SYR,8,824,-3.32,-6.27,144,31.97,30.77,82,165.3,168.23,"['NAS (176 voli)', 'Carrier (154 voli)', 'Late Aircraft (141 voli)']"
SYR,9,886,-5.22,-8.73,75,31.25,25.38,41,160.05,155.76,"['NAS (70 voli)', 'Carrier (69 voli)', 'Late Aircraft (53 voli)']"
SYR,10,907,-4.75,-10.61,77,32.42,21.61,35,167.31,162.4,"['Carrier (76 voli)', 'NAS (45 voli)', 'Late Aircraft (41 voli)']"
SYR,11,794,-3.93,-10.45,95,29.47,20.93,38,185.29,176.84,"['Carrier (86 voli)', 'NAS (68 voli)', 'Late Aircraft (37 voli)']"
SYR,12,745,-2.52,-4.2,147,29.41,27.46,88,141.35,140.09,"['NAS (177 voli)', 'Carrier (157 voli)', 'Late Aircraft (71 voli)']"
TLH,1,382,-3.73,-5.71,59,31.2,28.54,24,125.63,124.54,"['Late Aircraft (61 voli)', 'NAS (46 voli)', 'Carrier (45 voli)']"
TLH,2,395,-4.31,-7.09,36,29.25,26.86,28,144.0,138.29,"['Late Aircraft (48 voli)', 'Carrier (45 voli)', 'NAS (41 voli)']"
TLH,3,417,-4.36,-8.46,67,31.75,28.9,35,124.09,125.23,"['Late Aircraft (70 voli)', 'Carrier (54 voli)', 'NAS (54 voli)']"
TLH,4,434,-4.91,-8.92,43,31.72,34.74,20,131.7,126.05,"['Late Aircraft (52 voli)', 'NAS (41 voli)', 'Carrier (32 voli)']"
TLH,5,410,-3.58,-5.85,66,31.27,30.77,61,137.82,143.13,"['Late Aircraft (91 voli)', 'NAS (84 voli)', 'Carrier (69 voli)']"
TLH,6,417,-3.8,-8.22,66,31.45,27.91,35,186.34,185.09,"['Late Aircraft (59 voli)', 'Carrier (49 voli)', 'NAS (46 voli)']"
TLH,7,354,-2.63,-5.3,71,36.14,36.41,42,213.52,215.07,"['Carrier (78 voli)', 'Late Aircraft (70 voli)', 'NAS (64 voli)']"
TLH,8,435,-5.19,-8.2,53,33.45,31.9,42,117.21,115.6,"['Late Aircraft (68 voli)', 'Carrier (55 voli)', 'NAS (51 voli)']"
TLH,9,446,-4.97,-8.1,34,31.53,27.38,23,161.26,155.61,"['NAS (41 voli)', 'Late Aircraft (40 voli)', 'Weather (38 voli)']"
TLH,10,492,-5.88,-10.52,30,32.1,28.17,27,105.19,98.89,"['Carrier (38 voli)', 'NAS (32 voli)', 'Late Aircraft (26 voli)']"
TLH,11,410,-4.67,-8.13,32,30.78,25.45,7,178.43,174.86,"['NAS (30 voli)', 'Carrier (22 voli)', 'Late Aircraft (20 voli)']"
TLH,12,349,-3.7,-5.61,46,29.91,31.61,37,190.65,190.59,"['NAS (66 voli)', 'Carrier (54 voli)', 'Late Aircraft (41 voli)']"
TOL,1,28,-6.82,-13.39,8,29.88,32.38,1,120.0,121.0,"['NAS (7 voli)', 'Late Aircraft (5 voli)', 'Carrier (4 voli)']"
TOL,2,22,-0.36,-11.32,10,30.4,21.9,4,128.75,122.5,"['Carrier (9 voli)', 'Late Aircraft (9 voli)', 'NAS (6 voli)']"
TOL,3,36,-7.72,-10.47,5,34.0,21.2,10,241.1,241.0,"['NAS (10 voli)', 'Late Aircraft (8 voli)', 'Carrier (4 voli)']"
TOL,4,23,-7.43,-16.96,7,41.86,28.0,4,232.25,247.0,"['Late Aircraft (7 voli)', 'NAS (5 voli)', 'Carrier (4 voli)']"
TOL,5,19,-5.84,-10.0,7,29.71,29.86,3,163.33,162.67,"['Late Aircraft (9 voli)', 'NAS (6 voli)', 'Carrier (2 voli)']"
TOL,6,21,-7.62,-5.62,1,24.0,11.0,2,117.0,116.0,"['NAS (4 voli)', 'Late Aircraft (3 voli)', 'Carrier (1 voli)']"
TOL,7,19,-6.16,-7.0,4,25.75,32.0,2,158.5,185.0,"['NAS (4 voli)', 'Carrier (4 voli)', 'Late Aircraft (3 voli)']"
TOL,8,12,-5.83,-4.67,2,36.5,36.5,1,170.0,159.0,"['Weather (3 voli)', 'Late Aircraft (2 voli)', 'NAS (1 voli)']"
TOL,9,5,2.2,-7.8,1,57.0,42.0,2,111.0,104.0,"['Carrier (3 voli)', 'Weather (2 voli)']"
TOL,10,20,-5.9,-4.95,1,15.0,6.0,2,139.0,135.5,"['Weather (2 voli)', 'Late Aircraft (2 voli)', 'Carrier (1 voli)']"
TOL,11,21,-5.19,-8.86,5,29.4,23.0,2,72.0,65.0,"['Carrier (6 voli)', 'Late Aircraft (3 voli)', 'NAS (3 voli)']"
TOL,12,24,-8.08,-17.21,6,33.0,42.17,6,91.83,90.83,"['Late Aircraft (9 voli)', 'NAS (8 voli)', 'Carrier (6 voli)']"
TPA,1,5004,-2.29,-8.6,938,31.12,23.85,482,140.19,134.18,"['Late Aircraft (863 voli)', 'Carrier (799 voli)', 'NAS (625 voli)']"
TPA,2,5516,-3.12,-5.99,655,29.87,23.56,229,142.66,138.92,"['NAS (601 voli)', 'Late Aircraft (540 voli)', 'Carrier (500 voli)']"
TPA,3,5680,-2.22,-4.71,1222,31.68,30.14,928,149.32,150.58,"['Late Aircraft (1494 voli)', 'NAS (1422 voli)', 'Carrier (1235 voli)']"
TPA,4,5699,-2.41,-6.03,778,30.71,26.27,481,161.2,156.23,"['Late Aircraft (753 voli)', 'NAS (701 voli)', 'Carrier (696 voli)']"
TPA,5,4948,-1.58,-3.58,998,30.99,30.24,788,155.95,161.42,"['NAS (1197 voli)', 'Late Aircraft (1184 voli)', 'Carrier (1009 voli)']"
TPA,6,4488,-1.45,-6.1,1012,31.54,27.74,617,142.99,138.24,"['Late Aircraft (994 voli)', 'Carrier (858 voli)', 'NAS (757 voli)']"
TPA,7,4079,-1.68,-4.73,1147,32.75,31.51,860,154.18,152.28,"['Late Aircraft (1351 voli)', 'Carrier (1207 voli)', 'NAS (1128 voli)']"
TPA,8,4108,-2.07,-7.47,863,31.02,28.35,590,150.83,149.43,"['Late Aircraft (865 voli)', 'NAS (781 voli)', 'Carrier (719 voli)']"
TPA,9,4270,-3.14,-7.39,493,30.14,25.84,288,131.77,126.54,"['NAS (489 voli)', 'Late Aircraft (450 voli)', 'Carrier (382 voli)']"
TPA,10,4573,-3.81,-10.37,495,28.89,22.15,238,134.62,128.89,"['Weather (599 voli)', 'Late Aircraft (377 voli)', 'NAS (356 voli)']"
TPA,11,5357,-3.41,-8.86,574,30.98,25.44,238,151.34,146.43,"['NAS (471 voli)', 'Carrier (408 voli)', 'Late Aircraft (401 voli)']"
TPA,12,5070,-2.47,-8.59,1033,31.21,25.33,537,132.86,130.92,"['Late Aircraft (954 voli)', 'Carrier (807 voli)', 'NAS (684 voli)']"
TRI,1,138,-4.97,-9.4,21,34.33,30.71,16,153.19,153.0,"['Late Aircraft (20 voli)', 'NAS (20 voli)', 'Carrier (17 voli)']"
TRI,2,140,-5.49,-14.91,9,30.22,15.89,5,236.8,228.4,"['Carrier (7 voli)', 'Late Aircraft (6 voli)', 'NAS (3 voli)']"
TRI,3,128,-5.49,-14.07,16,33.75,22.19,6,104.67,102.17,"['Late Aircraft (18 voli)', 'Carrier (6 voli)', 'NAS (6 voli)']"
TRI,4,146,-5.08,-12.29,6,27.0,15.17,6,92.67,95.67,"['NAS (8 voli)', 'Late Aircraft (6 voli)', 'Carrier (5 voli)']"
TRI,5,130,-4.02,-11.81,18,33.39,31.0,16,123.69,121.25,"['Carrier (16 voli)', 'NAS (16 voli)', 'Late Aircraft (15 voli)']"
TRI,6,155,-5.5,-13.47,11,44.91,38.27,16,167.88,158.5,"['Late Aircraft (20 voli)', 'Carrier (15 voli)', 'NAS (10 voli)']"
TRI,7,151,-4.13,-9.18,16,35.31,30.81,21,136.24,139.71,"['Late Aircraft (27 voli)', 'NAS (22 voli)', 'Carrier (17 voli)']"
TRI,8,165,-5.76,-14.53,11,35.18,29.0,6,244.17,232.33,"['Late Aircraft (14 voli)', 'NAS (10 voli)', 'Carrier (7 voli)']"
TRI,9,153,-6.01,-12.05,16,30.0,26.31,7,126.14,122.14,"['Carrier (13 voli)', 'NAS (13 voli)', 'Late Aircraft (10 voli)']"
TRI,10,217,-5.3,-11.68,19,29.37,16.58,8,172.38,165.75,"['NAS (11 voli)', 'Late Aircraft (10 voli)', 'Carrier (10 voli)']"
TRI,11,153,-5.24,-12.94,17,32.29,30.71,5,446.6,443.6,"['Carrier (11 voli)', 'Late Aircraft (11 voli)', 'NAS (11 voli)']"
TRI,12,128,-2.42,-10.04,24,31.21,23.58,19,196.68,193.11,"['Carrier (27 voli)', 'Late Aircraft (24 voli)', 'NAS (19 voli)']"
TTN,1,162,-7.2,-7.78,33,37.03,37.97,15,147.53,146.64,"['NAS (33 voli)', 'Late Aircraft (32 voli)', 'Weather (18 voli)']"
TTN,2,152,-5.44,-10.57,33,34.52,23.36,15,122.87,120.4,"['NAS (27 voli)', 'Late Aircraft (25 voli)', 'Carrier (19 voli)']"
TTN,3,96,-3.11,-10.88,47,32.91,16.26,46,154.04,150.26,"['Late Aircraft (57 voli)', 'NAS (36 voli)', 'Carrier (27 voli)']"
TTN,4,114,-5.74,-12.76,29,32.1,19.45,26,151.88,148.32,"['Late Aircraft (37 voli)', 'NAS (20 voli)', 'Carrier (18 voli)']"
TTN,5,89,-7.52,-10.86,26,32.04,19.92,30,120.7,114.37,"['Late Aircraft (39 voli)', 'NAS (20 voli)', 'Carrier (13 voli)']"
TTN,6,76,-7.71,-12.7,15,33.6,25.0,15,120.67,118.27,"['Late Aircraft (27 voli)', 'NAS (19 voli)', 'Carrier (13 voli)']"
TTN,7,84,-6.56,-8.56,22,37.41,41.14,16,114.19,104.69,"['Late Aircraft (30 voli)', 'NAS (22 voli)', 'Carrier (15 voli)']"
TTN,8,74,-7.42,-12.49,15,35.4,22.6,20,160.4,149.05,"['Late Aircraft (23 voli)', 'Carrier (15 voli)', 'NAS (12 voli)']"
TTN,9,50,-10.6,-16.42,5,34.0,33.0,1,88.0,84.0,"['Late Aircraft (5 voli)', 'Carrier (2 voli)', 'Weather (2 voli)']"
TTN,10,40,-8.15,-15.23,5,33.4,26.8,4,183.25,166.75,"['Weather (6 voli)', 'Late Aircraft (6 voli)', 'Carrier (4 voli)']"
TTN,11,51,-8.86,-16.84,2,22.5,-7.0,4,142.5,123.25,"['Late Aircraft (5 voli)', 'Carrier (2 voli)', 'NAS (1 voli)']"
TTN,12,79,-7.43,-12.72,10,35.7,27.4,13,97.31,96.85,"['Carrier (10 voli)', 'Late Aircraft (10 voli)', 'NAS (9 voli)']"
TUL,1,957,-3.64,-5.16,119,31.22,33.03,86,177.7,178.9,"['NAS (165 voli)', 'Late Aircraft (132 voli)', 'Carrier (103 voli)']"
TUL,2,1000,-5.27,-8.84,72,31.58,25.85,38,125.26,118.89,"['NAS (72 voli)', 'Carrier (60 voli)', 'Late Aircraft (57 voli)']"
TUL,3,1070,-4.46,-9.43,119,31.56,26.04,69,149.84,146.54,"['Late Aircraft (121 voli)', 'NAS (90 voli)', 'Carrier (66 voli)']"
TUL,4,1162,-4.05,-7.67,128,29.55,26.03,72,162.6,163.35,"['NAS (114 voli)', 'Late Aircraft (109 voli)', 'Carrier (91 voli)']"
TUL,5,1164,-2.35,-6.01,185,32.1,28.9,123,182.31,189.57,"['NAS (198 voli)', 'Late Aircraft (181 voli)', 'Carrier (126 voli)']"
TUL,6,1211,-3.33,-8.66,187,30.84,25.62,122,151.25,147.08,"['Carrier (157 voli)', 'Late Aircraft (153 voli)', 'NAS (128 voli)']"
TUL,7,1197,-3.81,-8.99,185,32.75,29.18,134,148.32,143.99,"['Late Aircraft (213 voli)', 'Carrier (161 voli)', 'NAS (133 voli)']"
TUL,8,1282,-5.01,-10.16,127,33.23,29.43,85,153.72,147.39,"['Late Aircraft (130 voli)', 'NAS (93 voli)', 'Carrier (82 voli)']"
TUL,9,1284,-5.34,-10.25,105,33.62,28.87,51,180.04,173.0,"['Late Aircraft (92 voli)', 'Carrier (72 voli)', 'NAS (72 voli)']"
TUL,10,1458,-5.36,-10.3,76,33.18,23.97,40,119.23,109.9,"['Carrier (67 voli)', 'NAS (56 voli)', 'Late Aircraft (49 voli)']"
TUL,11,1209,-4.98,-9.8,106,30.7,24.75,48,121.02,116.6,"['Carrier (83 voli)', 'NAS (73 voli)', 'Late Aircraft (70 voli)']"
TUL,12,1181,-4.06,-9.35,146,30.82,26.25,101,162.12,160.98,"['Late Aircraft (118 voli)', 'NAS (116 voli)', 'Carrier (109 voli)']"
TUS,1,1293,-3.85,-7.57,162,31.65,26.31,96,168.19,161.84,"['Late Aircraft (136 voli)', 'Carrier (119 voli)', 'NAS (116 voli)']"
TUS,2,1223,-3.29,-7.45,154,30.75,27.18,75,167.41,162.41,"['NAS (136 voli)', 'Carrier (116 voli)', 'Late Aircraft (104 voli)']"
TUS,3,1410,-3.39,-7.2,202,32.87,29.18,78,147.08,144.01,"['NAS (145 voli)', 'Carrier (144 voli)', 'Late Aircraft (137 voli)']"
TUS,4,1356,-3.28,-7.06,190,30.54,25.28,86,154.87,155.85,"['NAS (146 voli)', 'Late Aircraft (129 voli)', 'Carrier (106 voli)']"
TUS,5,1242,-2.91,-5.42,225,32.31,28.66,137,152.16,152.44,"['NAS (195 voli)', 'Carrier (184 voli)', 'Late Aircraft (179 voli)']"
TUS,6,1087,-3.42,-6.71,167,31.62,27.75,94,150.57,149.0,"['Carrier (135 voli)', 'Late Aircraft (133 voli)', 'NAS (128 voli)']"
TUS,7,1104,-4.23,-5.75,165,33.41,33.65,98,175.11,173.98,"['Late Aircraft (146 voli)', 'Carrier (136 voli)', 'NAS (134 voli)']"
TUS,8,1204,-4.38,-6.86,134,31.21,30.05,76,154.78,153.5,"['NAS (121 voli)', 'Late Aircraft (117 voli)', 'Carrier (106 voli)']"
TUS,9,1356,-5.21,-10.42,106,30.18,24.91,60,143.97,138.68,"['NAS (78 voli)', 'Late Aircraft (72 voli)', 'Carrier (66 voli)']"
TUS,10,1530,-4.68,-8.03,121,30.53,25.12,63,158.78,157.27,"['NAS (92 voli)', 'Carrier (87 voli)', 'Late Aircraft (75 voli)']"
TUS,11,1486,-4.4,-8.68,129,30.89,25.85,70,131.19,128.03,"['Carrier (108 voli)', 'NAS (88 voli)', 'Late Aircraft (87 voli)']"
TUS,12,1535,-4.33,-8.84,168,31.88,26.68,120,183.14,182.29,"['Carrier (152 voli)', 'Late Aircraft (128 voli)', 'NAS (120 voli)']"
TVC,1,103,-1.76,-3.29,34,32.47,27.5,33,242.36,243.52,"['NAS (44 voli)', 'Carrier (30 voli)', 'Weather (29 voli)']"
TVC,2,156,-2.34,-13.48,18,32.5,26.22,16,177.25,168.88,"['NAS (17 voli)', 'Late Aircraft (11 voli)', 'Weather (11 voli)']"
TVC,3,162,-2.27,-9.55,15,31.67,22.8,21,166.48,155.81,"['Carrier (20 voli)', 'NAS (19 voli)', 'Late Aircraft (15 voli)']"
TVC,4,182,-3.79,-7.66,24,29.88,21.58,11,136.91,128.45,"['NAS (20 voli)', 'Carrier (17 voli)', 'Late Aircraft (15 voli)']"
TVC,5,211,-3.93,-7.27,31,32.35,33.42,18,143.33,141.72,"['NAS (30 voli)', 'Carrier (24 voli)', 'Late Aircraft (18 voli)']"
TVC,6,384,-3.92,-6.38,64,31.22,28.59,49,196.37,196.67,"['Carrier (83 voli)', 'NAS (63 voli)', 'Late Aircraft (52 voli)']"
TVC,7,446,-2.08,-1.69,87,33.66,34.35,56,133.45,127.85,"['Carrier (121 voli)', 'NAS (101 voli)', 'Late Aircraft (83 voli)']"
TVC,8,446,-2.42,-3.44,83,30.45,31.05,69,139.8,138.28,"['NAS (91 voli)', 'Carrier (86 voli)', 'Late Aircraft (82 voli)']"
TVC,9,348,-3.06,-5.29,34,32.21,26.0,16,115.81,109.19,"['NAS (40 voli)', 'Carrier (36 voli)', 'Late Aircraft (23 voli)']"
TVC,10,247,-4.29,-10.45,25,28.4,19.0,10,304.2,300.5,"['Carrier (14 voli)', 'NAS (11 voli)', 'Late Aircraft (9 voli)']"
TVC,11,158,-4.61,-9.62,16,31.0,25.25,9,124.67,115.78,"['NAS (17 voli)', 'Carrier (13 voli)', 'Late Aircraft (5 voli)']"
TVC,12,202,-2.36,-0.31,52,33.12,42.98,32,223.59,230.31,"['NAS (84 voli)', 'Carrier (49 voli)', 'Late Aircraft (28 voli)']"
TWF,1,54,-6.81,-7.89,2,25.5,16.5,2,135.5,153.5,"['Weather (5 voli)', 'NAS (4 voli)', 'Carrier (2 voli)']"
TWF,2,54,-6.76,-8.48,1,25.0,26.0,3,139.0,141.0,"['Carrier (9 voli)', 'NAS (4 voli)']"
TWF,3,60,-7.12,-6.33,1,58.0,38.0,1,75.0,64.0,"['Carrier (3 voli)', 'Weather (1 voli)']"
TWF,4,55,-6.0,-14.27,2,27.5,19.5,3,126.33,116.0,"['Carrier (6 voli)']"
TWF,5,57,-5.49,-14.4,0,NULL,NULL,5,120.0,110.2,"['Carrier (4 voli)', 'NAS (1 voli)', 'Weather (1 voli)']"
TWF,6,56,-6.41,-13.57,1,58.0,45.0,3,85.0,75.33,"['Carrier (4 voli)']"
TWF,7,55,-6.84,-13.71,2,32.5,29.0,5,134.0,129.2,"['Carrier (6 voli)', 'NAS (1 voli)', 'Weather (1 voli)']"
TWF,8,59,-7.56,-12.9,2,22.5,21.0,1,88.0,87.0,"['Carrier (3 voli)', 'NAS (1 voli)', 'Weather (1 voli)']"
TWF,9,53,-6.79,-13.58,3,31.67,29.33,0,NULL,NULL,"['NAS (2 voli)', 'Carrier (2 voli)']"
TWF,10,53,-6.64,-9.09,0,NULL,NULL,0,NULL,NULL,"['Carrier (2 voli)']"
TWF,11,45,-5.42,-7.89,1,55.0,48.0,0,NULL,NULL,"['Carrier (6 voli)']"
TWF,12,48,-4.52,-13.63,3,29.33,12.0,1,65.0,50.0,"['Carrier (2 voli)', 'Weather (2 voli)']"
TXK,1,54,-6.22,-1.39,1,23.0,18.0,8,166.38,174.38,"['Weather (10 voli)', 'Carrier (9 voli)', 'NAS (5 voli)']"
TXK,2,51,-4.27,-2.9,6,28.33,24.5,1,442.0,427.0,"['Carrier (6 voli)', 'NAS (6 voli)', 'Late Aircraft (1 voli)']"
TXK,3,54,-3.67,-4.64,3,34.0,37.0,4,125.75,147.25,"['NAS (8 voli)', 'Weather (5 voli)', 'Late Aircraft (5 voli)']"
TXK,4,44,-2.93,-0.45,8,32.13,42.25,7,137.57,127.33,"['NAS (10 voli)', 'Late Aircraft (7 voli)', 'Carrier (5 voli)']"
TXK,5,46,-4.8,-3.96,5,24.4,47.2,7,174.43,180.57,"['NAS (10 voli)', 'Weather (8 voli)', 'Carrier (5 voli)']"
TXK,6,40,-3.2,-4.8,10,35.3,27.9,8,212.25,207.5,"['Late Aircraft (10 voli)', 'Carrier (9 voli)', 'NAS (6 voli)']"
TXK,7,46,-3.39,-4.0,7,30.71,26.0,7,204.29,199.57,"['Carrier (11 voli)', 'Late Aircraft (9 voli)', 'NAS (7 voli)']"
TXK,8,49,-5.51,-7.2,7,30.0,30.29,6,308.83,303.5,"['Carrier (7 voli)', 'Late Aircraft (4 voli)', 'NAS (4 voli)']"
TXK,9,49,-6.02,-10.84,5,19.6,15.6,4,179.25,169.25,"['Late Aircraft (5 voli)', 'NAS (3 voli)', 'Carrier (2 voli)']"
TXK,10,53,-6.23,-11.62,6,37.5,27.83,3,142.33,143.33,"['Carrier (5 voli)', 'Late Aircraft (2 voli)', 'Weather (2 voli)']"
TXK,11,42,-6.5,-14.24,8,32.13,26.25,4,204.5,195.75,"['Carrier (7 voli)', 'NAS (5 voli)', 'Weather (4 voli)']"
TXK,12,47,-5.3,-11.04,3,42.0,32.33,8,202.63,195.88,"['Carrier (8 voli)', 'Weather (5 voli)', 'NAS (4 voli)']"
TYR,1,67,-4.51,-4.06,6,31.0,30.83,12,224.5,235.33,"['Weather (14 voli)', 'Carrier (13 voli)', 'NAS (11 voli)']"
TYR,2,64,-6.23,-9.51,4,44.75,30.25,10,255.2,249.8,"['Carrier (10 voli)', 'Late Aircraft (4 voli)', 'NAS (4 voli)']"
TYR,3,73,-6.37,-14.53,4,33.25,27.0,8,172.13,162.5,"['NAS (6 voli)', 'Weather (6 voli)', 'Late Aircraft (3 voli)']"
TYR,4,78,-4.46,-3.79,5,34.8,41.2,4,112.75,113.25,"['Weather (9 voli)', 'NAS (8 voli)', 'Late Aircraft (3 voli)']"
TYR,5,66,-5.59,-11.18,7,40.29,41.14,17,179.47,186.12,"['NAS (13 voli)', 'Carrier (13 voli)', 'Weather (6 voli)']"
TYR,6,71,-6.04,-13.48,7,31.57,19.43,9,176.56,168.56,"['Carrier (6 voli)', 'Weather (6 voli)', 'Late Aircraft (3 voli)']"
TYR,7,65,-2.32,-5.94,18,31.11,23.5,5,127.6,122.4,"['Late Aircraft (20 voli)', 'Carrier (17 voli)', 'NAS (14 voli)']"
TYR,8,82,-7.3,-12.6,5,35.0,31.2,5,304.0,294.4,"['Carrier (8 voli)', 'Late Aircraft (3 voli)', 'NAS (3 voli)']"
TYR,9,79,-1.84,-6.71,7,24.14,16.71,3,93.67,109.33,"['NAS (9 voli)', 'Carrier (7 voli)', 'Late Aircraft (6 voli)']"
TYR,10,72,-6.14,-11.72,12,33.42,23.75,5,183.8,171.4,"['Carrier (9 voli)', 'Late Aircraft (5 voli)', 'NAS (2 voli)']"
TYR,11,61,-5.03,-10.18,13,34.85,26.92,5,156.4,145.4,"['Carrier (9 voli)', 'Weather (9 voli)', 'Late Aircraft (5 voli)']"
TYR,12,54,-4.37,-6.58,15,32.6,33.67,16,152.81,143.31,"['Carrier (18 voli)', 'Weather (12 voli)', 'NAS (11 voli)']"
TYS,1,749,-5.13,-7.58,115,32.96,30.93,110,157.63,156.15,"['NAS (165 voli)', 'Late Aircraft (141 voli)', 'Carrier (117 voli)']"
TYS,2,861,-6.61,-10.81,72,32.43,24.93,25,121.48,113.32,"['NAS (57 voli)', 'Carrier (56 voli)', 'Late Aircraft (49 voli)']"
TYS,3,899,-5.69,-10.03,113,32.81,27.95,73,191.04,187.6,"['Late Aircraft (101 voli)', 'NAS (98 voli)', 'Carrier (77 voli)']"
TYS,4,995,-5.51,-10.01,111,32.53,31.56,60,154.53,149.49,"['Late Aircraft (108 voli)', 'NAS (102 voli)', 'Carrier (89 voli)']"
TYS,5,987,-4.59,-8.0,163,33.2,30.91,142,167.77,172.28,"['Late Aircraft (180 voli)', 'NAS (180 voli)', 'Carrier (139 voli)']"
TYS,6,1156,-4.92,-9.86,164,31.07,25.12,94,174.31,168.85,"['Carrier (137 voli)', 'Late Aircraft (136 voli)', 'NAS (124 voli)']"
TYS,7,1097,-5.43,-9.57,180,32.0,28.75,160,161.81,161.16,"['Carrier (206 voli)', 'Late Aircraft (195 voli)', 'NAS (176 voli)']"
TYS,8,1160,-5.76,-9.15,132,31.67,32.85,111,170.98,169.66,"['NAS (148 voli)', 'Late Aircraft (147 voli)', 'Carrier (134 voli)']"
TYS,9,1143,-5.68,-10.75,144,31.06,27.04,61,191.61,186.69,"['Late Aircraft (121 voli)', 'Carrier (110 voli)', 'NAS (98 voli)']"
TYS,10,1391,-5.59,-10.81,160,29.18,22.03,46,177.35,172.76,"['Late Aircraft (107 voli)', 'Carrier (102 voli)', 'NAS (97 voli)']"
TYS,11,1155,-5.85,-11.77,95,28.18,22.41,63,152.51,148.73,"['Late Aircraft (89 voli)', 'Carrier (84 voli)', 'NAS (82 voli)']"
TYS,12,1019,-4.26,-9.45,185,31.59,24.32,85,183.61,180.19,"['Late Aircraft (163 voli)', 'NAS (147 voli)', 'Carrier (144 voli)']"
USA,1,51,-7.78,-11.94,12,37.17,31.92,2,77.5,103.5,"['Late Aircraft (10 voli)', 'Carrier (6 voli)', 'NAS (3 voli)']"
USA,2,40,-4.88,-9.55,8,42.88,31.38,7,163.0,172.57,"['Late Aircraft (10 voli)', 'Carrier (6 voli)', 'NAS (5 voli)']"
USA,3,37,-5.35,-9.11,11,34.18,30.09,13,212.08,207.08,"['Late Aircraft (21 voli)', 'NAS (10 voli)', 'Carrier (8 voli)']"
USA,4,35,-6.09,-14.31,13,25.15,16.62,6,256.67,254.5,"['NAS (9 voli)', 'Late Aircraft (7 voli)', 'Carrier (5 voli)']"
USA,5,45,-3.96,-7.07,5,30.2,27.2,10,157.5,152.8,"['Late Aircraft (12 voli)', 'NAS (6 voli)', 'Carrier (5 voli)']"
USA,6,37,-5.35,-6.86,13,33.77,36.23,9,113.33,109.89,"['Late Aircraft (19 voli)', 'NAS (13 voli)', 'Carrier (12 voli)']"
USA,7,38,0.32,2.11,10,40.4,40.2,11,322.91,333.64,"['Late Aircraft (20 voli)', 'NAS (16 voli)', 'Carrier (13 voli)']"
USA,8,25,-7.44,-11.0,13,31.62,31.85,8,122.25,119.75,"['Late Aircraft (14 voli)', 'NAS (9 voli)', 'Carrier (5 voli)']"
USA,9,36,-8.06,-9.47,4,30.0,27.5,3,169.67,174.67,"['Carrier (4 voli)', 'Late Aircraft (4 voli)', 'NAS (3 voli)']"
USA,10,34,-6.59,-9.94,6,26.67,22.5,3,131.0,124.0,"['Late Aircraft (8 voli)', 'Carrier (5 voli)', 'NAS (3 voli)']"
USA,11,41,-4.98,-8.98,14,26.43,21.85,1,76.0,63.0,"['Late Aircraft (9 voli)', 'NAS (5 voli)', 'Carrier (3 voli)']"
USA,12,32,-3.19,-8.84,21,29.71,21.71,17,136.59,137.06,"['Late Aircraft (29 voli)', 'Carrier (18 voli)', 'NAS (16 voli)']"
VCT,1,42,-7.52,-17.02,3,50.0,47.33,4,386.75,385.25,"['Late Aircraft (4 voli)', 'NAS (4 voli)', 'Weather (3 voli)']"
VCT,2,43,-9.09,-17.14,2,33.0,19.5,3,364.33,363.67,"['Carrier (3 voli)', 'NAS (1 voli)']"
VCT,3,47,-6.11,-13.72,2,37.0,38.0,3,209.67,212.0,"['Late Aircraft (2 voli)', 'NAS (2 voli)', 'Weather (2 voli)']"
VCT,4,48,-5.77,-13.08,1,17.0,8.0,2,80.5,83.0,"['Late Aircraft (2 voli)', 'NAS (1 voli)']"
VCT,5,41,-5.51,-11.83,0,NULL,NULL,6,231.17,234.0,"['Weather (8 voli)', 'NAS (4 voli)', 'Late Aircraft (3 voli)']"
VCT,6,46,-4.35,-10.29,2,49.5,44.0,3,234.67,237.0,"['Late Aircraft (5 voli)', 'NAS (1 voli)']"
VCT,7,36,-5.81,-11.64,3,31.67,38.33,10,156.6,159.8,"['NAS (8 voli)', 'Weather (7 voli)', 'Late Aircraft (6 voli)']"
VCT,8,47,-9.62,-17.89,2,34.0,33.0,4,186.0,183.25,"['Late Aircraft (6 voli)', 'NAS (3 voli)']"
VCT,9,47,-8.96,-13.26,2,20.0,12.5,6,198.83,201.83,"['Carrier (7 voli)', 'Late Aircraft (2 voli)', 'NAS (2 voli)']"
VCT,10,37,-6.19,-10.65,4,43.25,34.5,10,159.3,156.9,"['Carrier (9 voli)', 'Late Aircraft (4 voli)', 'NAS (2 voli)']"
VCT,11,39,-6.03,-15.03,0,NULL,NULL,11,160.45,157.55,"['Carrier (6 voli)', 'NAS (5 voli)', 'Late Aircraft (3 voli)']"
VCT,12,48,-4.27,-9.65,2,25.0,20.0,5,189.0,202.4,"['Carrier (3 voli)', 'Late Aircraft (3 voli)', 'NAS (2 voli)']"
VEL,1,45,-7.51,-12.33,2,25.0,8.5,3,473.33,491.33,"['NAS (6 voli)', 'Carrier (2 voli)', 'Late Aircraft (2 voli)']"
VLD,1,53,-5.26,-12.77,3,37.0,21.0,5,141.6,139.25,"['Late Aircraft (4 voli)', 'Carrier (2 voli)', 'NAS (2 voli)']"
VLD,2,52,-4.87,-13.27,3,46.0,44.0,3,140.33,131.33,"['Late Aircraft (4 voli)', 'Carrier (2 voli)', 'NAS (2 voli)']"
VLD,3,52,-3.15,-7.31,6,23.17,22.5,4,155.5,161.75,"['Carrier (6 voli)', 'NAS (6 voli)', 'Weather (4 voli)']"
VLD,4,54,-3.89,-5.43,3,30.67,31.33,3,75.33,77.67,"['NAS (5 voli)', 'Late Aircraft (3 voli)', 'Carrier (2 voli)']"
VLD,5,48,-3.9,-7.38,9,36.67,36.44,4,246.5,253.75,"['NAS (10 voli)', 'Late Aircraft (8 voli)', 'Carrier (6 voli)']"
VLD,6,56,-3.66,-10.98,3,37.0,36.33,1,66.0,58.0,"['Late Aircraft (3 voli)', 'NAS (2 voli)', 'Carrier (1 voli)']"
VLD,7,46,-5.11,-8.39,3,26.67,32.33,8,138.25,143.13,"['NAS (11 voli)', 'Carrier (8 voli)', 'Late Aircraft (5 voli)']"
VLD,8,50,-5.0,-11.64,5,30.8,20.4,3,150.67,142.67,"['Late Aircraft (5 voli)', 'Carrier (5 voli)', 'NAS (4 voli)']"
VLD,9,46,-4.37,-3.11,3,23.33,25.0,2,133.0,129.0,"['Weather (6 voli)', 'Carrier (5 voli)', 'NAS (5 voli)']"
VLD,10,66,-4.24,-5.65,5,35.4,36.0,7,193.71,195.57,"['NAS (12 voli)', 'Late Aircraft (6 voli)', 'Carrier (5 voli)']"
VLD,11,72,-5.42,-11.24,3,31.33,20.33,1,161.0,148.0,"['NAS (3 voli)', 'Carrier (1 voli)', 'Late Aircraft (1 voli)']"
VLD,12,58,-2.74,-9.33,12,35.67,29.08,8,133.75,128.25,"['Late Aircraft (15 voli)', 'Carrier (9 voli)', 'NAS (4 voli)']"
VPS,1,437,-5.38,-10.76,51,31.02,25.73,41,255.9,251.9,"['Late Aircraft (56 voli)', 'NAS (41 voli)', 'Carrier (39 voli)']"
VPS,2,518,-5.74,-9.8,31,30.13,23.32,20,226.95,220.25,"['NAS (37 voli)', 'Carrier (30 voli)', 'Late Aircraft (25 voli)']"
VPS,3,632,-4.81,-10.26,82,30.16,23.79,61,176.8,174.89,"['Late Aircraft (101 voli)', 'Carrier (68 voli)', 'NAS (65 voli)']"
VPS,4,654,-4.27,-8.73,107,30.28,25.58,55,165.27,165.8,"['Late Aircraft (97 voli)', 'Carrier (83 voli)', 'NAS (74 voli)']"
VPS,5,633,-3.03,-7.1,149,31.79,27.4,110,156.53,156.92,"['Late Aircraft (171 voli)', 'Carrier (128 voli)', 'NAS (116 voli)']"
VPS,6,883,-4.69,-11.17,136,32.57,28.73,91,118.96,115.98,"['Late Aircraft (138 voli)', 'Carrier (120 voli)', 'NAS (85 voli)']"
VPS,7,781,-3.37,-7.52,173,31.66,28.94,143,171.83,171.7,"['Late Aircraft (202 voli)', 'Carrier (175 voli)', 'NAS (146 voli)']"
VPS,8,746,-4.48,-9.31,139,32.9,33.07,69,147.71,142.61,"['Late Aircraft (132 voli)', 'Carrier (124 voli)', 'NAS (93 voli)']"
VPS,9,640,-4.19,-8.96,84,32.08,30.3,31,152.0,144.61,"['Late Aircraft (77 voli)', 'NAS (61 voli)', 'Carrier (60 voli)']"
VPS,10,757,-4.83,-8.49,68,28.9,24.84,17,223.76,220.59,"['NAS (45 voli)', 'Late Aircraft (43 voli)', 'Carrier (42 voli)']"
VPS,11,551,-5.04,-9.07,55,29.53,24.22,19,146.16,144.47,"['Late Aircraft (42 voli)', 'NAS (38 voli)', 'Carrier (34 voli)']"
VPS,12,466,-3.63,-6.57,74,30.73,31.26,64,250.08,247.34,"['Carrier (87 voli)', 'Late Aircraft (84 voli)', 'NAS (68 voli)']"
WRG,1,43,-9.63,-10.6,7,26.86,36.29,6,75.67,71.67,"['Late Aircraft (13 voli)', 'NAS (8 voli)', 'Carrier (3 voli)']"
WRG,2,50,-12.92,-15.76,3,23.67,22.33,1,232.0,224.0,"['Late Aircraft (3 voli)', 'Carrier (2 voli)', 'NAS (1 voli)']"
WRG,3,51,-11.39,-14.12,5,33.6,32.6,2,119.5,109.0,"['Late Aircraft (6 voli)', 'NAS (3 voli)']"
WRG,4,48,-10.06,-14.63,6,31.33,29.83,2,76.0,74.5,"['Late Aircraft (6 voli)', 'Carrier (2 voli)', 'NAS (2 voli)']"
WRG,5,48,-8.63,-12.6,12,31.83,28.75,1,246.0,238.0,"['Late Aircraft (14 voli)', 'NAS (3 voli)']"
WRG,6,55,-6.84,-9.36,4,33.25,31.5,1,85.0,81.0,"['Late Aircraft (4 voli)', 'NAS (3 voli)', 'Carrier (1 voli)']"
WRG,7,56,-4.71,-7.38,4,27.25,37.75,2,72.0,64.5,"['Late Aircraft (4 voli)', 'NAS (4 voli)', 'Carrier (1 voli)']"
WRG,8,46,-7.37,-10.04,11,28.55,29.82,4,127.5,148.33,"['Late Aircraft (9 voli)', 'NAS (6 voli)', 'Weather (3 voli)']"
WRG,9,56,-7.43,-8.77,2,25.5,30.5,1,189.0,191.0,"['NAS (4 voli)', 'Carrier (3 voli)', 'Late Aircraft (3 voli)']"
WRG,10,52,-10.08,-11.65,6,27.0,20.17,3,123.0,103.0,"['Late Aircraft (7 voli)', 'NAS (2 voli)', 'Carrier (1 voli)']"
WRG,11,51,-9.71,-11.53,3,30.67,37.67,0,NULL,NULL,"['Late Aircraft (3 voli)', 'NAS (2 voli)', 'Carrier (1 voli)']"
WRG,12,51,-10.8,-11.2,5,46.0,60.6,2,149.5,151.0,"['Late Aircraft (8 voli)', 'NAS (6 voli)', 'Weather (5 voli)']"
WYS,5,26,-5.81,-11.27,4,35.75,23.5,3,202.67,192.67,"['Weather (4 voli)', 'Carrier (2 voli)', 'NAS (1 voli)']"
WYS,6,47,-7.09,-10.3,1,16.0,-2.0,9,311.89,306.78,"['Carrier (8 voli)', 'NAS (5 voli)', 'Weather (5 voli)']"
WYS,7,55,-6.25,-8.42,8,29.5,27.25,7,137.0,127.43,"['Carrier (13 voli)', 'NAS (4 voli)', 'Weather (1 voli)']"
WYS,8,66,-9.53,-11.21,3,25.33,25.33,2,262.5,252.5,"['Carrier (3 voli)', 'Weather (3 voli)', 'NAS (1 voli)']"
WYS,9,54,-8.93,-13.78,0,NULL,NULL,4,141.75,134.5,"['Carrier (3 voli)', 'Weather (2 voli)', 'Late Aircraft (1 voli)']"
WYS,10,15,-10.13,-15.67,0,NULL,NULL,0,NULL,NULL,"[]"
XNA,1,694,-3.93,-3.55,124,31.56,41.27,101,183.45,196.84,"['NAS (216 voli)', 'Weather (121 voli)', 'Late Aircraft (121 voli)']"
XNA,2,794,-4.74,-6.63,76,29.7,24.53,27,244.15,242.92,"['NAS (76 voli)', 'Carrier (55 voli)', 'Late Aircraft (47 voli)']"
XNA,3,834,-4.65,-8.84,90,27.78,23.84,71,147.13,145.52,"['Late Aircraft (85 voli)', 'NAS (79 voli)', 'Carrier (60 voli)']"
XNA,4,884,-3.46,-7.58,99,29.53,24.23,68,156.65,151.54,"['Late Aircraft (94 voli)', 'NAS (78 voli)', 'Carrier (71 voli)']"
XNA,5,853,-3.32,-6.7,147,31.38,33.84,119,160.92,166.83,"['NAS (179 voli)', 'Late Aircraft (152 voli)', 'Carrier (104 voli)']"
XNA,6,901,-3.85,-8.63,154,32.7,30.28,100,135.82,134.37,"['Late Aircraft (146 voli)', 'Carrier (120 voli)', 'NAS (117 voli)']"
XNA,7,843,-2.8,-5.32,201,31.66,28.22,139,139.17,136.8,"['Late Aircraft (179 voli)', 'Carrier (175 voli)', 'NAS (172 voli)']"
XNA,8,1001,-4.55,-8.45,128,29.18,24.98,72,157.81,156.81,"['NAS (114 voli)', 'Carrier (104 voli)', 'Late Aircraft (94 voli)']"
XNA,9,1056,-4.73,-9.0,90,30.63,25.53,54,200.15,193.43,"['NAS (89 voli)', 'Carrier (76 voli)', 'Late Aircraft (67 voli)']"
XNA,10,1173,-4.97,-8.87,71,31.75,22.97,35,173.66,164.51,"['Carrier (61 voli)', 'Late Aircraft (54 voli)', 'NAS (52 voli)']"
XNA,11,1048,-4.3,-8.81,106,29.54,22.89,59,157.39,161.34,"['NAS (91 voli)', 'Late Aircraft (75 voli)', 'Carrier (64 voli)']"
XNA,12,998,-3.17,-7.86,148,30.67,26.97,86,167.2,168.22,"['NAS (145 voli)', 'Late Aircraft (118 voli)', 'Carrier (106 voli)']"
XWA,1,80,-3.68,-7.68,16,31.31,22.25,20,194.0,191.75,"['NAS (20 voli)', 'Carrier (19 voli)', 'Weather (13 voli)']"
XWA,2,75,-3.63,-12.56,10,39.0,37.7,16,226.63,220.94,"['Weather (17 voli)', 'Carrier (16 voli)', 'NAS (11 voli)']"
XWA,3,100,-3.17,-9.22,8,34.75,32.25,13,310.08,299.15,"['Carrier (19 voli)', 'NAS (15 voli)', 'Weather (9 voli)']"
XWA,4,120,-5.98,-15.53,7,32.14,25.0,6,153.83,152.5,"['Carrier (9 voli)', 'NAS (7 voli)', 'Late Aircraft (4 voli)']"
XWA,5,154,-5.59,-12.29,6,35.83,26.67,11,189.18,183.27,"['NAS (12 voli)', 'Carrier (10 voli)', 'Late Aircraft (3 voli)']"
XWA,6,130,-4.79,-6.05,24,30.75,37.29,13,188.69,193.46,"['Carrier (30 voli)', 'NAS (23 voli)', 'Late Aircraft (6 voli)']"
XWA,7,124,-4.94,-6.1,16,30.5,32.31,23,106.96,106.04,"['Carrier (35 voli)', 'NAS (22 voli)', 'Late Aircraft (6 voli)']"
XWA,8,138,-6.1,-8.02,11,33.64,40.64,17,146.18,142.18,"['Carrier (19 voli)', 'NAS (14 voli)', 'Late Aircraft (5 voli)']"
XWA,9,144,-6.83,-13.39,14,34.07,29.57,6,197.67,198.0,"['Carrier (15 voli)', 'NAS (10 voli)', 'Security (3 voli)']"
XWA,10,139,-6.6,-14.46,8,34.88,26.75,8,330.88,318.5,"['Carrier (12 voli)', 'NAS (4 voli)', 'Late Aircraft (3 voli)']"
XWA,11,119,-4.77,-4.06,11,29.45,42.0,24,255.42,254.13,"['Carrier (34 voli)', 'Weather (17 voli)', 'NAS (15 voli)']"
XWA,12,124,-2.15,-2.97,19,31.79,27.84,25,299.8,288.04,"['Carrier (32 voli)', 'NAS (20 voli)', 'Weather (11 voli)']"
YAK,1,37,-9.62,-9.97,9,42.89,44.56,4,80.75,83.5,"['Late Aircraft (12 voli)', 'NAS (9 voli)', 'Weather (4 voli)']"
YAK,2,40,-12.05,-11.92,6,26.67,27.2,1,237.0,242.0,"['Late Aircraft (4 voli)', 'NAS (4 voli)', 'Carrier (2 voli)']"
YAK,3,46,-14.11,-14.7,7,30.29,23.29,5,89.4,86.8,"['Late Aircraft (7 voli)', 'NAS (3 voli)', 'Weather (3 voli)']"
YAK,4,45,-13.64,-15.84,4,32.0,21.67,3,138.33,140.67,"['Late Aircraft (5 voli)', 'NAS (4 voli)', 'Carrier (3 voli)']"
YAK,5,54,-11.81,-12.44,3,29.67,27.0,2,81.5,121.5,"['Late Aircraft (4 voli)', 'NAS (3 voli)', 'Carrier (2 voli)']"
YAK,6,50,-10.98,-11.8,9,24.11,19.44,1,61.0,50.0,"['Late Aircraft (5 voli)', 'NAS (3 voli)', 'Carrier (1 voli)']"
YAK,7,48,-3.77,-6.1,10,29.6,29.9,1,171.0,205.0,"['Late Aircraft (11 voli)', 'NAS (9 voli)', 'Carrier (5 voli)']"
YAK,8,41,-7.76,-9.9,17,26.0,24.59,3,148.0,110.0,"['Late Aircraft (11 voli)', 'NAS (6 voli)', 'Carrier (5 voli)']"
YAK,9,47,-6.34,-7.96,8,31.25,26.25,3,110.33,106.67,"['Late Aircraft (9 voli)', 'Carrier (3 voli)', 'Security (2 voli)']"
YAK,10,46,-13.63,-14.11,3,31.33,32.67,2,98.0,78.0,"['Late Aircraft (4 voli)', 'NAS (3 voli)']"
YAK,11,44,-16.2,-15.91,2,40.0,38.5,1,80.0,77.0,"['Late Aircraft (3 voli)', 'NAS (2 voli)']"
YAK,12,43,-14.4,-16.9,7,38.0,37.29,1,156.0,167.0,"['Late Aircraft (6 voli)', 'Weather (5 voli)', 'NAS (3 voli)']"
YUM,1,94,-6.62,-7.41,9,27.89,26.0,8,181.25,185.88,"['Carrier (11 voli)', 'NAS (11 voli)', 'Late Aircraft (3 voli)']"
YUM,2,112,-6.17,-10.01,8,26.13,27.88,4,142.0,153.0,"['NAS (7 voli)', 'Carrier (6 voli)', 'Late Aircraft (5 voli)']"
YUM,3,118,-5.03,-8.26,3,33.33,29.0,9,185.33,184.56,"['Carrier (12 voli)', 'NAS (12 voli)', 'Weather (3 voli)']"
YUM,4,117,-5.54,-6.65,6,44.17,38.33,6,403.67,399.83,"['Carrier (10 voli)', 'NAS (6 voli)', 'Late Aircraft (3 voli)']"
YUM,5,113,-4.12,-5.15,12,38.67,35.0,11,199.45,195.0,"['Carrier (23 voli)', 'NAS (9 voli)', 'Late Aircraft (7 voli)']"
YUM,6,102,-4.38,-4.75,8,30.5,26.88,8,141.0,135.38,"['Carrier (13 voli)', 'NAS (9 voli)', 'Late Aircraft (7 voli)']"
YUM,7,97,-4.43,-6.78,11,29.09,21.91,8,271.25,267.25,"['Carrier (13 voli)', 'Late Aircraft (7 voli)', 'NAS (6 voli)']"
YUM,8,154,-6.75,-8.19,6,28.17,23.5,7,104.71,107.86,"['NAS (8 voli)', 'Late Aircraft (7 voli)', 'Carrier (7 voli)']"
YUM,9,154,-6.07,-12.38,5,28.0,18.4,7,316.57,317.43,"['Carrier (6 voli)', 'Late Aircraft (5 voli)', 'NAS (5 voli)']"
YUM,10,159,-4.69,-7.01,14,30.64,27.86,6,189.17,185.0,"['NAS (12 voli)', 'Late Aircraft (12 voli)', 'Carrier (11 voli)']"
YUM,11,150,-5.87,-10.89,7,37.0,37.29,10,288.0,307.89,"['Carrier (8 voli)', 'Late Aircraft (8 voli)', 'NAS (6 voli)']"
YUM,12,131,-6.36,-8.64,14,35.57,32.36,13,134.31,130.23,"['Carrier (18 voli)', 'Late Aircraft (10 voli)', 'NAS (6 voli)']"
